"tenant_code","Z_Code","LocalCode","tan_cd","tan_Name","jun","jyuuryou"
"{00000000-0001-7000-8000-000000000000}","00070",1,1,"g",1.00,1.00
"{00000000-0001-7000-8000-000000000000}","00070",1,2,"kg",2.00,1000.00
"{00000000-0001-7000-8000-000000000000}","01001",2,1,"g",1.00,1.00
"{00000000-0001-7000-8000-000000000000}","01001",2,2,"kg",2.00,1000.00
"{00000000-0001-7000-8000-000000000000}","01002",3,1,"g",1.00,1.00
"{00000000-0001-7000-8000-000000000000}","01002",3,2,"kg",2.00,1000.00
"{00000000-0001-7000-8000-000000000000}","01003",4,1,"g",1.00,1.00
"{00000000-0001-7000-8000-000000000000}","01003",4,2,"kg",2.00,1000.00
"{00000000-0001-7000-8000-000000000000}","01004",5,1,"g",1.00,1.00
"{00000000-0001-7000-8000-000000000000}","01004",5,2,"kg",2.00,1000.00
"{00000000-0001-7000-8000-000000000000}","01005",6,1,"g",1.00,1.00
"{00000000-0001-7000-8000-000000000000}","01005",6,2,"kg",2.00,1000.00
"{00000000-0001-7000-8000-000000000000}","01006",7,1,"g",1.00,1.00
"{00000000-0001-7000-8000-000000000000}","01006",7,2,"kg",2.00,1000.00
"{00000000-0001-7000-8000-000000000000}","01007",8,1,"g",1.00,1.00
"{00000000-0001-7000-8000-000000000000}","01007",8,2,"kg",2.00,1000.00
"{00000000-0001-7000-8000-000000000000}","01008",9,1,"g",1.00,1.00
"{00000000-0001-7000-8000-000000000000}","01008",9,2,"kg",2.00,1000.00
"{00000000-0001-7000-8000-000000000000}","01009",10,1,"g",1.00,1.00
"{00000000-0001-7000-8000-000000000000}","01009",10,2,"kg",2.00,1000.00
"{00000000-0001-7000-8000-000000000000}","01010",11,1,"g",1.00,1.00
"{00000000-0001-7000-8000-000000000000}","01010",11,2,"kg",2.00,1000.00
"{00000000-0001-7000-8000-000000000000}","01011",12,1,"g",1.00,1.00
"{00000000-0001-7000-8000-000000000000}","01011",12,2,"kg",2.00,1000.00
"{00000000-0001-7000-8000-000000000000}","01012",13,1,"g",1.00,1.00
"{00000000-0001-7000-8000-000000000000}","01012",13,2,"kg",2.00,1000.00
"{00000000-0001-7000-8000-000000000000}","01013",14,1,"g",1.00,1.00
"{00000000-0001-7000-8000-000000000000}","01013",14,2,"kg",2.00,1000.00
"{00000000-0001-7000-8000-000000000000}","01014",15,1,"g",1.00,1.00
"{00000000-0001-7000-8000-000000000000}","01014",15,2,"kg",2.00,1000.00
"{00000000-0001-7000-8000-000000000000}","01015",16,1,"g",1.00,1.00
"{00000000-0001-7000-8000-000000000000}","01015",16,2,"kg",2.00,1000.00
"{00000000-0001-7000-8000-000000000000}","01016",17,1,"g",1.00,1.00
"{00000000-0001-7000-8000-000000000000}","01016",17,2,"kg",2.00,1000.00
"{00000000-0001-7000-8000-000000000000}","01018",18,1,"g",1.00,1.00
"{00000000-0001-7000-8000-000000000000}","01018",18,2,"kg",2.00,1000.00
"{00000000-0001-7000-8000-000000000000}","01019",19,1,"g",1.00,1.00
"{00000000-0001-7000-8000-000000000000}","01019",19,2,"kg",2.00,1000.00
"{00000000-0001-7000-8000-000000000000}","01020",20,1,"g",1.00,1.00
"{00000000-0001-7000-8000-000000000000}","01020",20,2,"kg",2.00,1000.00
"{00000000-0001-7000-8000-000000000000}","01021",21,1,"g",1.00,1.00
"{00000000-0001-7000-8000-000000000000}","01021",21,2,"kg",2.00,1000.00
"{00000000-0001-7000-8000-000000000000}","01023",22,1,"g",1.00,1.00
"{00000000-0001-7000-8000-000000000000}","01023",22,2,"kg",2.00,1000.00
"{00000000-0001-7000-8000-000000000000}","01024",23,1,"g",1.00,1.00
"{00000000-0001-7000-8000-000000000000}","01024",23,2,"kg",2.00,1000.00
"{00000000-0001-7000-8000-000000000000}","01025",24,1,"g",1.00,1.00
"{00000000-0001-7000-8000-000000000000}","01025",24,2,"kg",2.00,1000.00
"{00000000-0001-7000-8000-000000000000}","01026",25,1,"g",1.00,1.00
"{00000000-0001-7000-8000-000000000000}","01026",25,2,"kg",2.00,1000.00
"{00000000-0001-7000-8000-000000000000}","01028",26,1,"g",1.00,1.00
"{00000000-0001-7000-8000-000000000000}","01028",26,2,"kg",2.00,1000.00
"{00000000-0001-7000-8000-000000000000}","01030",27,1,"g",1.00,1.00
"{00000000-0001-7000-8000-000000000000}","01030",27,2,"kg",2.00,1000.00
"{00000000-0001-7000-8000-000000000000}","01031",28,1,"g",1.00,1.00
"{00000000-0001-7000-8000-000000000000}","01031",28,2,"kg",2.00,1000.00
"{00000000-0001-7000-8000-000000000000}","01032",29,1,"g",1.00,1.00
"{00000000-0001-7000-8000-000000000000}","01032",29,2,"kg",2.00,1000.00
"{00000000-0001-7000-8000-000000000000}","01033",30,1,"g",1.00,1.00
"{00000000-0001-7000-8000-000000000000}","01033",30,2,"kg",2.00,1000.00
"{00000000-0001-7000-8000-000000000000}","01034",31,1,"g",1.00,1.00
"{00000000-0001-7000-8000-000000000000}","01034",31,2,"kg",2.00,1000.00
"{00000000-0001-7000-8000-000000000000}","01035",32,1,"g",1.00,1.00
"{00000000-0001-7000-8000-000000000000}","01035",32,2,"kg",2.00,1000.00
"{00000000-0001-7000-8000-000000000000}","01036",33,1,"g",1.00,1.00
"{00000000-0001-7000-8000-000000000000}","01036",33,2,"kg",2.00,1000.00
"{00000000-0001-7000-8000-000000000000}","01037",34,1,"g",1.00,1.00
"{00000000-0001-7000-8000-000000000000}","01037",34,2,"kg",2.00,1000.00
"{00000000-0001-7000-8000-000000000000}","01038",35,1,"g",1.00,1.00
"{00000000-0001-7000-8000-000000000000}","01038",35,2,"kg",2.00,1000.00
"{00000000-0001-7000-8000-000000000000}","01039",36,1,"g",1.00,1.00
"{00000000-0001-7000-8000-000000000000}","01039",36,2,"kg",2.00,1000.00
"{00000000-0001-7000-8000-000000000000}","01041",37,1,"g",1.00,1.00
"{00000000-0001-7000-8000-000000000000}","01041",37,2,"kg",2.00,1000.00
"{00000000-0001-7000-8000-000000000000}","01042",38,1,"g",1.00,1.00
"{00000000-0001-7000-8000-000000000000}","01042",38,2,"kg",2.00,1000.00
"{00000000-0001-7000-8000-000000000000}","01043",39,1,"g",1.00,1.00
"{00000000-0001-7000-8000-000000000000}","01043",39,2,"kg",2.00,1000.00
"{00000000-0001-7000-8000-000000000000}","01044",40,1,"g",1.00,1.00
"{00000000-0001-7000-8000-000000000000}","01044",40,2,"kg",2.00,1000.00
"{00000000-0001-7000-8000-000000000000}","01045",41,1,"g",1.00,1.00
"{00000000-0001-7000-8000-000000000000}","01045",41,2,"kg",2.00,1000.00
"{00000000-0001-7000-8000-000000000000}","01046",42,1,"g",1.00,1.00
"{00000000-0001-7000-8000-000000000000}","01046",42,2,"kg",2.00,1000.00
"{00000000-0001-7000-8000-000000000000}","01047",43,1,"g",1.00,1.00
"{00000000-0001-7000-8000-000000000000}","01047",43,2,"kg",2.00,1000.00
"{00000000-0001-7000-8000-000000000000}","01048",44,1,"g",1.00,1.00
"{00000000-0001-7000-8000-000000000000}","01048",44,2,"kg",2.00,1000.00
"{00000000-0001-7000-8000-000000000000}","01049",45,1,"g",1.00,1.00
"{00000000-0001-7000-8000-000000000000}","01049",45,2,"kg",2.00,1000.00
"{00000000-0001-7000-8000-000000000000}","01050",46,1,"g",1.00,1.00
"{00000000-0001-7000-8000-000000000000}","01050",46,2,"kg",2.00,1000.00
"{00000000-0001-7000-8000-000000000000}","01051",47,1,"g",1.00,1.00
"{00000000-0001-7000-8000-000000000000}","01051",47,2,"kg",2.00,1000.00
"{00000000-0001-7000-8000-000000000000}","01052",48,1,"g",1.00,1.00
"{00000000-0001-7000-8000-000000000000}","01052",48,2,"kg",2.00,1000.00
"{00000000-0001-7000-8000-000000000000}","01053",49,1,"g",1.00,1.00
"{00000000-0001-7000-8000-000000000000}","01053",49,2,"kg",2.00,1000.00
"{00000000-0001-7000-8000-000000000000}","01054",50,1,"g",1.00,1.00
"{00000000-0001-7000-8000-000000000000}","01054",50,2,"kg",2.00,1000.00
"{00000000-0001-7000-8000-000000000000}","01055",51,1,"g",1.00,1.00
"{00000000-0001-7000-8000-000000000000}","01055",51,2,"kg",2.00,1000.00
"{00000000-0001-7000-8000-000000000000}","01056",52,1,"g",1.00,1.00
"{00000000-0001-7000-8000-000000000000}","01056",52,2,"kg",2.00,1000.00
"{00000000-0001-7000-8000-000000000000}","01057",53,1,"g",1.00,1.00
"{00000000-0001-7000-8000-000000000000}","01057",53,2,"kg",2.00,1000.00
"{00000000-0001-7000-8000-000000000000}","01058",54,1,"g",1.00,1.00
"{00000000-0001-7000-8000-000000000000}","01058",54,2,"kg",2.00,1000.00
"{00000000-0001-7000-8000-000000000000}","01060",55,1,"g",1.00,1.00
"{00000000-0001-7000-8000-000000000000}","01060",55,2,"kg",2.00,1000.00
"{00000000-0001-7000-8000-000000000000}","01061",56,1,"g",1.00,1.00
"{00000000-0001-7000-8000-000000000000}","01061",56,2,"kg",2.00,1000.00
"{00000000-0001-7000-8000-000000000000}","01062",57,1,"g",1.00,1.00
"{00000000-0001-7000-8000-000000000000}","01062",57,2,"kg",2.00,1000.00
"{00000000-0001-7000-8000-000000000000}","01063",58,1,"g",1.00,1.00
"{00000000-0001-7000-8000-000000000000}","01063",58,2,"kg",2.00,1000.00
"{00000000-0001-7000-8000-000000000000}","01064",59,1,"g",1.00,1.00
"{00000000-0001-7000-8000-000000000000}","01064",59,2,"kg",2.00,1000.00
"{00000000-0001-7000-8000-000000000000}","01065",60,1,"g",1.00,1.00
"{00000000-0001-7000-8000-000000000000}","01065",60,2,"kg",2.00,1000.00
"{00000000-0001-7000-8000-000000000000}","01066",61,1,"g",1.00,1.00
"{00000000-0001-7000-8000-000000000000}","01066",61,2,"kg",2.00,1000.00
"{00000000-0001-7000-8000-000000000000}","01067",62,1,"g",1.00,1.00
"{00000000-0001-7000-8000-000000000000}","01067",62,2,"kg",2.00,1000.00
"{00000000-0001-7000-8000-000000000000}","01068",63,1,"g",1.00,1.00
"{00000000-0001-7000-8000-000000000000}","01068",63,2,"kg",2.00,1000.00
"{00000000-0001-7000-8000-000000000000}","01069",64,1,"g",1.00,1.00
"{00000000-0001-7000-8000-000000000000}","01069",64,2,"kg",2.00,1000.00
"{00000000-0001-7000-8000-000000000000}","01070",65,1,"g",1.00,1.00
"{00000000-0001-7000-8000-000000000000}","01070",65,2,"kg",2.00,1000.00
"{00000000-0001-7000-8000-000000000000}","01071",66,1,"g",1.00,1.00
"{00000000-0001-7000-8000-000000000000}","01071",66,2,"kg",2.00,1000.00
"{00000000-0001-7000-8000-000000000000}","01072",67,1,"g",1.00,1.00
"{00000000-0001-7000-8000-000000000000}","01072",67,2,"kg",2.00,1000.00
"{00000000-0001-7000-8000-000000000000}","01073",68,1,"g",1.00,1.00
"{00000000-0001-7000-8000-000000000000}","01073",68,2,"kg",2.00,1000.00
"{00000000-0001-7000-8000-000000000000}","01074",69,1,"g",1.00,1.00
"{00000000-0001-7000-8000-000000000000}","01074",69,2,"kg",2.00,1000.00
"{00000000-0001-7000-8000-000000000000}","01075",70,1,"g",1.00,1.00
"{00000000-0001-7000-8000-000000000000}","01075",70,2,"kg",2.00,1000.00
"{00000000-0001-7000-8000-000000000000}","01076",71,1,"g",1.00,1.00
"{00000000-0001-7000-8000-000000000000}","01076",71,2,"kg",2.00,1000.00
"{00000000-0001-7000-8000-000000000000}","01077",72,1,"g",1.00,1.00
"{00000000-0001-7000-8000-000000000000}","01077",72,2,"kg",2.00,1000.00
"{00000000-0001-7000-8000-000000000000}","01078",73,1,"g",1.00,1.00
"{00000000-0001-7000-8000-000000000000}","01078",73,2,"kg",2.00,1000.00
"{00000000-0001-7000-8000-000000000000}","01079",74,1,"g",1.00,1.00
"{00000000-0001-7000-8000-000000000000}","01079",74,2,"kg",2.00,1000.00
"{00000000-0001-7000-8000-000000000000}","01080",75,1,"g",1.00,1.00
"{00000000-0001-7000-8000-000000000000}","01080",75,2,"kg",2.00,1000.00
"{00000000-0001-7000-8000-000000000000}","01081",76,1,"g",1.00,1.00
"{00000000-0001-7000-8000-000000000000}","01081",76,2,"kg",2.00,1000.00
"{00000000-0001-7000-8000-000000000000}","01082",77,1,"g",1.00,1.00
"{00000000-0001-7000-8000-000000000000}","01082",77,2,"kg",2.00,1000.00
"{00000000-0001-7000-8000-000000000000}","01083",78,1,"g",1.00,1.00
"{00000000-0001-7000-8000-000000000000}","01083",78,2,"kg",2.00,1000.00
"{00000000-0001-7000-8000-000000000000}","01084",79,1,"g",1.00,1.00
"{00000000-0001-7000-8000-000000000000}","01084",79,2,"kg",2.00,1000.00
"{00000000-0001-7000-8000-000000000000}","01085",80,1,"g",1.00,1.00
"{00000000-0001-7000-8000-000000000000}","01085",80,2,"kg",2.00,1000.00
"{00000000-0001-7000-8000-000000000000}","01086",81,1,"g",1.00,1.00
"{00000000-0001-7000-8000-000000000000}","01086",81,2,"kg",2.00,1000.00
"{00000000-0001-7000-8000-000000000000}","01087",82,1,"g",1.00,1.00
"{00000000-0001-7000-8000-000000000000}","01087",82,2,"kg",2.00,1000.00
"{00000000-0001-7000-8000-000000000000}","01088",83,1,"g",1.00,1.00
"{00000000-0001-7000-8000-000000000000}","01088",83,2,"kg",2.00,1000.00
"{00000000-0001-7000-8000-000000000000}","01089",84,1,"g",1.00,1.00
"{00000000-0001-7000-8000-000000000000}","01089",84,2,"kg",2.00,1000.00
"{00000000-0001-7000-8000-000000000000}","01090",85,1,"g",1.00,1.00
"{00000000-0001-7000-8000-000000000000}","01090",85,2,"kg",2.00,1000.00
"{00000000-0001-7000-8000-000000000000}","01091",86,1,"g",1.00,1.00
"{00000000-0001-7000-8000-000000000000}","01091",86,2,"kg",2.00,1000.00
"{00000000-0001-7000-8000-000000000000}","01092",87,1,"g",1.00,1.00
"{00000000-0001-7000-8000-000000000000}","01092",87,2,"kg",2.00,1000.00
"{00000000-0001-7000-8000-000000000000}","01093",88,1,"g",1.00,1.00
"{00000000-0001-7000-8000-000000000000}","01093",88,2,"kg",2.00,1000.00
"{00000000-0001-7000-8000-000000000000}","01094",89,1,"g",1.00,1.00
"{00000000-0001-7000-8000-000000000000}","01094",89,2,"kg",2.00,1000.00
"{00000000-0001-7000-8000-000000000000}","01095",90,1,"g",1.00,1.00
"{00000000-0001-7000-8000-000000000000}","01095",90,2,"kg",2.00,1000.00
"{00000000-0001-7000-8000-000000000000}","01096",91,1,"g",1.00,1.00
"{00000000-0001-7000-8000-000000000000}","01096",91,2,"kg",2.00,1000.00
"{00000000-0001-7000-8000-000000000000}","01097",92,1,"g",1.00,1.00
"{00000000-0001-7000-8000-000000000000}","01097",92,2,"kg",2.00,1000.00
"{00000000-0001-7000-8000-000000000000}","01098",93,1,"g",1.00,1.00
"{00000000-0001-7000-8000-000000000000}","01098",93,2,"kg",2.00,1000.00
"{00000000-0001-7000-8000-000000000000}","01099",94,1,"g",1.00,1.00
"{00000000-0001-7000-8000-000000000000}","01099",94,2,"kg",2.00,1000.00
"{00000000-0001-7000-8000-000000000000}","01100",95,1,"g",1.00,1.00
"{00000000-0001-7000-8000-000000000000}","01100",95,2,"kg",2.00,1000.00
"{00000000-0001-7000-8000-000000000000}","01101",96,1,"g",1.00,1.00
"{00000000-0001-7000-8000-000000000000}","01101",96,2,"kg",2.00,1000.00
"{00000000-0001-7000-8000-000000000000}","01102",97,1,"g",1.00,1.00
"{00000000-0001-7000-8000-000000000000}","01102",97,2,"kg",2.00,1000.00
"{00000000-0001-7000-8000-000000000000}","01103",98,1,"g",1.00,1.00
"{00000000-0001-7000-8000-000000000000}","01103",98,2,"kg",2.00,1000.00
"{00000000-0001-7000-8000-000000000000}","01104",99,1,"g",1.00,1.00
"{00000000-0001-7000-8000-000000000000}","01104",99,2,"kg",2.00,1000.00
"{00000000-0001-7000-8000-000000000000}","01105",100,1,"g",1.00,1.00
"{00000000-0001-7000-8000-000000000000}","01105",100,2,"kg",2.00,1000.00
"{00000000-0001-7000-8000-000000000000}","01106",101,1,"g",1.00,1.00
"{00000000-0001-7000-8000-000000000000}","01106",101,2,"kg",2.00,1000.00
"{00000000-0001-7000-8000-000000000000}","01107",102,1,"g",1.00,1.00
"{00000000-0001-7000-8000-000000000000}","01107",102,2,"kg",2.00,1000.00
"{00000000-0001-7000-8000-000000000000}","01108",103,1,"g",1.00,1.00
"{00000000-0001-7000-8000-000000000000}","01108",103,2,"kg",2.00,1000.00
"{00000000-0001-7000-8000-000000000000}","01109",104,1,"g",1.00,1.00
"{00000000-0001-7000-8000-000000000000}","01109",104,2,"kg",2.00,1000.00
"{00000000-0001-7000-8000-000000000000}","01110",105,1,"g",1.00,1.00
"{00000000-0001-7000-8000-000000000000}","01110",105,2,"kg",2.00,1000.00
"{00000000-0001-7000-8000-000000000000}","01111",106,1,"g",1.00,1.00
"{00000000-0001-7000-8000-000000000000}","01111",106,2,"kg",2.00,1000.00
"{00000000-0001-7000-8000-000000000000}","01112",107,1,"g",1.00,1.00
"{00000000-0001-7000-8000-000000000000}","01112",107,2,"kg",2.00,1000.00
"{00000000-0001-7000-8000-000000000000}","01113",108,1,"g",1.00,1.00
"{00000000-0001-7000-8000-000000000000}","01113",108,2,"kg",2.00,1000.00
"{00000000-0001-7000-8000-000000000000}","01114",109,1,"g",1.00,1.00
"{00000000-0001-7000-8000-000000000000}","01114",109,2,"kg",2.00,1000.00
"{00000000-0001-7000-8000-000000000000}","01115",110,1,"g",1.00,1.00
"{00000000-0001-7000-8000-000000000000}","01115",110,2,"kg",2.00,1000.00
"{00000000-0001-7000-8000-000000000000}","01116",111,1,"g",1.00,1.00
"{00000000-0001-7000-8000-000000000000}","01116",111,2,"kg",2.00,1000.00
"{00000000-0001-7000-8000-000000000000}","01117",112,1,"g",1.00,1.00
"{00000000-0001-7000-8000-000000000000}","01117",112,2,"kg",2.00,1000.00
"{00000000-0001-7000-8000-000000000000}","01118",113,1,"g",1.00,1.00
"{00000000-0001-7000-8000-000000000000}","01118",113,2,"kg",2.00,1000.00
"{00000000-0001-7000-8000-000000000000}","01119",114,1,"g",1.00,1.00
"{00000000-0001-7000-8000-000000000000}","01119",114,2,"kg",2.00,1000.00
"{00000000-0001-7000-8000-000000000000}","01120",115,1,"g",1.00,1.00
"{00000000-0001-7000-8000-000000000000}","01120",115,2,"kg",2.00,1000.00
"{00000000-0001-7000-8000-000000000000}","01121",116,1,"g",1.00,1.00
"{00000000-0001-7000-8000-000000000000}","01121",116,2,"kg",2.00,1000.00
"{00000000-0001-7000-8000-000000000000}","01122",117,1,"g",1.00,1.00
"{00000000-0001-7000-8000-000000000000}","01122",117,2,"kg",2.00,1000.00
"{00000000-0001-7000-8000-000000000000}","01123",118,1,"g",1.00,1.00
"{00000000-0001-7000-8000-000000000000}","01123",118,2,"kg",2.00,1000.00
"{00000000-0001-7000-8000-000000000000}","01124",119,1,"g",1.00,1.00
"{00000000-0001-7000-8000-000000000000}","01124",119,2,"kg",2.00,1000.00
"{00000000-0001-7000-8000-000000000000}","01125",120,1,"g",1.00,1.00
"{00000000-0001-7000-8000-000000000000}","01125",120,2,"kg",2.00,1000.00
"{00000000-0001-7000-8000-000000000000}","01126",121,1,"g",1.00,1.00
"{00000000-0001-7000-8000-000000000000}","01126",121,2,"kg",2.00,1000.00
"{00000000-0001-7000-8000-000000000000}","01127",122,1,"g",1.00,1.00
"{00000000-0001-7000-8000-000000000000}","01127",122,2,"kg",2.00,1000.00
"{00000000-0001-7000-8000-000000000000}","01128",123,1,"g",1.00,1.00
"{00000000-0001-7000-8000-000000000000}","01128",123,2,"kg",2.00,1000.00
"{00000000-0001-7000-8000-000000000000}","01129",124,1,"g",1.00,1.00
"{00000000-0001-7000-8000-000000000000}","01129",124,2,"kg",2.00,1000.00
"{00000000-0001-7000-8000-000000000000}","01130",125,1,"g",1.00,1.00
"{00000000-0001-7000-8000-000000000000}","01130",125,2,"kg",2.00,1000.00
"{00000000-0001-7000-8000-000000000000}","01131",126,1,"g",1.00,1.00
"{00000000-0001-7000-8000-000000000000}","01131",126,2,"kg",2.00,1000.00
"{00000000-0001-7000-8000-000000000000}","01132",127,1,"g",1.00,1.00
"{00000000-0001-7000-8000-000000000000}","01132",127,2,"kg",2.00,1000.00
"{00000000-0001-7000-8000-000000000000}","01133",128,1,"g",1.00,1.00
"{00000000-0001-7000-8000-000000000000}","01133",128,2,"kg",2.00,1000.00
"{00000000-0001-7000-8000-000000000000}","01134",129,1,"g",1.00,1.00
"{00000000-0001-7000-8000-000000000000}","01134",129,2,"kg",2.00,1000.00
"{00000000-0001-7000-8000-000000000000}","01135",130,1,"g",1.00,1.00
"{00000000-0001-7000-8000-000000000000}","01135",130,2,"kg",2.00,1000.00
"{00000000-0001-7000-8000-000000000000}","01136",131,1,"g",1.00,1.00
"{00000000-0001-7000-8000-000000000000}","01136",131,2,"kg",2.00,1000.00
"{00000000-0001-7000-8000-000000000000}","01137",132,1,"g",1.00,1.00
"{00000000-0001-7000-8000-000000000000}","01137",132,2,"kg",2.00,1000.00
"{00000000-0001-7000-8000-000000000000}","01138",133,1,"g",1.00,1.00
"{00000000-0001-7000-8000-000000000000}","01138",133,2,"kg",2.00,1000.00
"{00000000-0001-7000-8000-000000000000}","01139",134,1,"g",1.00,1.00
"{00000000-0001-7000-8000-000000000000}","01139",134,2,"kg",2.00,1000.00
"{00000000-0001-7000-8000-000000000000}","01140",135,1,"g",1.00,1.00
"{00000000-0001-7000-8000-000000000000}","01140",135,2,"kg",2.00,1000.00
"{00000000-0001-7000-8000-000000000000}","01141",136,1,"g",1.00,1.00
"{00000000-0001-7000-8000-000000000000}","01141",136,2,"kg",2.00,1000.00
"{00000000-0001-7000-8000-000000000000}","01142",137,1,"g",1.00,1.00
"{00000000-0001-7000-8000-000000000000}","01142",137,2,"kg",2.00,1000.00
"{00000000-0001-7000-8000-000000000000}","01143",138,1,"g",1.00,1.00
"{00000000-0001-7000-8000-000000000000}","01143",138,2,"kg",2.00,1000.00
"{00000000-0001-7000-8000-000000000000}","01144",139,1,"g",1.00,1.00
"{00000000-0001-7000-8000-000000000000}","01144",139,2,"kg",2.00,1000.00
"{00000000-0001-7000-8000-000000000000}","01145",140,1,"g",1.00,1.00
"{00000000-0001-7000-8000-000000000000}","01145",140,2,"kg",2.00,1000.00
"{00000000-0001-7000-8000-000000000000}","01146",141,1,"g",1.00,1.00
"{00000000-0001-7000-8000-000000000000}","01146",141,2,"kg",2.00,1000.00
"{00000000-0001-7000-8000-000000000000}","01147",142,1,"g",1.00,1.00
"{00000000-0001-7000-8000-000000000000}","01147",142,2,"kg",2.00,1000.00
"{00000000-0001-7000-8000-000000000000}","01148",143,1,"g",1.00,1.00
"{00000000-0001-7000-8000-000000000000}","01148",143,2,"kg",2.00,1000.00
"{00000000-0001-7000-8000-000000000000}","01149",144,1,"g",1.00,1.00
"{00000000-0001-7000-8000-000000000000}","01149",144,2,"kg",2.00,1000.00
"{00000000-0001-7000-8000-000000000000}","01150",145,1,"g",1.00,1.00
"{00000000-0001-7000-8000-000000000000}","01150",145,2,"kg",2.00,1000.00
"{00000000-0001-7000-8000-000000000000}","01151",146,1,"g",1.00,1.00
"{00000000-0001-7000-8000-000000000000}","01151",146,2,"kg",2.00,1000.00
"{00000000-0001-7000-8000-000000000000}","01152",147,1,"g",1.00,1.00
"{00000000-0001-7000-8000-000000000000}","01152",147,2,"kg",2.00,1000.00
"{00000000-0001-7000-8000-000000000000}","01153",148,1,"g",1.00,1.00
"{00000000-0001-7000-8000-000000000000}","01153",148,2,"kg",2.00,1000.00
"{00000000-0001-7000-8000-000000000000}","01154",149,1,"g",1.00,1.00
"{00000000-0001-7000-8000-000000000000}","01154",149,2,"kg",2.00,1000.00
"{00000000-0001-7000-8000-000000000000}","01155",150,1,"g",1.00,1.00
"{00000000-0001-7000-8000-000000000000}","01155",150,2,"kg",2.00,1000.00
"{00000000-0001-7000-8000-000000000000}","01156",151,1,"g",1.00,1.00
"{00000000-0001-7000-8000-000000000000}","01156",151,2,"kg",2.00,1000.00
"{00000000-0001-7000-8000-000000000000}","01157",152,1,"g",1.00,1.00
"{00000000-0001-7000-8000-000000000000}","01157",152,2,"kg",2.00,1000.00
"{00000000-0001-7000-8000-000000000000}","01158",153,1,"g",1.00,1.00
"{00000000-0001-7000-8000-000000000000}","01158",153,2,"kg",2.00,1000.00
"{00000000-0001-7000-8000-000000000000}","01159",154,1,"g",1.00,1.00
"{00000000-0001-7000-8000-000000000000}","01159",154,2,"kg",2.00,1000.00
"{00000000-0001-7000-8000-000000000000}","01160",155,1,"g",1.00,1.00
"{00000000-0001-7000-8000-000000000000}","01160",155,2,"kg",2.00,1000.00
"{00000000-0001-7000-8000-000000000000}","01161",156,1,"g",1.00,1.00
"{00000000-0001-7000-8000-000000000000}","01161",156,2,"kg",2.00,1000.00
"{00000000-0001-7000-8000-000000000000}","01162",157,1,"g",1.00,1.00
"{00000000-0001-7000-8000-000000000000}","01162",157,2,"kg",2.00,1000.00
"{00000000-0001-7000-8000-000000000000}","01163",158,1,"g",1.00,1.00
"{00000000-0001-7000-8000-000000000000}","01163",158,2,"kg",2.00,1000.00
"{00000000-0001-7000-8000-000000000000}","01164",159,1,"g",1.00,1.00
"{00000000-0001-7000-8000-000000000000}","01164",159,2,"kg",2.00,1000.00
"{00000000-0001-7000-8000-000000000000}","01165",160,1,"g",1.00,1.00
"{00000000-0001-7000-8000-000000000000}","01165",160,2,"kg",2.00,1000.00
"{00000000-0001-7000-8000-000000000000}","01167",161,1,"g",1.00,1.00
"{00000000-0001-7000-8000-000000000000}","01167",161,2,"kg",2.00,1000.00
"{00000000-0001-7000-8000-000000000000}","01168",162,1,"g",1.00,1.00
"{00000000-0001-7000-8000-000000000000}","01168",162,2,"kg",2.00,1000.00
"{00000000-0001-7000-8000-000000000000}","01169",163,1,"g",1.00,1.00
"{00000000-0001-7000-8000-000000000000}","01169",163,2,"kg",2.00,1000.00
"{00000000-0001-7000-8000-000000000000}","01170",164,1,"g",1.00,1.00
"{00000000-0001-7000-8000-000000000000}","01170",164,2,"kg",2.00,1000.00
"{00000000-0001-7000-8000-000000000000}","01171",165,1,"g",1.00,1.00
"{00000000-0001-7000-8000-000000000000}","01171",165,2,"kg",2.00,1000.00
"{00000000-0001-7000-8000-000000000000}","01172",166,1,"g",1.00,1.00
"{00000000-0001-7000-8000-000000000000}","01172",166,2,"kg",2.00,1000.00
"{00000000-0001-7000-8000-000000000000}","01173",167,1,"g",1.00,1.00
"{00000000-0001-7000-8000-000000000000}","01173",167,2,"kg",2.00,1000.00
"{00000000-0001-7000-8000-000000000000}","01174",168,1,"g",1.00,1.00
"{00000000-0001-7000-8000-000000000000}","01174",168,2,"kg",2.00,1000.00
"{00000000-0001-7000-8000-000000000000}","01175",169,1,"g",1.00,1.00
"{00000000-0001-7000-8000-000000000000}","01175",169,2,"kg",2.00,1000.00
"{00000000-0001-7000-8000-000000000000}","01176",170,1,"g",1.00,1.00
"{00000000-0001-7000-8000-000000000000}","01176",170,2,"kg",2.00,1000.00
"{00000000-0001-7000-8000-000000000000}","01177",171,1,"g",1.00,1.00
"{00000000-0001-7000-8000-000000000000}","01177",171,2,"kg",2.00,1000.00
"{00000000-0001-7000-8000-000000000000}","01178",172,1,"g",1.00,1.00
"{00000000-0001-7000-8000-000000000000}","01178",172,2,"kg",2.00,1000.00
"{00000000-0001-7000-8000-000000000000}","01179",173,1,"g",1.00,1.00
"{00000000-0001-7000-8000-000000000000}","01179",173,2,"kg",2.00,1000.00
"{00000000-0001-7000-8000-000000000000}","01180",174,1,"g",1.00,1.00
"{00000000-0001-7000-8000-000000000000}","01180",174,2,"kg",2.00,1000.00
"{00000000-0001-7000-8000-000000000000}","01181",175,1,"g",1.00,1.00
"{00000000-0001-7000-8000-000000000000}","01181",175,2,"kg",2.00,1000.00
"{00000000-0001-7000-8000-000000000000}","01182",176,1,"g",1.00,1.00
"{00000000-0001-7000-8000-000000000000}","01182",176,2,"kg",2.00,1000.00
"{00000000-0001-7000-8000-000000000000}","01183",177,1,"g",1.00,1.00
"{00000000-0001-7000-8000-000000000000}","01183",177,2,"kg",2.00,1000.00
"{00000000-0001-7000-8000-000000000000}","01184",178,1,"g",1.00,1.00
"{00000000-0001-7000-8000-000000000000}","01184",178,2,"kg",2.00,1000.00
"{00000000-0001-7000-8000-000000000000}","01185",179,1,"g",1.00,1.00
"{00000000-0001-7000-8000-000000000000}","01185",179,2,"kg",2.00,1000.00
"{00000000-0001-7000-8000-000000000000}","01186",180,1,"g",1.00,1.00
"{00000000-0001-7000-8000-000000000000}","01186",180,2,"kg",2.00,1000.00
"{00000000-0001-7000-8000-000000000000}","01187",181,1,"g",1.00,1.00
"{00000000-0001-7000-8000-000000000000}","01187",181,2,"kg",2.00,1000.00
"{00000000-0001-7000-8000-000000000000}","01188",182,1,"g",1.00,1.00
"{00000000-0001-7000-8000-000000000000}","01188",182,2,"kg",2.00,1000.00
"{00000000-0001-7000-8000-000000000000}","01189",183,1,"g",1.00,1.00
"{00000000-0001-7000-8000-000000000000}","01189",183,2,"kg",2.00,1000.00
"{00000000-0001-7000-8000-000000000000}","01190",184,1,"g",1.00,1.00
"{00000000-0001-7000-8000-000000000000}","01190",184,2,"kg",2.00,1000.00
"{00000000-0001-7000-8000-000000000000}","01191",185,1,"g",1.00,1.00
"{00000000-0001-7000-8000-000000000000}","01191",185,2,"kg",2.00,1000.00
"{00000000-0001-7000-8000-000000000000}","01192",186,1,"g",1.00,1.00
"{00000000-0001-7000-8000-000000000000}","01192",186,2,"kg",2.00,1000.00
"{00000000-0001-7000-8000-000000000000}","01193",187,1,"g",1.00,1.00
"{00000000-0001-7000-8000-000000000000}","01193",187,2,"kg",2.00,1000.00
"{00000000-0001-7000-8000-000000000000}","01194",188,1,"g",1.00,1.00
"{00000000-0001-7000-8000-000000000000}","01194",188,2,"kg",2.00,1000.00
"{00000000-0001-7000-8000-000000000000}","01195",189,1,"g",1.00,1.00
"{00000000-0001-7000-8000-000000000000}","01195",189,2,"kg",2.00,1000.00
"{00000000-0001-7000-8000-000000000000}","01196",190,1,"g",1.00,1.00
"{00000000-0001-7000-8000-000000000000}","01196",190,2,"kg",2.00,1000.00
"{00000000-0001-7000-8000-000000000000}","01197",191,1,"g",1.00,1.00
"{00000000-0001-7000-8000-000000000000}","01197",191,2,"kg",2.00,1000.00
"{00000000-0001-7000-8000-000000000000}","01198",192,1,"g",1.00,1.00
"{00000000-0001-7000-8000-000000000000}","01198",192,2,"kg",2.00,1000.00
"{00000000-0001-7000-8000-000000000000}","01199",193,1,"g",1.00,1.00
"{00000000-0001-7000-8000-000000000000}","01199",193,2,"kg",2.00,1000.00
"{00000000-0001-7000-8000-000000000000}","01200",194,1,"g",1.00,1.00
"{00000000-0001-7000-8000-000000000000}","01200",194,2,"kg",2.00,1000.00
"{00000000-0001-7000-8000-000000000000}","01201",195,1,"g",1.00,1.00
"{00000000-0001-7000-8000-000000000000}","01201",195,2,"kg",2.00,1000.00
"{00000000-0001-7000-8000-000000000000}","01202",196,1,"g",1.00,1.00
"{00000000-0001-7000-8000-000000000000}","01202",196,2,"kg",2.00,1000.00
"{00000000-0001-7000-8000-000000000000}","01203",197,1,"g",1.00,1.00
"{00000000-0001-7000-8000-000000000000}","01203",197,2,"kg",2.00,1000.00
"{00000000-0001-7000-8000-000000000000}","01204",198,1,"g",1.00,1.00
"{00000000-0001-7000-8000-000000000000}","01204",198,2,"kg",2.00,1000.00
"{00000000-0001-7000-8000-000000000000}","01205",199,1,"g",1.00,1.00
"{00000000-0001-7000-8000-000000000000}","01205",199,2,"kg",2.00,1000.00
"{00000000-0001-7000-8000-000000000000}","01206",200,1,"g",1.00,1.00
"{00000000-0001-7000-8000-000000000000}","01206",200,2,"kg",2.00,1000.00
"{00000000-0001-7000-8000-000000000000}","01207",201,1,"g",1.00,1.00
"{00000000-0001-7000-8000-000000000000}","01207",201,2,"kg",2.00,1000.00
"{00000000-0001-7000-8000-000000000000}","01208",202,1,"g",1.00,1.00
"{00000000-0001-7000-8000-000000000000}","01208",202,2,"kg",2.00,1000.00
"{00000000-0001-7000-8000-000000000000}","01209",203,1,"g",1.00,1.00
"{00000000-0001-7000-8000-000000000000}","01209",203,2,"kg",2.00,1000.00
"{00000000-0001-7000-8000-000000000000}","01210",204,1,"g",1.00,1.00
"{00000000-0001-7000-8000-000000000000}","01210",204,2,"kg",2.00,1000.00
"{00000000-0001-7000-8000-000000000000}","01211",205,1,"g",1.00,1.00
"{00000000-0001-7000-8000-000000000000}","01211",205,2,"kg",2.00,1000.00
"{00000000-0001-7000-8000-000000000000}","01212",206,1,"g",1.00,1.00
"{00000000-0001-7000-8000-000000000000}","01212",206,2,"kg",2.00,1000.00
"{00000000-0001-7000-8000-000000000000}","02001",207,1,"g",1.00,1.00
"{00000000-0001-7000-8000-000000000000}","02001",207,2,"kg",2.00,1000.00
"{00000000-0001-7000-8000-000000000000}","02002",208,1,"g",1.00,1.00
"{00000000-0001-7000-8000-000000000000}","02002",208,2,"kg",2.00,1000.00
"{00000000-0001-7000-8000-000000000000}","02003",209,1,"g",1.00,1.00
"{00000000-0001-7000-8000-000000000000}","02003",209,2,"kg",2.00,1000.00
"{00000000-0001-7000-8000-000000000000}","02004",210,1,"g",1.00,1.00
"{00000000-0001-7000-8000-000000000000}","02004",210,2,"kg",2.00,1000.00
"{00000000-0001-7000-8000-000000000000}","02005",211,1,"g",1.00,1.00
"{00000000-0001-7000-8000-000000000000}","02005",211,2,"kg",2.00,1000.00
"{00000000-0001-7000-8000-000000000000}","02006",212,1,"g",1.00,1.00
"{00000000-0001-7000-8000-000000000000}","02006",212,2,"kg",2.00,1000.00
"{00000000-0001-7000-8000-000000000000}","02007",213,1,"g",1.00,1.00
"{00000000-0001-7000-8000-000000000000}","02007",213,2,"kg",2.00,1000.00
"{00000000-0001-7000-8000-000000000000}","02008",214,1,"g",1.00,1.00
"{00000000-0001-7000-8000-000000000000}","02008",214,2,"kg",2.00,1000.00
"{00000000-0001-7000-8000-000000000000}","02009",215,1,"g",1.00,1.00
"{00000000-0001-7000-8000-000000000000}","02009",215,2,"kg",2.00,1000.00
"{00000000-0001-7000-8000-000000000000}","02010",216,1,"g",1.00,1.00
"{00000000-0001-7000-8000-000000000000}","02010",216,2,"kg",2.00,1000.00
"{00000000-0001-7000-8000-000000000000}","02011",217,1,"g",1.00,1.00
"{00000000-0001-7000-8000-000000000000}","02011",217,2,"kg",2.00,1000.00
"{00000000-0001-7000-8000-000000000000}","02012",218,1,"g",1.00,1.00
"{00000000-0001-7000-8000-000000000000}","02012",218,2,"kg",2.00,1000.00
"{00000000-0001-7000-8000-000000000000}","02013",219,1,"g",1.00,1.00
"{00000000-0001-7000-8000-000000000000}","02013",219,2,"kg",2.00,1000.00
"{00000000-0001-7000-8000-000000000000}","02014",220,1,"g",1.00,1.00
"{00000000-0001-7000-8000-000000000000}","02014",220,2,"kg",2.00,1000.00
"{00000000-0001-7000-8000-000000000000}","02015",221,1,"g",1.00,1.00
"{00000000-0001-7000-8000-000000000000}","02015",221,2,"kg",2.00,1000.00
"{00000000-0001-7000-8000-000000000000}","02016",222,1,"g",1.00,1.00
"{00000000-0001-7000-8000-000000000000}","02016",222,2,"kg",2.00,1000.00
"{00000000-0001-7000-8000-000000000000}","02017",223,1,"g",1.00,1.00
"{00000000-0001-7000-8000-000000000000}","02017",223,2,"kg",2.00,1000.00
"{00000000-0001-7000-8000-000000000000}","02018",224,1,"g",1.00,1.00
"{00000000-0001-7000-8000-000000000000}","02018",224,2,"kg",2.00,1000.00
"{00000000-0001-7000-8000-000000000000}","02019",225,1,"g",1.00,1.00
"{00000000-0001-7000-8000-000000000000}","02019",225,2,"kg",2.00,1000.00
"{00000000-0001-7000-8000-000000000000}","02020",226,1,"g",1.00,1.00
"{00000000-0001-7000-8000-000000000000}","02020",226,2,"kg",2.00,1000.00
"{00000000-0001-7000-8000-000000000000}","02021",227,1,"g",1.00,1.00
"{00000000-0001-7000-8000-000000000000}","02021",227,2,"kg",2.00,1000.00
"{00000000-0001-7000-8000-000000000000}","02022",228,1,"g",1.00,1.00
"{00000000-0001-7000-8000-000000000000}","02022",228,2,"kg",2.00,1000.00
"{00000000-0001-7000-8000-000000000000}","02023",229,1,"g",1.00,1.00
"{00000000-0001-7000-8000-000000000000}","02023",229,2,"kg",2.00,1000.00
"{00000000-0001-7000-8000-000000000000}","02024",230,1,"g",1.00,1.00
"{00000000-0001-7000-8000-000000000000}","02024",230,2,"kg",2.00,1000.00
"{00000000-0001-7000-8000-000000000000}","02025",231,1,"g",1.00,1.00
"{00000000-0001-7000-8000-000000000000}","02025",231,2,"kg",2.00,1000.00
"{00000000-0001-7000-8000-000000000000}","02026",232,1,"g",1.00,1.00
"{00000000-0001-7000-8000-000000000000}","02026",232,2,"kg",2.00,1000.00
"{00000000-0001-7000-8000-000000000000}","02027",233,1,"g",1.00,1.00
"{00000000-0001-7000-8000-000000000000}","02027",233,2,"kg",2.00,1000.00
"{00000000-0001-7000-8000-000000000000}","02028",234,1,"g",1.00,1.00
"{00000000-0001-7000-8000-000000000000}","02028",234,2,"kg",2.00,1000.00
"{00000000-0001-7000-8000-000000000000}","02029",235,1,"g",1.00,1.00
"{00000000-0001-7000-8000-000000000000}","02029",235,2,"kg",2.00,1000.00
"{00000000-0001-7000-8000-000000000000}","02030",236,1,"g",1.00,1.00
"{00000000-0001-7000-8000-000000000000}","02030",236,2,"kg",2.00,1000.00
"{00000000-0001-7000-8000-000000000000}","02031",237,1,"g",1.00,1.00
"{00000000-0001-7000-8000-000000000000}","02031",237,2,"kg",2.00,1000.00
"{00000000-0001-7000-8000-000000000000}","02032",238,1,"g",1.00,1.00
"{00000000-0001-7000-8000-000000000000}","02032",238,2,"kg",2.00,1000.00
"{00000000-0001-7000-8000-000000000000}","02033",239,1,"g",1.00,1.00
"{00000000-0001-7000-8000-000000000000}","02033",239,2,"kg",2.00,1000.00
"{00000000-0001-7000-8000-000000000000}","02034",240,1,"g",1.00,1.00
"{00000000-0001-7000-8000-000000000000}","02034",240,2,"kg",2.00,1000.00
"{00000000-0001-7000-8000-000000000000}","02035",241,1,"g",1.00,1.00
"{00000000-0001-7000-8000-000000000000}","02035",241,2,"kg",2.00,1000.00
"{00000000-0001-7000-8000-000000000000}","02036",242,1,"g",1.00,1.00
"{00000000-0001-7000-8000-000000000000}","02036",242,2,"kg",2.00,1000.00
"{00000000-0001-7000-8000-000000000000}","02037",243,1,"g",1.00,1.00
"{00000000-0001-7000-8000-000000000000}","02037",243,2,"kg",2.00,1000.00
"{00000000-0001-7000-8000-000000000000}","02038",244,1,"g",1.00,1.00
"{00000000-0001-7000-8000-000000000000}","02038",244,2,"kg",2.00,1000.00
"{00000000-0001-7000-8000-000000000000}","02039",245,1,"g",1.00,1.00
"{00000000-0001-7000-8000-000000000000}","02039",245,2,"kg",2.00,1000.00
"{00000000-0001-7000-8000-000000000000}","02040",246,1,"g",1.00,1.00
"{00000000-0001-7000-8000-000000000000}","02040",246,2,"kg",2.00,1000.00
"{00000000-0001-7000-8000-000000000000}","02041",247,1,"g",1.00,1.00
"{00000000-0001-7000-8000-000000000000}","02041",247,2,"kg",2.00,1000.00
"{00000000-0001-7000-8000-000000000000}","02042",248,1,"g",1.00,1.00
"{00000000-0001-7000-8000-000000000000}","02042",248,2,"kg",2.00,1000.00
"{00000000-0001-7000-8000-000000000000}","02043",249,1,"g",1.00,1.00
"{00000000-0001-7000-8000-000000000000}","02043",249,2,"kg",2.00,1000.00
"{00000000-0001-7000-8000-000000000000}","02044",250,1,"g",1.00,1.00
"{00000000-0001-7000-8000-000000000000}","02044",250,2,"kg",2.00,1000.00
"{00000000-0001-7000-8000-000000000000}","02045",251,1,"g",1.00,1.00
"{00000000-0001-7000-8000-000000000000}","02045",251,2,"kg",2.00,1000.00
"{00000000-0001-7000-8000-000000000000}","02046",252,1,"g",1.00,1.00
"{00000000-0001-7000-8000-000000000000}","02046",252,2,"kg",2.00,1000.00
"{00000000-0001-7000-8000-000000000000}","02047",253,1,"g",1.00,1.00
"{00000000-0001-7000-8000-000000000000}","02047",253,2,"kg",2.00,1000.00
"{00000000-0001-7000-8000-000000000000}","02048",254,1,"g",1.00,1.00
"{00000000-0001-7000-8000-000000000000}","02048",254,2,"kg",2.00,1000.00
"{00000000-0001-7000-8000-000000000000}","02049",255,1,"g",1.00,1.00
"{00000000-0001-7000-8000-000000000000}","02049",255,2,"kg",2.00,1000.00
"{00000000-0001-7000-8000-000000000000}","02050",256,1,"g",1.00,1.00
"{00000000-0001-7000-8000-000000000000}","02050",256,2,"kg",2.00,1000.00
"{00000000-0001-7000-8000-000000000000}","02051",257,1,"g",1.00,1.00
"{00000000-0001-7000-8000-000000000000}","02051",257,2,"kg",2.00,1000.00
"{00000000-0001-7000-8000-000000000000}","02052",258,1,"g",1.00,1.00
"{00000000-0001-7000-8000-000000000000}","02052",258,2,"kg",2.00,1000.00
"{00000000-0001-7000-8000-000000000000}","02053",259,1,"g",1.00,1.00
"{00000000-0001-7000-8000-000000000000}","02053",259,2,"kg",2.00,1000.00
"{00000000-0001-7000-8000-000000000000}","02054",260,1,"g",1.00,1.00
"{00000000-0001-7000-8000-000000000000}","02054",260,2,"kg",2.00,1000.00
"{00000000-0001-7000-8000-000000000000}","02055",261,1,"g",1.00,1.00
"{00000000-0001-7000-8000-000000000000}","02055",261,2,"kg",2.00,1000.00
"{00000000-0001-7000-8000-000000000000}","02056",262,1,"g",1.00,1.00
"{00000000-0001-7000-8000-000000000000}","02056",262,2,"kg",2.00,1000.00
"{00000000-0001-7000-8000-000000000000}","02057",263,1,"g",1.00,1.00
"{00000000-0001-7000-8000-000000000000}","02057",263,2,"kg",2.00,1000.00
"{00000000-0001-7000-8000-000000000000}","02058",264,1,"g",1.00,1.00
"{00000000-0001-7000-8000-000000000000}","02058",264,2,"kg",2.00,1000.00
"{00000000-0001-7000-8000-000000000000}","02059",265,1,"g",1.00,1.00
"{00000000-0001-7000-8000-000000000000}","02059",265,2,"kg",2.00,1000.00
"{00000000-0001-7000-8000-000000000000}","02060",266,1,"g",1.00,1.00
"{00000000-0001-7000-8000-000000000000}","02060",266,2,"kg",2.00,1000.00
"{00000000-0001-7000-8000-000000000000}","02061",267,1,"g",1.00,1.00
"{00000000-0001-7000-8000-000000000000}","02061",267,2,"kg",2.00,1000.00
"{00000000-0001-7000-8000-000000000000}","02062",268,1,"g",1.00,1.00
"{00000000-0001-7000-8000-000000000000}","02062",268,2,"kg",2.00,1000.00
"{00000000-0001-7000-8000-000000000000}","02063",269,1,"g",1.00,1.00
"{00000000-0001-7000-8000-000000000000}","02063",269,2,"kg",2.00,1000.00
"{00000000-0001-7000-8000-000000000000}","02064",270,1,"g",1.00,1.00
"{00000000-0001-7000-8000-000000000000}","02064",270,2,"kg",2.00,1000.00
"{00000000-0001-7000-8000-000000000000}","02065",271,1,"g",1.00,1.00
"{00000000-0001-7000-8000-000000000000}","02065",271,2,"kg",2.00,1000.00
"{00000000-0001-7000-8000-000000000000}","02066",272,1,"g",1.00,1.00
"{00000000-0001-7000-8000-000000000000}","02066",272,2,"kg",2.00,1000.00
"{00000000-0001-7000-8000-000000000000}","02067",273,1,"g",1.00,1.00
"{00000000-0001-7000-8000-000000000000}","02067",273,2,"kg",2.00,1000.00
"{00000000-0001-7000-8000-000000000000}","02068",274,1,"g",1.00,1.00
"{00000000-0001-7000-8000-000000000000}","02068",274,2,"kg",2.00,1000.00
"{00000000-0001-7000-8000-000000000000}","02069",275,1,"g",1.00,1.00
"{00000000-0001-7000-8000-000000000000}","02069",275,2,"kg",2.00,1000.00
"{00000000-0001-7000-8000-000000000000}","02070",276,1,"g",1.00,1.00
"{00000000-0001-7000-8000-000000000000}","02070",276,2,"kg",2.00,1000.00
"{00000000-0001-7000-8000-000000000000}","03001",277,1,"g",1.00,1.00
"{00000000-0001-7000-8000-000000000000}","03001",277,2,"kg",2.00,1000.00
"{00000000-0001-7000-8000-000000000000}","03002",278,1,"g",1.00,1.00
"{00000000-0001-7000-8000-000000000000}","03002",278,2,"kg",2.00,1000.00
"{00000000-0001-7000-8000-000000000000}","03003",279,1,"g",1.00,1.00
"{00000000-0001-7000-8000-000000000000}","03003",279,2,"kg",2.00,1000.00
"{00000000-0001-7000-8000-000000000000}","03004",280,1,"g",1.00,1.00
"{00000000-0001-7000-8000-000000000000}","03004",280,2,"kg",2.00,1000.00
"{00000000-0001-7000-8000-000000000000}","03005",281,1,"g",1.00,1.00
"{00000000-0001-7000-8000-000000000000}","03005",281,2,"kg",2.00,1000.00
"{00000000-0001-7000-8000-000000000000}","03006",282,1,"g",1.00,1.00
"{00000000-0001-7000-8000-000000000000}","03006",282,2,"kg",2.00,1000.00
"{00000000-0001-7000-8000-000000000000}","03007",283,1,"g",1.00,1.00
"{00000000-0001-7000-8000-000000000000}","03007",283,2,"kg",2.00,1000.00
"{00000000-0001-7000-8000-000000000000}","03008",284,1,"g",1.00,1.00
"{00000000-0001-7000-8000-000000000000}","03008",284,2,"kg",2.00,1000.00
"{00000000-0001-7000-8000-000000000000}","03009",285,1,"g",1.00,1.00
"{00000000-0001-7000-8000-000000000000}","03009",285,2,"kg",2.00,1000.00
"{00000000-0001-7000-8000-000000000000}","03010",286,1,"g",1.00,1.00
"{00000000-0001-7000-8000-000000000000}","03010",286,2,"kg",2.00,1000.00
"{00000000-0001-7000-8000-000000000000}","03011",287,1,"g",1.00,1.00
"{00000000-0001-7000-8000-000000000000}","03011",287,2,"kg",2.00,1000.00
"{00000000-0001-7000-8000-000000000000}","03012",288,1,"g",1.00,1.00
"{00000000-0001-7000-8000-000000000000}","03012",288,2,"kg",2.00,1000.00
"{00000000-0001-7000-8000-000000000000}","03013",289,1,"g",1.00,1.00
"{00000000-0001-7000-8000-000000000000}","03013",289,2,"kg",2.00,1000.00
"{00000000-0001-7000-8000-000000000000}","03014",290,1,"g",1.00,1.00
"{00000000-0001-7000-8000-000000000000}","03014",290,2,"kg",2.00,1000.00
"{00000000-0001-7000-8000-000000000000}","03015",291,1,"g",1.00,1.00
"{00000000-0001-7000-8000-000000000000}","03015",291,2,"kg",2.00,1000.00
"{00000000-0001-7000-8000-000000000000}","03017",292,1,"g",1.00,1.00
"{00000000-0001-7000-8000-000000000000}","03017",292,2,"kg",2.00,1000.00
"{00000000-0001-7000-8000-000000000000}","03018",293,1,"g",1.00,1.00
"{00000000-0001-7000-8000-000000000000}","03018",293,2,"kg",2.00,1000.00
"{00000000-0001-7000-8000-000000000000}","03019",294,1,"g",1.00,1.00
"{00000000-0001-7000-8000-000000000000}","03019",294,2,"kg",2.00,1000.00
"{00000000-0001-7000-8000-000000000000}","03020",295,1,"g",1.00,1.00
"{00000000-0001-7000-8000-000000000000}","03020",295,2,"kg",2.00,1000.00
"{00000000-0001-7000-8000-000000000000}","03022",296,1,"g",1.00,1.00
"{00000000-0001-7000-8000-000000000000}","03022",296,2,"kg",2.00,1000.00
"{00000000-0001-7000-8000-000000000000}","03023",297,1,"g",1.00,1.00
"{00000000-0001-7000-8000-000000000000}","03023",297,2,"kg",2.00,1000.00
"{00000000-0001-7000-8000-000000000000}","03024",298,1,"g",1.00,1.00
"{00000000-0001-7000-8000-000000000000}","03024",298,2,"kg",2.00,1000.00
"{00000000-0001-7000-8000-000000000000}","03025",299,1,"g",1.00,1.00
"{00000000-0001-7000-8000-000000000000}","03025",299,2,"kg",2.00,1000.00
"{00000000-0001-7000-8000-000000000000}","03026",300,1,"g",1.00,1.00
"{00000000-0001-7000-8000-000000000000}","03026",300,2,"kg",2.00,1000.00
"{00000000-0001-7000-8000-000000000000}","03027",301,1,"g",1.00,1.00
"{00000000-0001-7000-8000-000000000000}","03027",301,2,"kg",2.00,1000.00
"{00000000-0001-7000-8000-000000000000}","03028",302,1,"g",1.00,1.00
"{00000000-0001-7000-8000-000000000000}","03028",302,2,"kg",2.00,1000.00
"{00000000-0001-7000-8000-000000000000}","03029",303,1,"g",1.00,1.00
"{00000000-0001-7000-8000-000000000000}","03029",303,2,"kg",2.00,1000.00
"{00000000-0001-7000-8000-000000000000}","03030",304,1,"g",1.00,1.00
"{00000000-0001-7000-8000-000000000000}","03030",304,2,"kg",2.00,1000.00
"{00000000-0001-7000-8000-000000000000}","03031",305,1,"g",1.00,1.00
"{00000000-0001-7000-8000-000000000000}","03031",305,2,"kg",2.00,1000.00
"{00000000-0001-7000-8000-000000000000}","03032",306,1,"g",1.00,1.00
"{00000000-0001-7000-8000-000000000000}","03032",306,2,"kg",2.00,1000.00
"{00000000-0001-7000-8000-000000000000}","04001",307,1,"g",1.00,1.00
"{00000000-0001-7000-8000-000000000000}","04001",307,2,"kg",2.00,1000.00
"{00000000-0001-7000-8000-000000000000}","04002",308,1,"g",1.00,1.00
"{00000000-0001-7000-8000-000000000000}","04002",308,2,"kg",2.00,1000.00
"{00000000-0001-7000-8000-000000000000}","04003",309,1,"g",1.00,1.00
"{00000000-0001-7000-8000-000000000000}","04003",309,2,"kg",2.00,1000.00
"{00000000-0001-7000-8000-000000000000}","04004",310,1,"g",1.00,1.00
"{00000000-0001-7000-8000-000000000000}","04004",310,2,"kg",2.00,1000.00
"{00000000-0001-7000-8000-000000000000}","04005",311,1,"g",1.00,1.00
"{00000000-0001-7000-8000-000000000000}","04005",311,2,"kg",2.00,1000.00
"{00000000-0001-7000-8000-000000000000}","04006",312,1,"g",1.00,1.00
"{00000000-0001-7000-8000-000000000000}","04006",312,2,"kg",2.00,1000.00
"{00000000-0001-7000-8000-000000000000}","04007",313,1,"g",1.00,1.00
"{00000000-0001-7000-8000-000000000000}","04007",313,2,"kg",2.00,1000.00
"{00000000-0001-7000-8000-000000000000}","04008",314,1,"g",1.00,1.00
"{00000000-0001-7000-8000-000000000000}","04008",314,2,"kg",2.00,1000.00
"{00000000-0001-7000-8000-000000000000}","04009",315,1,"g",1.00,1.00
"{00000000-0001-7000-8000-000000000000}","04009",315,2,"kg",2.00,1000.00
"{00000000-0001-7000-8000-000000000000}","04010",316,1,"g",1.00,1.00
"{00000000-0001-7000-8000-000000000000}","04010",316,2,"kg",2.00,1000.00
"{00000000-0001-7000-8000-000000000000}","04011",317,1,"g",1.00,1.00
"{00000000-0001-7000-8000-000000000000}","04011",317,2,"kg",2.00,1000.00
"{00000000-0001-7000-8000-000000000000}","04012",318,1,"g",1.00,1.00
"{00000000-0001-7000-8000-000000000000}","04012",318,2,"kg",2.00,1000.00
"{00000000-0001-7000-8000-000000000000}","04013",319,1,"g",1.00,1.00
"{00000000-0001-7000-8000-000000000000}","04013",319,2,"kg",2.00,1000.00
"{00000000-0001-7000-8000-000000000000}","04014",320,1,"g",1.00,1.00
"{00000000-0001-7000-8000-000000000000}","04014",320,2,"kg",2.00,1000.00
"{00000000-0001-7000-8000-000000000000}","04015",321,1,"g",1.00,1.00
"{00000000-0001-7000-8000-000000000000}","04015",321,2,"kg",2.00,1000.00
"{00000000-0001-7000-8000-000000000000}","04016",322,1,"g",1.00,1.00
"{00000000-0001-7000-8000-000000000000}","04016",322,2,"kg",2.00,1000.00
"{00000000-0001-7000-8000-000000000000}","04017",323,1,"g",1.00,1.00
"{00000000-0001-7000-8000-000000000000}","04017",323,2,"kg",2.00,1000.00
"{00000000-0001-7000-8000-000000000000}","04018",324,1,"g",1.00,1.00
"{00000000-0001-7000-8000-000000000000}","04018",324,2,"kg",2.00,1000.00
"{00000000-0001-7000-8000-000000000000}","04019",325,1,"g",1.00,1.00
"{00000000-0001-7000-8000-000000000000}","04019",325,2,"kg",2.00,1000.00
"{00000000-0001-7000-8000-000000000000}","04020",326,1,"g",1.00,1.00
"{00000000-0001-7000-8000-000000000000}","04020",326,2,"kg",2.00,1000.00
"{00000000-0001-7000-8000-000000000000}","04021",327,1,"g",1.00,1.00
"{00000000-0001-7000-8000-000000000000}","04021",327,2,"kg",2.00,1000.00
"{00000000-0001-7000-8000-000000000000}","04022",328,1,"g",1.00,1.00
"{00000000-0001-7000-8000-000000000000}","04022",328,2,"kg",2.00,1000.00
"{00000000-0001-7000-8000-000000000000}","04023",329,1,"g",1.00,1.00
"{00000000-0001-7000-8000-000000000000}","04023",329,2,"kg",2.00,1000.00
"{00000000-0001-7000-8000-000000000000}","04024",330,1,"g",1.00,1.00
"{00000000-0001-7000-8000-000000000000}","04024",330,2,"kg",2.00,1000.00
"{00000000-0001-7000-8000-000000000000}","04025",331,1,"g",1.00,1.00
"{00000000-0001-7000-8000-000000000000}","04025",331,2,"kg",2.00,1000.00
"{00000000-0001-7000-8000-000000000000}","04026",332,1,"g",1.00,1.00
"{00000000-0001-7000-8000-000000000000}","04026",332,2,"kg",2.00,1000.00
"{00000000-0001-7000-8000-000000000000}","04027",333,1,"g",1.00,1.00
"{00000000-0001-7000-8000-000000000000}","04027",333,2,"kg",2.00,1000.00
"{00000000-0001-7000-8000-000000000000}","04028",334,1,"g",1.00,1.00
"{00000000-0001-7000-8000-000000000000}","04028",334,2,"kg",2.00,1000.00
"{00000000-0001-7000-8000-000000000000}","04029",335,1,"g",1.00,1.00
"{00000000-0001-7000-8000-000000000000}","04029",335,2,"kg",2.00,1000.00
"{00000000-0001-7000-8000-000000000000}","04030",336,1,"g",1.00,1.00
"{00000000-0001-7000-8000-000000000000}","04030",336,2,"kg",2.00,1000.00
"{00000000-0001-7000-8000-000000000000}","04031",337,1,"g",1.00,1.00
"{00000000-0001-7000-8000-000000000000}","04031",337,2,"kg",2.00,1000.00
"{00000000-0001-7000-8000-000000000000}","04032",338,1,"g",1.00,1.00
"{00000000-0001-7000-8000-000000000000}","04032",338,2,"kg",2.00,1000.00
"{00000000-0001-7000-8000-000000000000}","04033",339,1,"g",1.00,1.00
"{00000000-0001-7000-8000-000000000000}","04033",339,2,"kg",2.00,1000.00
"{00000000-0001-7000-8000-000000000000}","04034",340,1,"g",1.00,1.00
"{00000000-0001-7000-8000-000000000000}","04034",340,2,"kg",2.00,1000.00
"{00000000-0001-7000-8000-000000000000}","04035",341,1,"g",1.00,1.00
"{00000000-0001-7000-8000-000000000000}","04035",341,2,"kg",2.00,1000.00
"{00000000-0001-7000-8000-000000000000}","04036",342,1,"g",1.00,1.00
"{00000000-0001-7000-8000-000000000000}","04036",342,2,"kg",2.00,1000.00
"{00000000-0001-7000-8000-000000000000}","04037",343,1,"g",1.00,1.00
"{00000000-0001-7000-8000-000000000000}","04037",343,2,"kg",2.00,1000.00
"{00000000-0001-7000-8000-000000000000}","04038",344,1,"g",1.00,1.00
"{00000000-0001-7000-8000-000000000000}","04038",344,2,"kg",2.00,1000.00
"{00000000-0001-7000-8000-000000000000}","04039",345,1,"g",1.00,1.00
"{00000000-0001-7000-8000-000000000000}","04039",345,2,"kg",2.00,1000.00
"{00000000-0001-7000-8000-000000000000}","04040",346,1,"g",1.00,1.00
"{00000000-0001-7000-8000-000000000000}","04040",346,2,"kg",2.00,1000.00
"{00000000-0001-7000-8000-000000000000}","04041",347,1,"g",1.00,1.00
"{00000000-0001-7000-8000-000000000000}","04041",347,2,"kg",2.00,1000.00
"{00000000-0001-7000-8000-000000000000}","04042",348,1,"g",1.00,1.00
"{00000000-0001-7000-8000-000000000000}","04042",348,2,"kg",2.00,1000.00
"{00000000-0001-7000-8000-000000000000}","04043",349,1,"g",1.00,1.00
"{00000000-0001-7000-8000-000000000000}","04043",349,2,"kg",2.00,1000.00
"{00000000-0001-7000-8000-000000000000}","04044",350,1,"g",1.00,1.00
"{00000000-0001-7000-8000-000000000000}","04044",350,2,"kg",2.00,1000.00
"{00000000-0001-7000-8000-000000000000}","04045",351,1,"g",1.00,1.00
"{00000000-0001-7000-8000-000000000000}","04045",351,2,"kg",2.00,1000.00
"{00000000-0001-7000-8000-000000000000}","04046",352,1,"g",1.00,1.00
"{00000000-0001-7000-8000-000000000000}","04046",352,2,"kg",2.00,1000.00
"{00000000-0001-7000-8000-000000000000}","04047",353,1,"g",1.00,1.00
"{00000000-0001-7000-8000-000000000000}","04047",353,2,"kg",2.00,1000.00
"{00000000-0001-7000-8000-000000000000}","04048",354,1,"g",1.00,1.00
"{00000000-0001-7000-8000-000000000000}","04048",354,2,"kg",2.00,1000.00
"{00000000-0001-7000-8000-000000000000}","04049",355,1,"g",1.00,1.00
"{00000000-0001-7000-8000-000000000000}","04049",355,2,"kg",2.00,1000.00
"{00000000-0001-7000-8000-000000000000}","04051",356,1,"g",1.00,1.00
"{00000000-0001-7000-8000-000000000000}","04051",356,2,"kg",2.00,1000.00
"{00000000-0001-7000-8000-000000000000}","04052",357,1,"g",1.00,1.00
"{00000000-0001-7000-8000-000000000000}","04052",357,2,"kg",2.00,1000.00
"{00000000-0001-7000-8000-000000000000}","04053",358,1,"g",1.00,1.00
"{00000000-0001-7000-8000-000000000000}","04053",358,2,"kg",2.00,1000.00
"{00000000-0001-7000-8000-000000000000}","04054",359,1,"g",1.00,1.00
"{00000000-0001-7000-8000-000000000000}","04054",359,2,"kg",2.00,1000.00
"{00000000-0001-7000-8000-000000000000}","04055",360,1,"g",1.00,1.00
"{00000000-0001-7000-8000-000000000000}","04055",360,2,"kg",2.00,1000.00
"{00000000-0001-7000-8000-000000000000}","04056",361,1,"g",1.00,1.00
"{00000000-0001-7000-8000-000000000000}","04056",361,2,"kg",2.00,1000.00
"{00000000-0001-7000-8000-000000000000}","04057",362,1,"g",1.00,1.00
"{00000000-0001-7000-8000-000000000000}","04057",362,2,"kg",2.00,1000.00
"{00000000-0001-7000-8000-000000000000}","04058",363,1,"g",1.00,1.00
"{00000000-0001-7000-8000-000000000000}","04058",363,2,"kg",2.00,1000.00
"{00000000-0001-7000-8000-000000000000}","04059",364,1,"g",1.00,1.00
"{00000000-0001-7000-8000-000000000000}","04059",364,2,"kg",2.00,1000.00
"{00000000-0001-7000-8000-000000000000}","04060",365,1,"g",1.00,1.00
"{00000000-0001-7000-8000-000000000000}","04060",365,2,"kg",2.00,1000.00
"{00000000-0001-7000-8000-000000000000}","04061",366,1,"g",1.00,1.00
"{00000000-0001-7000-8000-000000000000}","04061",366,2,"kg",2.00,1000.00
"{00000000-0001-7000-8000-000000000000}","04062",367,1,"g",1.00,1.00
"{00000000-0001-7000-8000-000000000000}","04062",367,2,"kg",2.00,1000.00
"{00000000-0001-7000-8000-000000000000}","04063",368,1,"g",1.00,1.00
"{00000000-0001-7000-8000-000000000000}","04063",368,2,"kg",2.00,1000.00
"{00000000-0001-7000-8000-000000000000}","04064",369,1,"g",1.00,1.00
"{00000000-0001-7000-8000-000000000000}","04064",369,2,"kg",2.00,1000.00
"{00000000-0001-7000-8000-000000000000}","04065",370,1,"g",1.00,1.00
"{00000000-0001-7000-8000-000000000000}","04065",370,2,"kg",2.00,1000.00
"{00000000-0001-7000-8000-000000000000}","04066",371,1,"g",1.00,1.00
"{00000000-0001-7000-8000-000000000000}","04066",371,2,"kg",2.00,1000.00
"{00000000-0001-7000-8000-000000000000}","04067",372,1,"g",1.00,1.00
"{00000000-0001-7000-8000-000000000000}","04067",372,2,"kg",2.00,1000.00
"{00000000-0001-7000-8000-000000000000}","04068",373,1,"g",1.00,1.00
"{00000000-0001-7000-8000-000000000000}","04068",373,2,"kg",2.00,1000.00
"{00000000-0001-7000-8000-000000000000}","04069",374,1,"g",1.00,1.00
"{00000000-0001-7000-8000-000000000000}","04069",374,2,"kg",2.00,1000.00
"{00000000-0001-7000-8000-000000000000}","04070",375,1,"g",1.00,1.00
"{00000000-0001-7000-8000-000000000000}","04070",375,2,"kg",2.00,1000.00
"{00000000-0001-7000-8000-000000000000}","04071",376,1,"g",1.00,1.00
"{00000000-0001-7000-8000-000000000000}","04071",376,2,"kg",2.00,1000.00
"{00000000-0001-7000-8000-000000000000}","04072",377,1,"g",1.00,1.00
"{00000000-0001-7000-8000-000000000000}","04072",377,2,"kg",2.00,1000.00
"{00000000-0001-7000-8000-000000000000}","04073",378,1,"g",1.00,1.00
"{00000000-0001-7000-8000-000000000000}","04073",378,2,"kg",2.00,1000.00
"{00000000-0001-7000-8000-000000000000}","04074",379,1,"g",1.00,1.00
"{00000000-0001-7000-8000-000000000000}","04074",379,2,"kg",2.00,1000.00
"{00000000-0001-7000-8000-000000000000}","04075",380,1,"g",1.00,1.00
"{00000000-0001-7000-8000-000000000000}","04075",380,2,"kg",2.00,1000.00
"{00000000-0001-7000-8000-000000000000}","04076",381,1,"g",1.00,1.00
"{00000000-0001-7000-8000-000000000000}","04076",381,2,"kg",2.00,1000.00
"{00000000-0001-7000-8000-000000000000}","04077",382,1,"g",1.00,1.00
"{00000000-0001-7000-8000-000000000000}","04077",382,2,"kg",2.00,1000.00
"{00000000-0001-7000-8000-000000000000}","04078",383,1,"g",1.00,1.00
"{00000000-0001-7000-8000-000000000000}","04078",383,2,"kg",2.00,1000.00
"{00000000-0001-7000-8000-000000000000}","04079",384,1,"g",1.00,1.00
"{00000000-0001-7000-8000-000000000000}","04079",384,2,"kg",2.00,1000.00
"{00000000-0001-7000-8000-000000000000}","04080",385,1,"g",1.00,1.00
"{00000000-0001-7000-8000-000000000000}","04080",385,2,"kg",2.00,1000.00
"{00000000-0001-7000-8000-000000000000}","04081",386,1,"g",1.00,1.00
"{00000000-0001-7000-8000-000000000000}","04081",386,2,"kg",2.00,1000.00
"{00000000-0001-7000-8000-000000000000}","04082",387,1,"g",1.00,1.00
"{00000000-0001-7000-8000-000000000000}","04082",387,2,"kg",2.00,1000.00
"{00000000-0001-7000-8000-000000000000}","04083",388,1,"g",1.00,1.00
"{00000000-0001-7000-8000-000000000000}","04083",388,2,"kg",2.00,1000.00
"{00000000-0001-7000-8000-000000000000}","04084",389,1,"g",1.00,1.00
"{00000000-0001-7000-8000-000000000000}","04084",389,2,"kg",2.00,1000.00
"{00000000-0001-7000-8000-000000000000}","04085",390,1,"g",1.00,1.00
"{00000000-0001-7000-8000-000000000000}","04085",390,2,"kg",2.00,1000.00
"{00000000-0001-7000-8000-000000000000}","04086",391,1,"g",1.00,1.00
"{00000000-0001-7000-8000-000000000000}","04086",391,2,"kg",2.00,1000.00
"{00000000-0001-7000-8000-000000000000}","04087",392,1,"g",1.00,1.00
"{00000000-0001-7000-8000-000000000000}","04087",392,2,"kg",2.00,1000.00
"{00000000-0001-7000-8000-000000000000}","04088",393,1,"g",1.00,1.00
"{00000000-0001-7000-8000-000000000000}","04088",393,2,"kg",2.00,1000.00
"{00000000-0001-7000-8000-000000000000}","04089",394,1,"g",1.00,1.00
"{00000000-0001-7000-8000-000000000000}","04089",394,2,"kg",2.00,1000.00
"{00000000-0001-7000-8000-000000000000}","04090",395,1,"g",1.00,1.00
"{00000000-0001-7000-8000-000000000000}","04090",395,2,"kg",2.00,1000.00
"{00000000-0001-7000-8000-000000000000}","04091",396,1,"g",1.00,1.00
"{00000000-0001-7000-8000-000000000000}","04091",396,2,"kg",2.00,1000.00
"{00000000-0001-7000-8000-000000000000}","04092",397,1,"g",1.00,1.00
"{00000000-0001-7000-8000-000000000000}","04092",397,2,"kg",2.00,1000.00
"{00000000-0001-7000-8000-000000000000}","04093",398,1,"g",1.00,1.00
"{00000000-0001-7000-8000-000000000000}","04093",398,2,"kg",2.00,1000.00
"{00000000-0001-7000-8000-000000000000}","04094",399,1,"g",1.00,1.00
"{00000000-0001-7000-8000-000000000000}","04094",399,2,"kg",2.00,1000.00
"{00000000-0001-7000-8000-000000000000}","04095",400,1,"g",1.00,1.00
"{00000000-0001-7000-8000-000000000000}","04095",400,2,"kg",2.00,1000.00
"{00000000-0001-7000-8000-000000000000}","04096",401,1,"g",1.00,1.00
"{00000000-0001-7000-8000-000000000000}","04096",401,2,"kg",2.00,1000.00
"{00000000-0001-7000-8000-000000000000}","04097",402,1,"g",1.00,1.00
"{00000000-0001-7000-8000-000000000000}","04097",402,2,"kg",2.00,1000.00
"{00000000-0001-7000-8000-000000000000}","04098",403,1,"g",1.00,1.00
"{00000000-0001-7000-8000-000000000000}","04098",403,2,"kg",2.00,1000.00
"{00000000-0001-7000-8000-000000000000}","04099",404,1,"g",1.00,1.00
"{00000000-0001-7000-8000-000000000000}","04099",404,2,"kg",2.00,1000.00
"{00000000-0001-7000-8000-000000000000}","04100",405,1,"g",1.00,1.00
"{00000000-0001-7000-8000-000000000000}","04100",405,2,"kg",2.00,1000.00
"{00000000-0001-7000-8000-000000000000}","04101",406,1,"g",1.00,1.00
"{00000000-0001-7000-8000-000000000000}","04101",406,2,"kg",2.00,1000.00
"{00000000-0001-7000-8000-000000000000}","04102",407,1,"g",1.00,1.00
"{00000000-0001-7000-8000-000000000000}","04102",407,2,"kg",2.00,1000.00
"{00000000-0001-7000-8000-000000000000}","04103",408,1,"g",1.00,1.00
"{00000000-0001-7000-8000-000000000000}","04103",408,2,"kg",2.00,1000.00
"{00000000-0001-7000-8000-000000000000}","04104",409,1,"g",1.00,1.00
"{00000000-0001-7000-8000-000000000000}","04104",409,2,"kg",2.00,1000.00
"{00000000-0001-7000-8000-000000000000}","04105",410,1,"g",1.00,1.00
"{00000000-0001-7000-8000-000000000000}","04105",410,2,"kg",2.00,1000.00
"{00000000-0001-7000-8000-000000000000}","04106",411,1,"g",1.00,1.00
"{00000000-0001-7000-8000-000000000000}","04106",411,2,"kg",2.00,1000.00
"{00000000-0001-7000-8000-000000000000}","04108",412,1,"g",1.00,1.00
"{00000000-0001-7000-8000-000000000000}","04108",412,2,"kg",2.00,1000.00
"{00000000-0001-7000-8000-000000000000}","04109",413,1,"g",1.00,1.00
"{00000000-0001-7000-8000-000000000000}","04109",413,2,"kg",2.00,1000.00
"{00000000-0001-7000-8000-000000000000}","04110",414,1,"g",1.00,1.00
"{00000000-0001-7000-8000-000000000000}","04110",414,2,"kg",2.00,1000.00
"{00000000-0001-7000-8000-000000000000}","05001",415,1,"g",1.00,1.00
"{00000000-0001-7000-8000-000000000000}","05001",415,2,"kg",2.00,1000.00
"{00000000-0001-7000-8000-000000000000}","05002",416,1,"g",1.00,1.00
"{00000000-0001-7000-8000-000000000000}","05002",416,2,"kg",2.00,1000.00
"{00000000-0001-7000-8000-000000000000}","05003",417,1,"g",1.00,1.00
"{00000000-0001-7000-8000-000000000000}","05003",417,2,"kg",2.00,1000.00
"{00000000-0001-7000-8000-000000000000}","05004",418,1,"g",1.00,1.00
"{00000000-0001-7000-8000-000000000000}","05004",418,2,"kg",2.00,1000.00
"{00000000-0001-7000-8000-000000000000}","05005",419,1,"g",1.00,1.00
"{00000000-0001-7000-8000-000000000000}","05005",419,2,"kg",2.00,1000.00
"{00000000-0001-7000-8000-000000000000}","05006",420,1,"g",1.00,1.00
"{00000000-0001-7000-8000-000000000000}","05006",420,2,"kg",2.00,1000.00
"{00000000-0001-7000-8000-000000000000}","05007",421,1,"g",1.00,1.00
"{00000000-0001-7000-8000-000000000000}","05007",421,2,"kg",2.00,1000.00
"{00000000-0001-7000-8000-000000000000}","05008",422,1,"g",1.00,1.00
"{00000000-0001-7000-8000-000000000000}","05008",422,2,"kg",2.00,1000.00
"{00000000-0001-7000-8000-000000000000}","05009",423,1,"g",1.00,1.00
"{00000000-0001-7000-8000-000000000000}","05009",423,2,"kg",2.00,1000.00
"{00000000-0001-7000-8000-000000000000}","05010",424,1,"g",1.00,1.00
"{00000000-0001-7000-8000-000000000000}","05010",424,2,"kg",2.00,1000.00
"{00000000-0001-7000-8000-000000000000}","05011",425,1,"g",1.00,1.00
"{00000000-0001-7000-8000-000000000000}","05011",425,2,"kg",2.00,1000.00
"{00000000-0001-7000-8000-000000000000}","05012",426,1,"g",1.00,1.00
"{00000000-0001-7000-8000-000000000000}","05012",426,2,"kg",2.00,1000.00
"{00000000-0001-7000-8000-000000000000}","05013",427,1,"g",1.00,1.00
"{00000000-0001-7000-8000-000000000000}","05013",427,2,"kg",2.00,1000.00
"{00000000-0001-7000-8000-000000000000}","05014",428,1,"g",1.00,1.00
"{00000000-0001-7000-8000-000000000000}","05014",428,2,"kg",2.00,1000.00
"{00000000-0001-7000-8000-000000000000}","05015",429,1,"g",1.00,1.00
"{00000000-0001-7000-8000-000000000000}","05015",429,2,"kg",2.00,1000.00
"{00000000-0001-7000-8000-000000000000}","05016",430,1,"g",1.00,1.00
"{00000000-0001-7000-8000-000000000000}","05016",430,2,"kg",2.00,1000.00
"{00000000-0001-7000-8000-000000000000}","05017",431,1,"g",1.00,1.00
"{00000000-0001-7000-8000-000000000000}","05017",431,2,"kg",2.00,1000.00
"{00000000-0001-7000-8000-000000000000}","05018",432,1,"g",1.00,1.00
"{00000000-0001-7000-8000-000000000000}","05018",432,2,"kg",2.00,1000.00
"{00000000-0001-7000-8000-000000000000}","05019",433,1,"g",1.00,1.00
"{00000000-0001-7000-8000-000000000000}","05019",433,2,"kg",2.00,1000.00
"{00000000-0001-7000-8000-000000000000}","05020",434,1,"g",1.00,1.00
"{00000000-0001-7000-8000-000000000000}","05020",434,2,"kg",2.00,1000.00
"{00000000-0001-7000-8000-000000000000}","05021",435,1,"g",1.00,1.00
"{00000000-0001-7000-8000-000000000000}","05021",435,2,"kg",2.00,1000.00
"{00000000-0001-7000-8000-000000000000}","05022",436,1,"g",1.00,1.00
"{00000000-0001-7000-8000-000000000000}","05022",436,2,"kg",2.00,1000.00
"{00000000-0001-7000-8000-000000000000}","05023",437,1,"g",1.00,1.00
"{00000000-0001-7000-8000-000000000000}","05023",437,2,"kg",2.00,1000.00
"{00000000-0001-7000-8000-000000000000}","05024",438,1,"g",1.00,1.00
"{00000000-0001-7000-8000-000000000000}","05024",438,2,"kg",2.00,1000.00
"{00000000-0001-7000-8000-000000000000}","05025",439,1,"g",1.00,1.00
"{00000000-0001-7000-8000-000000000000}","05025",439,2,"kg",2.00,1000.00
"{00000000-0001-7000-8000-000000000000}","05026",440,1,"g",1.00,1.00
"{00000000-0001-7000-8000-000000000000}","05026",440,2,"kg",2.00,1000.00
"{00000000-0001-7000-8000-000000000000}","05027",441,1,"g",1.00,1.00
"{00000000-0001-7000-8000-000000000000}","05027",441,2,"kg",2.00,1000.00
"{00000000-0001-7000-8000-000000000000}","05028",442,1,"g",1.00,1.00
"{00000000-0001-7000-8000-000000000000}","05028",442,2,"kg",2.00,1000.00
"{00000000-0001-7000-8000-000000000000}","05029",443,1,"g",1.00,1.00
"{00000000-0001-7000-8000-000000000000}","05029",443,2,"kg",2.00,1000.00
"{00000000-0001-7000-8000-000000000000}","05030",444,1,"g",1.00,1.00
"{00000000-0001-7000-8000-000000000000}","05030",444,2,"kg",2.00,1000.00
"{00000000-0001-7000-8000-000000000000}","05031",445,1,"g",1.00,1.00
"{00000000-0001-7000-8000-000000000000}","05031",445,2,"kg",2.00,1000.00
"{00000000-0001-7000-8000-000000000000}","05032",446,1,"g",1.00,1.00
"{00000000-0001-7000-8000-000000000000}","05032",446,2,"kg",2.00,1000.00
"{00000000-0001-7000-8000-000000000000}","05033",447,1,"g",1.00,1.00
"{00000000-0001-7000-8000-000000000000}","05033",447,2,"kg",2.00,1000.00
"{00000000-0001-7000-8000-000000000000}","05034",448,1,"g",1.00,1.00
"{00000000-0001-7000-8000-000000000000}","05034",448,2,"kg",2.00,1000.00
"{00000000-0001-7000-8000-000000000000}","05035",449,1,"g",1.00,1.00
"{00000000-0001-7000-8000-000000000000}","05035",449,2,"kg",2.00,1000.00
"{00000000-0001-7000-8000-000000000000}","05036",450,1,"g",1.00,1.00
"{00000000-0001-7000-8000-000000000000}","05036",450,2,"kg",2.00,1000.00
"{00000000-0001-7000-8000-000000000000}","05037",451,1,"g",1.00,1.00
"{00000000-0001-7000-8000-000000000000}","05037",451,2,"kg",2.00,1000.00
"{00000000-0001-7000-8000-000000000000}","05040",452,1,"g",1.00,1.00
"{00000000-0001-7000-8000-000000000000}","05040",452,2,"kg",2.00,1000.00
"{00000000-0001-7000-8000-000000000000}","05041",453,1,"g",1.00,1.00
"{00000000-0001-7000-8000-000000000000}","05041",453,2,"kg",2.00,1000.00
"{00000000-0001-7000-8000-000000000000}","05042",454,1,"g",1.00,1.00
"{00000000-0001-7000-8000-000000000000}","05042",454,2,"kg",2.00,1000.00
"{00000000-0001-7000-8000-000000000000}","05043",455,1,"g",1.00,1.00
"{00000000-0001-7000-8000-000000000000}","05043",455,2,"kg",2.00,1000.00
"{00000000-0001-7000-8000-000000000000}","05044",456,1,"g",1.00,1.00
"{00000000-0001-7000-8000-000000000000}","05044",456,2,"kg",2.00,1000.00
"{00000000-0001-7000-8000-000000000000}","05045",457,1,"g",1.00,1.00
"{00000000-0001-7000-8000-000000000000}","05045",457,2,"kg",2.00,1000.00
"{00000000-0001-7000-8000-000000000000}","05046",458,1,"g",1.00,1.00
"{00000000-0001-7000-8000-000000000000}","05046",458,2,"kg",2.00,1000.00
"{00000000-0001-7000-8000-000000000000}","05047",459,1,"g",1.00,1.00
"{00000000-0001-7000-8000-000000000000}","05047",459,2,"kg",2.00,1000.00
"{00000000-0001-7000-8000-000000000000}","05048",460,1,"g",1.00,1.00
"{00000000-0001-7000-8000-000000000000}","05048",460,2,"kg",2.00,1000.00
"{00000000-0001-7000-8000-000000000000}","06001",461,1,"g",1.00,1.00
"{00000000-0001-7000-8000-000000000000}","06001",461,2,"kg",2.00,1000.00
"{00000000-0001-7000-8000-000000000000}","06002",462,1,"g",1.00,1.00
"{00000000-0001-7000-8000-000000000000}","06002",462,2,"kg",2.00,1000.00
"{00000000-0001-7000-8000-000000000000}","06003",463,1,"g",1.00,1.00
"{00000000-0001-7000-8000-000000000000}","06003",463,2,"kg",2.00,1000.00
"{00000000-0001-7000-8000-000000000000}","06004",464,1,"g",1.00,1.00
"{00000000-0001-7000-8000-000000000000}","06004",464,2,"kg",2.00,1000.00
"{00000000-0001-7000-8000-000000000000}","06005",465,1,"g",1.00,1.00
"{00000000-0001-7000-8000-000000000000}","06005",465,2,"kg",2.00,1000.00
"{00000000-0001-7000-8000-000000000000}","06006",466,1,"g",1.00,1.00
"{00000000-0001-7000-8000-000000000000}","06006",466,2,"kg",2.00,1000.00
"{00000000-0001-7000-8000-000000000000}","06007",467,1,"g",1.00,1.00
"{00000000-0001-7000-8000-000000000000}","06007",467,2,"kg",2.00,1000.00
"{00000000-0001-7000-8000-000000000000}","06008",468,1,"g",1.00,1.00
"{00000000-0001-7000-8000-000000000000}","06008",468,2,"kg",2.00,1000.00
"{00000000-0001-7000-8000-000000000000}","06009",469,1,"g",1.00,1.00
"{00000000-0001-7000-8000-000000000000}","06009",469,2,"kg",2.00,1000.00
"{00000000-0001-7000-8000-000000000000}","06010",470,1,"g",1.00,1.00
"{00000000-0001-7000-8000-000000000000}","06010",470,2,"kg",2.00,1000.00
"{00000000-0001-7000-8000-000000000000}","06011",471,1,"g",1.00,1.00
"{00000000-0001-7000-8000-000000000000}","06011",471,2,"kg",2.00,1000.00
"{00000000-0001-7000-8000-000000000000}","06012",472,1,"g",1.00,1.00
"{00000000-0001-7000-8000-000000000000}","06012",472,2,"kg",2.00,1000.00
"{00000000-0001-7000-8000-000000000000}","06013",473,1,"g",1.00,1.00
"{00000000-0001-7000-8000-000000000000}","06013",473,2,"kg",2.00,1000.00
"{00000000-0001-7000-8000-000000000000}","06014",474,1,"g",1.00,1.00
"{00000000-0001-7000-8000-000000000000}","06014",474,2,"kg",2.00,1000.00
"{00000000-0001-7000-8000-000000000000}","06015",475,1,"g",1.00,1.00
"{00000000-0001-7000-8000-000000000000}","06015",475,2,"kg",2.00,1000.00
"{00000000-0001-7000-8000-000000000000}","06016",476,1,"g",1.00,1.00
"{00000000-0001-7000-8000-000000000000}","06016",476,2,"kg",2.00,1000.00
"{00000000-0001-7000-8000-000000000000}","06017",477,1,"g",1.00,1.00
"{00000000-0001-7000-8000-000000000000}","06017",477,2,"kg",2.00,1000.00
"{00000000-0001-7000-8000-000000000000}","06018",478,1,"g",1.00,1.00
"{00000000-0001-7000-8000-000000000000}","06018",478,2,"kg",2.00,1000.00
"{00000000-0001-7000-8000-000000000000}","06019",479,1,"g",1.00,1.00
"{00000000-0001-7000-8000-000000000000}","06019",479,2,"kg",2.00,1000.00
"{00000000-0001-7000-8000-000000000000}","06020",480,1,"g",1.00,1.00
"{00000000-0001-7000-8000-000000000000}","06020",480,2,"kg",2.00,1000.00
"{00000000-0001-7000-8000-000000000000}","06021",481,1,"g",1.00,1.00
"{00000000-0001-7000-8000-000000000000}","06021",481,2,"kg",2.00,1000.00
"{00000000-0001-7000-8000-000000000000}","06022",482,1,"g",1.00,1.00
"{00000000-0001-7000-8000-000000000000}","06022",482,2,"kg",2.00,1000.00
"{00000000-0001-7000-8000-000000000000}","06023",483,1,"g",1.00,1.00
"{00000000-0001-7000-8000-000000000000}","06023",483,2,"kg",2.00,1000.00
"{00000000-0001-7000-8000-000000000000}","06024",484,1,"g",1.00,1.00
"{00000000-0001-7000-8000-000000000000}","06024",484,2,"kg",2.00,1000.00
"{00000000-0001-7000-8000-000000000000}","06025",485,1,"g",1.00,1.00
"{00000000-0001-7000-8000-000000000000}","06025",485,2,"kg",2.00,1000.00
"{00000000-0001-7000-8000-000000000000}","06026",486,1,"g",1.00,1.00
"{00000000-0001-7000-8000-000000000000}","06026",486,2,"kg",2.00,1000.00
"{00000000-0001-7000-8000-000000000000}","06027",487,1,"g",1.00,1.00
"{00000000-0001-7000-8000-000000000000}","06027",487,2,"kg",2.00,1000.00
"{00000000-0001-7000-8000-000000000000}","06028",488,1,"g",1.00,1.00
"{00000000-0001-7000-8000-000000000000}","06028",488,2,"kg",2.00,1000.00
"{00000000-0001-7000-8000-000000000000}","06029",489,1,"g",1.00,1.00
"{00000000-0001-7000-8000-000000000000}","06029",489,2,"kg",2.00,1000.00
"{00000000-0001-7000-8000-000000000000}","06030",490,1,"g",1.00,1.00
"{00000000-0001-7000-8000-000000000000}","06030",490,2,"kg",2.00,1000.00
"{00000000-0001-7000-8000-000000000000}","06031",491,1,"g",1.00,1.00
"{00000000-0001-7000-8000-000000000000}","06031",491,2,"kg",2.00,1000.00
"{00000000-0001-7000-8000-000000000000}","06032",492,1,"g",1.00,1.00
"{00000000-0001-7000-8000-000000000000}","06032",492,2,"kg",2.00,1000.00
"{00000000-0001-7000-8000-000000000000}","06033",493,1,"g",1.00,1.00
"{00000000-0001-7000-8000-000000000000}","06033",493,2,"kg",2.00,1000.00
"{00000000-0001-7000-8000-000000000000}","06034",494,1,"g",1.00,1.00
"{00000000-0001-7000-8000-000000000000}","06034",494,2,"kg",2.00,1000.00
"{00000000-0001-7000-8000-000000000000}","06035",495,1,"g",1.00,1.00
"{00000000-0001-7000-8000-000000000000}","06035",495,2,"kg",2.00,1000.00
"{00000000-0001-7000-8000-000000000000}","06036",496,1,"g",1.00,1.00
"{00000000-0001-7000-8000-000000000000}","06036",496,2,"kg",2.00,1000.00
"{00000000-0001-7000-8000-000000000000}","06037",497,1,"g",1.00,1.00
"{00000000-0001-7000-8000-000000000000}","06037",497,2,"kg",2.00,1000.00
"{00000000-0001-7000-8000-000000000000}","06038",498,1,"g",1.00,1.00
"{00000000-0001-7000-8000-000000000000}","06038",498,2,"kg",2.00,1000.00
"{00000000-0001-7000-8000-000000000000}","06039",499,1,"g",1.00,1.00
"{00000000-0001-7000-8000-000000000000}","06039",499,2,"kg",2.00,1000.00
"{00000000-0001-7000-8000-000000000000}","06040",500,1,"g",1.00,1.00
"{00000000-0001-7000-8000-000000000000}","06040",500,2,"kg",2.00,1000.00
"{00000000-0001-7000-8000-000000000000}","06041",501,1,"g",1.00,1.00
"{00000000-0001-7000-8000-000000000000}","06041",501,2,"kg",2.00,1000.00
"{00000000-0001-7000-8000-000000000000}","06042",502,1,"g",1.00,1.00
"{00000000-0001-7000-8000-000000000000}","06042",502,2,"kg",2.00,1000.00
"{00000000-0001-7000-8000-000000000000}","06043",503,1,"g",1.00,1.00
"{00000000-0001-7000-8000-000000000000}","06043",503,2,"kg",2.00,1000.00
"{00000000-0001-7000-8000-000000000000}","06044",504,1,"g",1.00,1.00
"{00000000-0001-7000-8000-000000000000}","06044",504,2,"kg",2.00,1000.00
"{00000000-0001-7000-8000-000000000000}","06045",505,1,"g",1.00,1.00
"{00000000-0001-7000-8000-000000000000}","06045",505,2,"kg",2.00,1000.00
"{00000000-0001-7000-8000-000000000000}","06046",506,1,"g",1.00,1.00
"{00000000-0001-7000-8000-000000000000}","06046",506,2,"kg",2.00,1000.00
"{00000000-0001-7000-8000-000000000000}","06047",507,1,"g",1.00,1.00
"{00000000-0001-7000-8000-000000000000}","06047",507,2,"kg",2.00,1000.00
"{00000000-0001-7000-8000-000000000000}","06048",508,1,"g",1.00,1.00
"{00000000-0001-7000-8000-000000000000}","06048",508,2,"kg",2.00,1000.00
"{00000000-0001-7000-8000-000000000000}","06049",509,1,"g",1.00,1.00
"{00000000-0001-7000-8000-000000000000}","06049",509,2,"kg",2.00,1000.00
"{00000000-0001-7000-8000-000000000000}","06050",510,1,"g",1.00,1.00
"{00000000-0001-7000-8000-000000000000}","06050",510,2,"kg",2.00,1000.00
"{00000000-0001-7000-8000-000000000000}","06051",511,1,"g",1.00,1.00
"{00000000-0001-7000-8000-000000000000}","06051",511,2,"kg",2.00,1000.00
"{00000000-0001-7000-8000-000000000000}","06052",512,1,"g",1.00,1.00
"{00000000-0001-7000-8000-000000000000}","06052",512,2,"kg",2.00,1000.00
"{00000000-0001-7000-8000-000000000000}","06053",513,1,"g",1.00,1.00
"{00000000-0001-7000-8000-000000000000}","06053",513,2,"kg",2.00,1000.00
"{00000000-0001-7000-8000-000000000000}","06054",514,1,"g",1.00,1.00
"{00000000-0001-7000-8000-000000000000}","06054",514,2,"kg",2.00,1000.00
"{00000000-0001-7000-8000-000000000000}","06055",515,1,"g",1.00,1.00
"{00000000-0001-7000-8000-000000000000}","06055",515,2,"kg",2.00,1000.00
"{00000000-0001-7000-8000-000000000000}","06056",516,1,"g",1.00,1.00
"{00000000-0001-7000-8000-000000000000}","06056",516,2,"kg",2.00,1000.00
"{00000000-0001-7000-8000-000000000000}","06057",517,1,"g",1.00,1.00
"{00000000-0001-7000-8000-000000000000}","06057",517,2,"kg",2.00,1000.00
"{00000000-0001-7000-8000-000000000000}","06058",518,1,"g",1.00,1.00
"{00000000-0001-7000-8000-000000000000}","06058",518,2,"kg",2.00,1000.00
"{00000000-0001-7000-8000-000000000000}","06059",519,1,"g",1.00,1.00
"{00000000-0001-7000-8000-000000000000}","06059",519,2,"kg",2.00,1000.00
"{00000000-0001-7000-8000-000000000000}","06060",520,1,"g",1.00,1.00
"{00000000-0001-7000-8000-000000000000}","06060",520,2,"kg",2.00,1000.00
"{00000000-0001-7000-8000-000000000000}","06061",521,1,"g",1.00,1.00
"{00000000-0001-7000-8000-000000000000}","06061",521,2,"kg",2.00,1000.00
"{00000000-0001-7000-8000-000000000000}","06062",522,1,"g",1.00,1.00
"{00000000-0001-7000-8000-000000000000}","06062",522,2,"kg",2.00,1000.00
"{00000000-0001-7000-8000-000000000000}","06063",523,1,"g",1.00,1.00
"{00000000-0001-7000-8000-000000000000}","06063",523,2,"kg",2.00,1000.00
"{00000000-0001-7000-8000-000000000000}","06064",524,1,"g",1.00,1.00
"{00000000-0001-7000-8000-000000000000}","06064",524,2,"kg",2.00,1000.00
"{00000000-0001-7000-8000-000000000000}","06065",525,1,"g",1.00,1.00
"{00000000-0001-7000-8000-000000000000}","06065",525,2,"kg",2.00,1000.00
"{00000000-0001-7000-8000-000000000000}","06066",526,1,"g",1.00,1.00
"{00000000-0001-7000-8000-000000000000}","06066",526,2,"kg",2.00,1000.00
"{00000000-0001-7000-8000-000000000000}","06067",527,1,"g",1.00,1.00
"{00000000-0001-7000-8000-000000000000}","06067",527,2,"kg",2.00,1000.00
"{00000000-0001-7000-8000-000000000000}","06068",528,1,"g",1.00,1.00
"{00000000-0001-7000-8000-000000000000}","06068",528,2,"kg",2.00,1000.00
"{00000000-0001-7000-8000-000000000000}","06069",529,1,"g",1.00,1.00
"{00000000-0001-7000-8000-000000000000}","06069",529,2,"kg",2.00,1000.00
"{00000000-0001-7000-8000-000000000000}","06070",530,1,"g",1.00,1.00
"{00000000-0001-7000-8000-000000000000}","06070",530,2,"kg",2.00,1000.00
"{00000000-0001-7000-8000-000000000000}","06071",531,1,"g",1.00,1.00
"{00000000-0001-7000-8000-000000000000}","06071",531,2,"kg",2.00,1000.00
"{00000000-0001-7000-8000-000000000000}","06072",532,1,"g",1.00,1.00
"{00000000-0001-7000-8000-000000000000}","06072",532,2,"kg",2.00,1000.00
"{00000000-0001-7000-8000-000000000000}","06073",533,1,"g",1.00,1.00
"{00000000-0001-7000-8000-000000000000}","06073",533,2,"kg",2.00,1000.00
"{00000000-0001-7000-8000-000000000000}","06074",534,1,"g",1.00,1.00
"{00000000-0001-7000-8000-000000000000}","06074",534,2,"kg",2.00,1000.00
"{00000000-0001-7000-8000-000000000000}","06075",535,1,"g",1.00,1.00
"{00000000-0001-7000-8000-000000000000}","06075",535,2,"kg",2.00,1000.00
"{00000000-0001-7000-8000-000000000000}","06076",536,1,"g",1.00,1.00
"{00000000-0001-7000-8000-000000000000}","06076",536,2,"kg",2.00,1000.00
"{00000000-0001-7000-8000-000000000000}","06077",537,1,"g",1.00,1.00
"{00000000-0001-7000-8000-000000000000}","06077",537,2,"kg",2.00,1000.00
"{00000000-0001-7000-8000-000000000000}","06078",538,1,"g",1.00,1.00
"{00000000-0001-7000-8000-000000000000}","06078",538,2,"kg",2.00,1000.00
"{00000000-0001-7000-8000-000000000000}","06079",539,1,"g",1.00,1.00
"{00000000-0001-7000-8000-000000000000}","06079",539,2,"kg",2.00,1000.00
"{00000000-0001-7000-8000-000000000000}","06080",540,1,"g",1.00,1.00
"{00000000-0001-7000-8000-000000000000}","06080",540,2,"kg",2.00,1000.00
"{00000000-0001-7000-8000-000000000000}","06081",541,1,"g",1.00,1.00
"{00000000-0001-7000-8000-000000000000}","06081",541,2,"kg",2.00,1000.00
"{00000000-0001-7000-8000-000000000000}","06082",542,1,"g",1.00,1.00
"{00000000-0001-7000-8000-000000000000}","06082",542,2,"kg",2.00,1000.00
"{00000000-0001-7000-8000-000000000000}","06083",543,1,"g",1.00,1.00
"{00000000-0001-7000-8000-000000000000}","06083",543,2,"kg",2.00,1000.00
"{00000000-0001-7000-8000-000000000000}","06084",544,1,"g",1.00,1.00
"{00000000-0001-7000-8000-000000000000}","06084",544,2,"kg",2.00,1000.00
"{00000000-0001-7000-8000-000000000000}","06085",545,1,"g",1.00,1.00
"{00000000-0001-7000-8000-000000000000}","06085",545,2,"kg",2.00,1000.00
"{00000000-0001-7000-8000-000000000000}","06086",546,1,"g",1.00,1.00
"{00000000-0001-7000-8000-000000000000}","06086",546,2,"kg",2.00,1000.00
"{00000000-0001-7000-8000-000000000000}","06087",547,1,"g",1.00,1.00
"{00000000-0001-7000-8000-000000000000}","06087",547,2,"kg",2.00,1000.00
"{00000000-0001-7000-8000-000000000000}","06088",548,1,"g",1.00,1.00
"{00000000-0001-7000-8000-000000000000}","06088",548,2,"kg",2.00,1000.00
"{00000000-0001-7000-8000-000000000000}","06089",549,1,"g",1.00,1.00
"{00000000-0001-7000-8000-000000000000}","06089",549,2,"kg",2.00,1000.00
"{00000000-0001-7000-8000-000000000000}","06090",550,1,"g",1.00,1.00
"{00000000-0001-7000-8000-000000000000}","06090",550,2,"kg",2.00,1000.00
"{00000000-0001-7000-8000-000000000000}","06091",551,1,"g",1.00,1.00
"{00000000-0001-7000-8000-000000000000}","06091",551,2,"kg",2.00,1000.00
"{00000000-0001-7000-8000-000000000000}","06092",552,1,"g",1.00,1.00
"{00000000-0001-7000-8000-000000000000}","06092",552,2,"kg",2.00,1000.00
"{00000000-0001-7000-8000-000000000000}","06093",553,1,"g",1.00,1.00
"{00000000-0001-7000-8000-000000000000}","06093",553,2,"kg",2.00,1000.00
"{00000000-0001-7000-8000-000000000000}","06094",554,1,"g",1.00,1.00
"{00000000-0001-7000-8000-000000000000}","06094",554,2,"kg",2.00,1000.00
"{00000000-0001-7000-8000-000000000000}","06095",555,1,"g",1.00,1.00
"{00000000-0001-7000-8000-000000000000}","06095",555,2,"kg",2.00,1000.00
"{00000000-0001-7000-8000-000000000000}","06096",556,1,"g",1.00,1.00
"{00000000-0001-7000-8000-000000000000}","06096",556,2,"kg",2.00,1000.00
"{00000000-0001-7000-8000-000000000000}","06097",557,1,"g",1.00,1.00
"{00000000-0001-7000-8000-000000000000}","06097",557,2,"kg",2.00,1000.00
"{00000000-0001-7000-8000-000000000000}","06098",558,1,"g",1.00,1.00
"{00000000-0001-7000-8000-000000000000}","06098",558,2,"kg",2.00,1000.00
"{00000000-0001-7000-8000-000000000000}","06099",559,1,"g",1.00,1.00
"{00000000-0001-7000-8000-000000000000}","06099",559,2,"kg",2.00,1000.00
"{00000000-0001-7000-8000-000000000000}","06100",560,1,"g",1.00,1.00
"{00000000-0001-7000-8000-000000000000}","06100",560,2,"kg",2.00,1000.00
"{00000000-0001-7000-8000-000000000000}","06101",561,1,"g",1.00,1.00
"{00000000-0001-7000-8000-000000000000}","06101",561,2,"kg",2.00,1000.00
"{00000000-0001-7000-8000-000000000000}","06102",562,1,"g",1.00,1.00
"{00000000-0001-7000-8000-000000000000}","06102",562,2,"kg",2.00,1000.00
"{00000000-0001-7000-8000-000000000000}","06103",563,1,"g",1.00,1.00
"{00000000-0001-7000-8000-000000000000}","06103",563,2,"kg",2.00,1000.00
"{00000000-0001-7000-8000-000000000000}","06104",564,1,"g",1.00,1.00
"{00000000-0001-7000-8000-000000000000}","06104",564,2,"kg",2.00,1000.00
"{00000000-0001-7000-8000-000000000000}","06105",565,1,"g",1.00,1.00
"{00000000-0001-7000-8000-000000000000}","06105",565,2,"kg",2.00,1000.00
"{00000000-0001-7000-8000-000000000000}","06106",566,1,"g",1.00,1.00
"{00000000-0001-7000-8000-000000000000}","06106",566,2,"kg",2.00,1000.00
"{00000000-0001-7000-8000-000000000000}","06107",567,1,"g",1.00,1.00
"{00000000-0001-7000-8000-000000000000}","06107",567,2,"kg",2.00,1000.00
"{00000000-0001-7000-8000-000000000000}","06108",568,1,"g",1.00,1.00
"{00000000-0001-7000-8000-000000000000}","06108",568,2,"kg",2.00,1000.00
"{00000000-0001-7000-8000-000000000000}","06109",569,1,"g",1.00,1.00
"{00000000-0001-7000-8000-000000000000}","06109",569,2,"kg",2.00,1000.00
"{00000000-0001-7000-8000-000000000000}","06110",570,1,"g",1.00,1.00
"{00000000-0001-7000-8000-000000000000}","06110",570,2,"kg",2.00,1000.00
"{00000000-0001-7000-8000-000000000000}","06111",571,1,"g",1.00,1.00
"{00000000-0001-7000-8000-000000000000}","06111",571,2,"kg",2.00,1000.00
"{00000000-0001-7000-8000-000000000000}","06112",572,1,"g",1.00,1.00
"{00000000-0001-7000-8000-000000000000}","06112",572,2,"kg",2.00,1000.00
"{00000000-0001-7000-8000-000000000000}","06113",573,1,"g",1.00,1.00
"{00000000-0001-7000-8000-000000000000}","06113",573,2,"kg",2.00,1000.00
"{00000000-0001-7000-8000-000000000000}","06114",574,1,"g",1.00,1.00
"{00000000-0001-7000-8000-000000000000}","06114",574,2,"kg",2.00,1000.00
"{00000000-0001-7000-8000-000000000000}","06115",575,1,"g",1.00,1.00
"{00000000-0001-7000-8000-000000000000}","06115",575,2,"kg",2.00,1000.00
"{00000000-0001-7000-8000-000000000000}","06116",576,1,"g",1.00,1.00
"{00000000-0001-7000-8000-000000000000}","06116",576,2,"kg",2.00,1000.00
"{00000000-0001-7000-8000-000000000000}","06117",577,1,"g",1.00,1.00
"{00000000-0001-7000-8000-000000000000}","06117",577,2,"kg",2.00,1000.00
"{00000000-0001-7000-8000-000000000000}","06118",578,1,"g",1.00,1.00
"{00000000-0001-7000-8000-000000000000}","06118",578,2,"kg",2.00,1000.00
"{00000000-0001-7000-8000-000000000000}","06119",579,1,"g",1.00,1.00
"{00000000-0001-7000-8000-000000000000}","06119",579,2,"kg",2.00,1000.00
"{00000000-0001-7000-8000-000000000000}","06120",580,1,"g",1.00,1.00
"{00000000-0001-7000-8000-000000000000}","06120",580,2,"kg",2.00,1000.00
"{00000000-0001-7000-8000-000000000000}","06121",581,1,"g",1.00,1.00
"{00000000-0001-7000-8000-000000000000}","06121",581,2,"kg",2.00,1000.00
"{00000000-0001-7000-8000-000000000000}","06122",582,1,"g",1.00,1.00
"{00000000-0001-7000-8000-000000000000}","06122",582,2,"kg",2.00,1000.00
"{00000000-0001-7000-8000-000000000000}","06123",583,1,"g",1.00,1.00
"{00000000-0001-7000-8000-000000000000}","06123",583,2,"kg",2.00,1000.00
"{00000000-0001-7000-8000-000000000000}","06124",584,1,"g",1.00,1.00
"{00000000-0001-7000-8000-000000000000}","06124",584,2,"kg",2.00,1000.00
"{00000000-0001-7000-8000-000000000000}","06125",585,1,"g",1.00,1.00
"{00000000-0001-7000-8000-000000000000}","06125",585,2,"kg",2.00,1000.00
"{00000000-0001-7000-8000-000000000000}","06126",586,1,"g",1.00,1.00
"{00000000-0001-7000-8000-000000000000}","06126",586,2,"kg",2.00,1000.00
"{00000000-0001-7000-8000-000000000000}","06127",587,1,"g",1.00,1.00
"{00000000-0001-7000-8000-000000000000}","06127",587,2,"kg",2.00,1000.00
"{00000000-0001-7000-8000-000000000000}","06128",588,1,"g",1.00,1.00
"{00000000-0001-7000-8000-000000000000}","06128",588,2,"kg",2.00,1000.00
"{00000000-0001-7000-8000-000000000000}","06129",589,1,"g",1.00,1.00
"{00000000-0001-7000-8000-000000000000}","06129",589,2,"kg",2.00,1000.00
"{00000000-0001-7000-8000-000000000000}","06130",590,1,"g",1.00,1.00
"{00000000-0001-7000-8000-000000000000}","06130",590,2,"kg",2.00,1000.00
"{00000000-0001-7000-8000-000000000000}","06131",591,1,"g",1.00,1.00
"{00000000-0001-7000-8000-000000000000}","06131",591,2,"kg",2.00,1000.00
"{00000000-0001-7000-8000-000000000000}","06132",592,1,"g",1.00,1.00
"{00000000-0001-7000-8000-000000000000}","06132",592,2,"kg",2.00,1000.00
"{00000000-0001-7000-8000-000000000000}","06133",593,1,"g",1.00,1.00
"{00000000-0001-7000-8000-000000000000}","06133",593,2,"kg",2.00,1000.00
"{00000000-0001-7000-8000-000000000000}","06134",594,1,"g",1.00,1.00
"{00000000-0001-7000-8000-000000000000}","06134",594,2,"kg",2.00,1000.00
"{00000000-0001-7000-8000-000000000000}","06135",595,1,"g",1.00,1.00
"{00000000-0001-7000-8000-000000000000}","06135",595,2,"kg",2.00,1000.00
"{00000000-0001-7000-8000-000000000000}","06136",596,1,"g",1.00,1.00
"{00000000-0001-7000-8000-000000000000}","06136",596,2,"kg",2.00,1000.00
"{00000000-0001-7000-8000-000000000000}","06137",597,1,"g",1.00,1.00
"{00000000-0001-7000-8000-000000000000}","06137",597,2,"kg",2.00,1000.00
"{00000000-0001-7000-8000-000000000000}","06138",598,1,"g",1.00,1.00
"{00000000-0001-7000-8000-000000000000}","06138",598,2,"kg",2.00,1000.00
"{00000000-0001-7000-8000-000000000000}","06139",599,1,"g",1.00,1.00
"{00000000-0001-7000-8000-000000000000}","06139",599,2,"kg",2.00,1000.00
"{00000000-0001-7000-8000-000000000000}","06140",600,1,"g",1.00,1.00
"{00000000-0001-7000-8000-000000000000}","06140",600,2,"kg",2.00,1000.00
"{00000000-0001-7000-8000-000000000000}","06141",601,1,"g",1.00,1.00
"{00000000-0001-7000-8000-000000000000}","06141",601,2,"kg",2.00,1000.00
"{00000000-0001-7000-8000-000000000000}","06142",602,1,"g",1.00,1.00
"{00000000-0001-7000-8000-000000000000}","06142",602,2,"kg",2.00,1000.00
"{00000000-0001-7000-8000-000000000000}","06143",603,1,"g",1.00,1.00
"{00000000-0001-7000-8000-000000000000}","06143",603,2,"kg",2.00,1000.00
"{00000000-0001-7000-8000-000000000000}","06144",604,1,"g",1.00,1.00
"{00000000-0001-7000-8000-000000000000}","06144",604,2,"kg",2.00,1000.00
"{00000000-0001-7000-8000-000000000000}","06145",605,1,"g",1.00,1.00
"{00000000-0001-7000-8000-000000000000}","06145",605,2,"kg",2.00,1000.00
"{00000000-0001-7000-8000-000000000000}","06146",606,1,"g",1.00,1.00
"{00000000-0001-7000-8000-000000000000}","06146",606,2,"kg",2.00,1000.00
"{00000000-0001-7000-8000-000000000000}","06147",607,1,"g",1.00,1.00
"{00000000-0001-7000-8000-000000000000}","06147",607,2,"kg",2.00,1000.00
"{00000000-0001-7000-8000-000000000000}","06148",608,1,"g",1.00,1.00
"{00000000-0001-7000-8000-000000000000}","06148",608,2,"kg",2.00,1000.00
"{00000000-0001-7000-8000-000000000000}","06149",609,1,"g",1.00,1.00
"{00000000-0001-7000-8000-000000000000}","06149",609,2,"kg",2.00,1000.00
"{00000000-0001-7000-8000-000000000000}","06150",610,1,"g",1.00,1.00
"{00000000-0001-7000-8000-000000000000}","06150",610,2,"kg",2.00,1000.00
"{00000000-0001-7000-8000-000000000000}","06151",611,1,"g",1.00,1.00
"{00000000-0001-7000-8000-000000000000}","06151",611,2,"kg",2.00,1000.00
"{00000000-0001-7000-8000-000000000000}","06152",612,1,"g",1.00,1.00
"{00000000-0001-7000-8000-000000000000}","06152",612,2,"kg",2.00,1000.00
"{00000000-0001-7000-8000-000000000000}","06153",613,1,"g",1.00,1.00
"{00000000-0001-7000-8000-000000000000}","06153",613,2,"kg",2.00,1000.00
"{00000000-0001-7000-8000-000000000000}","06154",614,1,"g",1.00,1.00
"{00000000-0001-7000-8000-000000000000}","06154",614,2,"kg",2.00,1000.00
"{00000000-0001-7000-8000-000000000000}","06155",615,1,"g",1.00,1.00
"{00000000-0001-7000-8000-000000000000}","06155",615,2,"kg",2.00,1000.00
"{00000000-0001-7000-8000-000000000000}","06156",616,1,"g",1.00,1.00
"{00000000-0001-7000-8000-000000000000}","06156",616,2,"kg",2.00,1000.00
"{00000000-0001-7000-8000-000000000000}","06157",617,1,"g",1.00,1.00
"{00000000-0001-7000-8000-000000000000}","06157",617,2,"kg",2.00,1000.00
"{00000000-0001-7000-8000-000000000000}","06158",618,1,"g",1.00,1.00
"{00000000-0001-7000-8000-000000000000}","06158",618,2,"kg",2.00,1000.00
"{00000000-0001-7000-8000-000000000000}","06159",619,1,"g",1.00,1.00
"{00000000-0001-7000-8000-000000000000}","06159",619,2,"kg",2.00,1000.00
"{00000000-0001-7000-8000-000000000000}","06160",620,1,"g",1.00,1.00
"{00000000-0001-7000-8000-000000000000}","06160",620,2,"kg",2.00,1000.00
"{00000000-0001-7000-8000-000000000000}","06161",621,1,"g",1.00,1.00
"{00000000-0001-7000-8000-000000000000}","06161",621,2,"kg",2.00,1000.00
"{00000000-0001-7000-8000-000000000000}","06162",622,1,"g",1.00,1.00
"{00000000-0001-7000-8000-000000000000}","06162",622,2,"kg",2.00,1000.00
"{00000000-0001-7000-8000-000000000000}","06163",623,1,"g",1.00,1.00
"{00000000-0001-7000-8000-000000000000}","06163",623,2,"kg",2.00,1000.00
"{00000000-0001-7000-8000-000000000000}","06164",624,1,"g",1.00,1.00
"{00000000-0001-7000-8000-000000000000}","06164",624,2,"kg",2.00,1000.00
"{00000000-0001-7000-8000-000000000000}","06165",625,1,"g",1.00,1.00
"{00000000-0001-7000-8000-000000000000}","06165",625,2,"kg",2.00,1000.00
"{00000000-0001-7000-8000-000000000000}","06166",626,1,"g",1.00,1.00
"{00000000-0001-7000-8000-000000000000}","06166",626,2,"kg",2.00,1000.00
"{00000000-0001-7000-8000-000000000000}","06167",627,1,"g",1.00,1.00
"{00000000-0001-7000-8000-000000000000}","06167",627,2,"kg",2.00,1000.00
"{00000000-0001-7000-8000-000000000000}","06168",628,1,"g",1.00,1.00
"{00000000-0001-7000-8000-000000000000}","06168",628,2,"kg",2.00,1000.00
"{00000000-0001-7000-8000-000000000000}","06169",629,1,"g",1.00,1.00
"{00000000-0001-7000-8000-000000000000}","06169",629,2,"kg",2.00,1000.00
"{00000000-0001-7000-8000-000000000000}","06170",630,1,"g",1.00,1.00
"{00000000-0001-7000-8000-000000000000}","06170",630,2,"kg",2.00,1000.00
"{00000000-0001-7000-8000-000000000000}","06171",631,1,"g",1.00,1.00
"{00000000-0001-7000-8000-000000000000}","06171",631,2,"kg",2.00,1000.00
"{00000000-0001-7000-8000-000000000000}","06172",632,1,"g",1.00,1.00
"{00000000-0001-7000-8000-000000000000}","06172",632,2,"kg",2.00,1000.00
"{00000000-0001-7000-8000-000000000000}","06173",633,1,"g",1.00,1.00
"{00000000-0001-7000-8000-000000000000}","06173",633,2,"kg",2.00,1000.00
"{00000000-0001-7000-8000-000000000000}","06174",634,1,"g",1.00,1.00
"{00000000-0001-7000-8000-000000000000}","06174",634,2,"kg",2.00,1000.00
"{00000000-0001-7000-8000-000000000000}","06175",635,1,"g",1.00,1.00
"{00000000-0001-7000-8000-000000000000}","06175",635,2,"kg",2.00,1000.00
"{00000000-0001-7000-8000-000000000000}","06176",636,1,"g",1.00,1.00
"{00000000-0001-7000-8000-000000000000}","06176",636,2,"kg",2.00,1000.00
"{00000000-0001-7000-8000-000000000000}","06177",637,1,"g",1.00,1.00
"{00000000-0001-7000-8000-000000000000}","06177",637,2,"kg",2.00,1000.00
"{00000000-0001-7000-8000-000000000000}","06178",638,1,"g",1.00,1.00
"{00000000-0001-7000-8000-000000000000}","06178",638,2,"kg",2.00,1000.00
"{00000000-0001-7000-8000-000000000000}","06179",639,1,"g",1.00,1.00
"{00000000-0001-7000-8000-000000000000}","06179",639,2,"kg",2.00,1000.00
"{00000000-0001-7000-8000-000000000000}","06180",640,1,"g",1.00,1.00
"{00000000-0001-7000-8000-000000000000}","06180",640,2,"kg",2.00,1000.00
"{00000000-0001-7000-8000-000000000000}","06181",641,1,"g",1.00,1.00
"{00000000-0001-7000-8000-000000000000}","06181",641,2,"kg",2.00,1000.00
"{00000000-0001-7000-8000-000000000000}","06182",642,1,"g",1.00,1.00
"{00000000-0001-7000-8000-000000000000}","06182",642,2,"kg",2.00,1000.00
"{00000000-0001-7000-8000-000000000000}","06183",643,1,"g",1.00,1.00
"{00000000-0001-7000-8000-000000000000}","06183",643,2,"kg",2.00,1000.00
"{00000000-0001-7000-8000-000000000000}","06184",644,1,"g",1.00,1.00
"{00000000-0001-7000-8000-000000000000}","06184",644,2,"kg",2.00,1000.00
"{00000000-0001-7000-8000-000000000000}","06185",645,1,"g",1.00,1.00
"{00000000-0001-7000-8000-000000000000}","06185",645,2,"kg",2.00,1000.00
"{00000000-0001-7000-8000-000000000000}","06186",646,1,"g",1.00,1.00
"{00000000-0001-7000-8000-000000000000}","06186",646,2,"kg",2.00,1000.00
"{00000000-0001-7000-8000-000000000000}","06187",647,1,"g",1.00,1.00
"{00000000-0001-7000-8000-000000000000}","06187",647,2,"kg",2.00,1000.00
"{00000000-0001-7000-8000-000000000000}","06188",648,1,"g",1.00,1.00
"{00000000-0001-7000-8000-000000000000}","06188",648,2,"kg",2.00,1000.00
"{00000000-0001-7000-8000-000000000000}","06189",649,1,"g",1.00,1.00
"{00000000-0001-7000-8000-000000000000}","06189",649,2,"kg",2.00,1000.00
"{00000000-0001-7000-8000-000000000000}","06190",650,1,"g",1.00,1.00
"{00000000-0001-7000-8000-000000000000}","06190",650,2,"kg",2.00,1000.00
"{00000000-0001-7000-8000-000000000000}","06191",651,1,"g",1.00,1.00
"{00000000-0001-7000-8000-000000000000}","06191",651,2,"kg",2.00,1000.00
"{00000000-0001-7000-8000-000000000000}","06192",652,1,"g",1.00,1.00
"{00000000-0001-7000-8000-000000000000}","06192",652,2,"kg",2.00,1000.00
"{00000000-0001-7000-8000-000000000000}","06193",653,1,"g",1.00,1.00
"{00000000-0001-7000-8000-000000000000}","06193",653,2,"kg",2.00,1000.00
"{00000000-0001-7000-8000-000000000000}","06194",654,1,"g",1.00,1.00
"{00000000-0001-7000-8000-000000000000}","06194",654,2,"kg",2.00,1000.00
"{00000000-0001-7000-8000-000000000000}","06195",655,1,"g",1.00,1.00
"{00000000-0001-7000-8000-000000000000}","06195",655,2,"kg",2.00,1000.00
"{00000000-0001-7000-8000-000000000000}","06196",656,1,"g",1.00,1.00
"{00000000-0001-7000-8000-000000000000}","06196",656,2,"kg",2.00,1000.00
"{00000000-0001-7000-8000-000000000000}","06197",657,1,"g",1.00,1.00
"{00000000-0001-7000-8000-000000000000}","06197",657,2,"kg",2.00,1000.00
"{00000000-0001-7000-8000-000000000000}","06198",658,1,"g",1.00,1.00
"{00000000-0001-7000-8000-000000000000}","06198",658,2,"kg",2.00,1000.00
"{00000000-0001-7000-8000-000000000000}","06199",659,1,"g",1.00,1.00
"{00000000-0001-7000-8000-000000000000}","06199",659,2,"kg",2.00,1000.00
"{00000000-0001-7000-8000-000000000000}","06200",660,1,"g",1.00,1.00
"{00000000-0001-7000-8000-000000000000}","06200",660,2,"kg",2.00,1000.00
"{00000000-0001-7000-8000-000000000000}","06201",661,1,"g",1.00,1.00
"{00000000-0001-7000-8000-000000000000}","06201",661,2,"kg",2.00,1000.00
"{00000000-0001-7000-8000-000000000000}","06202",662,1,"g",1.00,1.00
"{00000000-0001-7000-8000-000000000000}","06202",662,2,"kg",2.00,1000.00
"{00000000-0001-7000-8000-000000000000}","06203",663,1,"g",1.00,1.00
"{00000000-0001-7000-8000-000000000000}","06203",663,2,"kg",2.00,1000.00
"{00000000-0001-7000-8000-000000000000}","06204",664,1,"g",1.00,1.00
"{00000000-0001-7000-8000-000000000000}","06204",664,2,"kg",2.00,1000.00
"{00000000-0001-7000-8000-000000000000}","06205",665,1,"g",1.00,1.00
"{00000000-0001-7000-8000-000000000000}","06205",665,2,"kg",2.00,1000.00
"{00000000-0001-7000-8000-000000000000}","06206",666,1,"g",1.00,1.00
"{00000000-0001-7000-8000-000000000000}","06206",666,2,"kg",2.00,1000.00
"{00000000-0001-7000-8000-000000000000}","06207",667,1,"g",1.00,1.00
"{00000000-0001-7000-8000-000000000000}","06207",667,2,"kg",2.00,1000.00
"{00000000-0001-7000-8000-000000000000}","06208",668,1,"g",1.00,1.00
"{00000000-0001-7000-8000-000000000000}","06208",668,2,"kg",2.00,1000.00
"{00000000-0001-7000-8000-000000000000}","06209",669,1,"g",1.00,1.00
"{00000000-0001-7000-8000-000000000000}","06209",669,2,"kg",2.00,1000.00
"{00000000-0001-7000-8000-000000000000}","06210",670,1,"g",1.00,1.00
"{00000000-0001-7000-8000-000000000000}","06210",670,2,"kg",2.00,1000.00
"{00000000-0001-7000-8000-000000000000}","06211",671,1,"g",1.00,1.00
"{00000000-0001-7000-8000-000000000000}","06211",671,2,"kg",2.00,1000.00
"{00000000-0001-7000-8000-000000000000}","06212",672,1,"g",1.00,1.00
"{00000000-0001-7000-8000-000000000000}","06212",672,2,"kg",2.00,1000.00
"{00000000-0001-7000-8000-000000000000}","06213",673,1,"g",1.00,1.00
"{00000000-0001-7000-8000-000000000000}","06213",673,2,"kg",2.00,1000.00
"{00000000-0001-7000-8000-000000000000}","06214",674,1,"g",1.00,1.00
"{00000000-0001-7000-8000-000000000000}","06214",674,2,"kg",2.00,1000.00
"{00000000-0001-7000-8000-000000000000}","06215",675,1,"g",1.00,1.00
"{00000000-0001-7000-8000-000000000000}","06215",675,2,"kg",2.00,1000.00
"{00000000-0001-7000-8000-000000000000}","06216",676,1,"g",1.00,1.00
"{00000000-0001-7000-8000-000000000000}","06216",676,2,"kg",2.00,1000.00
"{00000000-0001-7000-8000-000000000000}","06217",677,1,"g",1.00,1.00
"{00000000-0001-7000-8000-000000000000}","06217",677,2,"kg",2.00,1000.00
"{00000000-0001-7000-8000-000000000000}","06218",678,1,"g",1.00,1.00
"{00000000-0001-7000-8000-000000000000}","06218",678,2,"kg",2.00,1000.00
"{00000000-0001-7000-8000-000000000000}","06219",679,1,"g",1.00,1.00
"{00000000-0001-7000-8000-000000000000}","06219",679,2,"kg",2.00,1000.00
"{00000000-0001-7000-8000-000000000000}","06220",680,1,"g",1.00,1.00
"{00000000-0001-7000-8000-000000000000}","06220",680,2,"kg",2.00,1000.00
"{00000000-0001-7000-8000-000000000000}","06221",681,1,"g",1.00,1.00
"{00000000-0001-7000-8000-000000000000}","06221",681,2,"kg",2.00,1000.00
"{00000000-0001-7000-8000-000000000000}","06222",682,1,"g",1.00,1.00
"{00000000-0001-7000-8000-000000000000}","06222",682,2,"kg",2.00,1000.00
"{00000000-0001-7000-8000-000000000000}","06223",683,1,"g",1.00,1.00
"{00000000-0001-7000-8000-000000000000}","06223",683,2,"kg",2.00,1000.00
"{00000000-0001-7000-8000-000000000000}","06224",684,1,"g",1.00,1.00
"{00000000-0001-7000-8000-000000000000}","06224",684,2,"kg",2.00,1000.00
"{00000000-0001-7000-8000-000000000000}","06225",685,1,"g",1.00,1.00
"{00000000-0001-7000-8000-000000000000}","06225",685,2,"kg",2.00,1000.00
"{00000000-0001-7000-8000-000000000000}","06226",686,1,"g",1.00,1.00
"{00000000-0001-7000-8000-000000000000}","06226",686,2,"kg",2.00,1000.00
"{00000000-0001-7000-8000-000000000000}","06227",687,1,"g",1.00,1.00
"{00000000-0001-7000-8000-000000000000}","06227",687,2,"kg",2.00,1000.00
"{00000000-0001-7000-8000-000000000000}","06228",688,1,"g",1.00,1.00
"{00000000-0001-7000-8000-000000000000}","06228",688,2,"kg",2.00,1000.00
"{00000000-0001-7000-8000-000000000000}","06229",689,1,"g",1.00,1.00
"{00000000-0001-7000-8000-000000000000}","06229",689,2,"kg",2.00,1000.00
"{00000000-0001-7000-8000-000000000000}","06230",690,1,"g",1.00,1.00
"{00000000-0001-7000-8000-000000000000}","06230",690,2,"kg",2.00,1000.00
"{00000000-0001-7000-8000-000000000000}","06231",691,1,"g",1.00,1.00
"{00000000-0001-7000-8000-000000000000}","06231",691,2,"kg",2.00,1000.00
"{00000000-0001-7000-8000-000000000000}","06232",692,1,"g",1.00,1.00
"{00000000-0001-7000-8000-000000000000}","06232",692,2,"kg",2.00,1000.00
"{00000000-0001-7000-8000-000000000000}","06233",693,1,"g",1.00,1.00
"{00000000-0001-7000-8000-000000000000}","06233",693,2,"kg",2.00,1000.00
"{00000000-0001-7000-8000-000000000000}","06234",694,1,"g",1.00,1.00
"{00000000-0001-7000-8000-000000000000}","06234",694,2,"kg",2.00,1000.00
"{00000000-0001-7000-8000-000000000000}","06235",695,1,"g",1.00,1.00
"{00000000-0001-7000-8000-000000000000}","06235",695,2,"kg",2.00,1000.00
"{00000000-0001-7000-8000-000000000000}","06236",696,1,"g",1.00,1.00
"{00000000-0001-7000-8000-000000000000}","06236",696,2,"kg",2.00,1000.00
"{00000000-0001-7000-8000-000000000000}","06237",697,1,"g",1.00,1.00
"{00000000-0001-7000-8000-000000000000}","06237",697,2,"kg",2.00,1000.00
"{00000000-0001-7000-8000-000000000000}","06238",698,1,"g",1.00,1.00
"{00000000-0001-7000-8000-000000000000}","06238",698,2,"kg",2.00,1000.00
"{00000000-0001-7000-8000-000000000000}","06239",699,1,"g",1.00,1.00
"{00000000-0001-7000-8000-000000000000}","06239",699,2,"kg",2.00,1000.00
"{00000000-0001-7000-8000-000000000000}","06240",700,1,"g",1.00,1.00
"{00000000-0001-7000-8000-000000000000}","06240",700,2,"kg",2.00,1000.00
"{00000000-0001-7000-8000-000000000000}","06241",701,1,"g",1.00,1.00
"{00000000-0001-7000-8000-000000000000}","06241",701,2,"kg",2.00,1000.00
"{00000000-0001-7000-8000-000000000000}","06242",702,1,"g",1.00,1.00
"{00000000-0001-7000-8000-000000000000}","06242",702,2,"kg",2.00,1000.00
"{00000000-0001-7000-8000-000000000000}","06243",703,1,"g",1.00,1.00
"{00000000-0001-7000-8000-000000000000}","06243",703,2,"kg",2.00,1000.00
"{00000000-0001-7000-8000-000000000000}","06244",704,1,"g",1.00,1.00
"{00000000-0001-7000-8000-000000000000}","06244",704,2,"kg",2.00,1000.00
"{00000000-0001-7000-8000-000000000000}","06245",705,1,"g",1.00,1.00
"{00000000-0001-7000-8000-000000000000}","06245",705,2,"kg",2.00,1000.00
"{00000000-0001-7000-8000-000000000000}","06246",706,1,"g",1.00,1.00
"{00000000-0001-7000-8000-000000000000}","06246",706,2,"kg",2.00,1000.00
"{00000000-0001-7000-8000-000000000000}","06247",707,1,"g",1.00,1.00
"{00000000-0001-7000-8000-000000000000}","06247",707,2,"kg",2.00,1000.00
"{00000000-0001-7000-8000-000000000000}","06248",708,1,"g",1.00,1.00
"{00000000-0001-7000-8000-000000000000}","06248",708,2,"kg",2.00,1000.00
"{00000000-0001-7000-8000-000000000000}","06249",709,1,"g",1.00,1.00
"{00000000-0001-7000-8000-000000000000}","06249",709,2,"kg",2.00,1000.00
"{00000000-0001-7000-8000-000000000000}","06250",710,1,"g",1.00,1.00
"{00000000-0001-7000-8000-000000000000}","06250",710,2,"kg",2.00,1000.00
"{00000000-0001-7000-8000-000000000000}","06251",711,1,"g",1.00,1.00
"{00000000-0001-7000-8000-000000000000}","06251",711,2,"kg",2.00,1000.00
"{00000000-0001-7000-8000-000000000000}","06252",712,1,"g",1.00,1.00
"{00000000-0001-7000-8000-000000000000}","06252",712,2,"kg",2.00,1000.00
"{00000000-0001-7000-8000-000000000000}","06253",713,1,"g",1.00,1.00
"{00000000-0001-7000-8000-000000000000}","06253",713,2,"kg",2.00,1000.00
"{00000000-0001-7000-8000-000000000000}","06254",714,1,"g",1.00,1.00
"{00000000-0001-7000-8000-000000000000}","06254",714,2,"kg",2.00,1000.00
"{00000000-0001-7000-8000-000000000000}","06255",715,1,"g",1.00,1.00
"{00000000-0001-7000-8000-000000000000}","06255",715,2,"kg",2.00,1000.00
"{00000000-0001-7000-8000-000000000000}","06256",716,1,"g",1.00,1.00
"{00000000-0001-7000-8000-000000000000}","06256",716,2,"kg",2.00,1000.00
"{00000000-0001-7000-8000-000000000000}","06257",717,1,"g",1.00,1.00
"{00000000-0001-7000-8000-000000000000}","06257",717,2,"kg",2.00,1000.00
"{00000000-0001-7000-8000-000000000000}","06258",718,1,"g",1.00,1.00
"{00000000-0001-7000-8000-000000000000}","06258",718,2,"kg",2.00,1000.00
"{00000000-0001-7000-8000-000000000000}","06259",719,1,"g",1.00,1.00
"{00000000-0001-7000-8000-000000000000}","06259",719,2,"kg",2.00,1000.00
"{00000000-0001-7000-8000-000000000000}","06260",720,1,"g",1.00,1.00
"{00000000-0001-7000-8000-000000000000}","06260",720,2,"kg",2.00,1000.00
"{00000000-0001-7000-8000-000000000000}","06261",721,1,"g",1.00,1.00
"{00000000-0001-7000-8000-000000000000}","06261",721,2,"kg",2.00,1000.00
"{00000000-0001-7000-8000-000000000000}","06262",722,1,"g",1.00,1.00
"{00000000-0001-7000-8000-000000000000}","06262",722,2,"kg",2.00,1000.00
"{00000000-0001-7000-8000-000000000000}","06263",723,1,"g",1.00,1.00
"{00000000-0001-7000-8000-000000000000}","06263",723,2,"kg",2.00,1000.00
"{00000000-0001-7000-8000-000000000000}","06264",724,1,"g",1.00,1.00
"{00000000-0001-7000-8000-000000000000}","06264",724,2,"kg",2.00,1000.00
"{00000000-0001-7000-8000-000000000000}","06265",725,1,"g",1.00,1.00
"{00000000-0001-7000-8000-000000000000}","06265",725,2,"kg",2.00,1000.00
"{00000000-0001-7000-8000-000000000000}","06266",726,1,"g",1.00,1.00
"{00000000-0001-7000-8000-000000000000}","06266",726,2,"kg",2.00,1000.00
"{00000000-0001-7000-8000-000000000000}","06267",727,1,"g",1.00,1.00
"{00000000-0001-7000-8000-000000000000}","06267",727,2,"kg",2.00,1000.00
"{00000000-0001-7000-8000-000000000000}","06268",728,1,"g",1.00,1.00
"{00000000-0001-7000-8000-000000000000}","06268",728,2,"kg",2.00,1000.00
"{00000000-0001-7000-8000-000000000000}","06269",729,1,"g",1.00,1.00
"{00000000-0001-7000-8000-000000000000}","06269",729,2,"kg",2.00,1000.00
"{00000000-0001-7000-8000-000000000000}","06270",730,1,"g",1.00,1.00
"{00000000-0001-7000-8000-000000000000}","06270",730,2,"kg",2.00,1000.00
"{00000000-0001-7000-8000-000000000000}","06271",731,1,"g",1.00,1.00
"{00000000-0001-7000-8000-000000000000}","06271",731,2,"kg",2.00,1000.00
"{00000000-0001-7000-8000-000000000000}","06272",732,1,"g",1.00,1.00
"{00000000-0001-7000-8000-000000000000}","06272",732,2,"kg",2.00,1000.00
"{00000000-0001-7000-8000-000000000000}","06273",733,1,"g",1.00,1.00
"{00000000-0001-7000-8000-000000000000}","06273",733,2,"kg",2.00,1000.00
"{00000000-0001-7000-8000-000000000000}","06274",734,1,"g",1.00,1.00
"{00000000-0001-7000-8000-000000000000}","06274",734,2,"kg",2.00,1000.00
"{00000000-0001-7000-8000-000000000000}","06275",735,1,"g",1.00,1.00
"{00000000-0001-7000-8000-000000000000}","06275",735,2,"kg",2.00,1000.00
"{00000000-0001-7000-8000-000000000000}","06276",736,1,"g",1.00,1.00
"{00000000-0001-7000-8000-000000000000}","06276",736,2,"kg",2.00,1000.00
"{00000000-0001-7000-8000-000000000000}","06277",737,1,"g",1.00,1.00
"{00000000-0001-7000-8000-000000000000}","06277",737,2,"kg",2.00,1000.00
"{00000000-0001-7000-8000-000000000000}","06278",738,1,"g",1.00,1.00
"{00000000-0001-7000-8000-000000000000}","06278",738,2,"kg",2.00,1000.00
"{00000000-0001-7000-8000-000000000000}","06279",739,1,"g",1.00,1.00
"{00000000-0001-7000-8000-000000000000}","06279",739,2,"kg",2.00,1000.00
"{00000000-0001-7000-8000-000000000000}","06280",740,1,"g",1.00,1.00
"{00000000-0001-7000-8000-000000000000}","06280",740,2,"kg",2.00,1000.00
"{00000000-0001-7000-8000-000000000000}","06281",741,1,"g",1.00,1.00
"{00000000-0001-7000-8000-000000000000}","06281",741,2,"kg",2.00,1000.00
"{00000000-0001-7000-8000-000000000000}","06282",742,1,"g",1.00,1.00
"{00000000-0001-7000-8000-000000000000}","06282",742,2,"kg",2.00,1000.00
"{00000000-0001-7000-8000-000000000000}","06283",743,1,"g",1.00,1.00
"{00000000-0001-7000-8000-000000000000}","06283",743,2,"kg",2.00,1000.00
"{00000000-0001-7000-8000-000000000000}","06284",744,1,"g",1.00,1.00
"{00000000-0001-7000-8000-000000000000}","06284",744,2,"kg",2.00,1000.00
"{00000000-0001-7000-8000-000000000000}","06285",745,1,"g",1.00,1.00
"{00000000-0001-7000-8000-000000000000}","06285",745,2,"kg",2.00,1000.00
"{00000000-0001-7000-8000-000000000000}","06286",746,1,"g",1.00,1.00
"{00000000-0001-7000-8000-000000000000}","06286",746,2,"kg",2.00,1000.00
"{00000000-0001-7000-8000-000000000000}","06287",747,1,"g",1.00,1.00
"{00000000-0001-7000-8000-000000000000}","06287",747,2,"kg",2.00,1000.00
"{00000000-0001-7000-8000-000000000000}","06288",748,1,"g",1.00,1.00
"{00000000-0001-7000-8000-000000000000}","06288",748,2,"kg",2.00,1000.00
"{00000000-0001-7000-8000-000000000000}","06289",749,1,"g",1.00,1.00
"{00000000-0001-7000-8000-000000000000}","06289",749,2,"kg",2.00,1000.00
"{00000000-0001-7000-8000-000000000000}","06290",750,1,"g",1.00,1.00
"{00000000-0001-7000-8000-000000000000}","06290",750,2,"kg",2.00,1000.00
"{00000000-0001-7000-8000-000000000000}","06291",751,1,"g",1.00,1.00
"{00000000-0001-7000-8000-000000000000}","06291",751,2,"kg",2.00,1000.00
"{00000000-0001-7000-8000-000000000000}","06292",752,1,"g",1.00,1.00
"{00000000-0001-7000-8000-000000000000}","06292",752,2,"kg",2.00,1000.00
"{00000000-0001-7000-8000-000000000000}","06293",753,1,"g",1.00,1.00
"{00000000-0001-7000-8000-000000000000}","06293",753,2,"kg",2.00,1000.00
"{00000000-0001-7000-8000-000000000000}","06294",754,1,"g",1.00,1.00
"{00000000-0001-7000-8000-000000000000}","06294",754,2,"kg",2.00,1000.00
"{00000000-0001-7000-8000-000000000000}","06295",755,1,"g",1.00,1.00
"{00000000-0001-7000-8000-000000000000}","06295",755,2,"kg",2.00,1000.00
"{00000000-0001-7000-8000-000000000000}","06296",756,1,"g",1.00,1.00
"{00000000-0001-7000-8000-000000000000}","06296",756,2,"kg",2.00,1000.00
"{00000000-0001-7000-8000-000000000000}","06297",757,1,"g",1.00,1.00
"{00000000-0001-7000-8000-000000000000}","06297",757,2,"kg",2.00,1000.00
"{00000000-0001-7000-8000-000000000000}","06298",758,1,"g",1.00,1.00
"{00000000-0001-7000-8000-000000000000}","06298",758,2,"kg",2.00,1000.00
"{00000000-0001-7000-8000-000000000000}","06299",759,1,"g",1.00,1.00
"{00000000-0001-7000-8000-000000000000}","06299",759,2,"kg",2.00,1000.00
"{00000000-0001-7000-8000-000000000000}","06300",760,1,"g",1.00,1.00
"{00000000-0001-7000-8000-000000000000}","06300",760,2,"kg",2.00,1000.00
"{00000000-0001-7000-8000-000000000000}","06301",761,1,"g",1.00,1.00
"{00000000-0001-7000-8000-000000000000}","06301",761,2,"kg",2.00,1000.00
"{00000000-0001-7000-8000-000000000000}","06302",762,1,"g",1.00,1.00
"{00000000-0001-7000-8000-000000000000}","06302",762,2,"kg",2.00,1000.00
"{00000000-0001-7000-8000-000000000000}","06303",763,1,"g",1.00,1.00
"{00000000-0001-7000-8000-000000000000}","06303",763,2,"kg",2.00,1000.00
"{00000000-0001-7000-8000-000000000000}","06304",764,1,"g",1.00,1.00
"{00000000-0001-7000-8000-000000000000}","06304",764,2,"kg",2.00,1000.00
"{00000000-0001-7000-8000-000000000000}","06305",765,1,"g",1.00,1.00
"{00000000-0001-7000-8000-000000000000}","06305",765,2,"kg",2.00,1000.00
"{00000000-0001-7000-8000-000000000000}","06306",766,1,"g",1.00,1.00
"{00000000-0001-7000-8000-000000000000}","06306",766,2,"kg",2.00,1000.00
"{00000000-0001-7000-8000-000000000000}","06307",767,1,"g",1.00,1.00
"{00000000-0001-7000-8000-000000000000}","06307",767,2,"kg",2.00,1000.00
"{00000000-0001-7000-8000-000000000000}","06308",768,1,"g",1.00,1.00
"{00000000-0001-7000-8000-000000000000}","06308",768,2,"kg",2.00,1000.00
"{00000000-0001-7000-8000-000000000000}","06309",769,1,"g",1.00,1.00
"{00000000-0001-7000-8000-000000000000}","06309",769,2,"kg",2.00,1000.00
"{00000000-0001-7000-8000-000000000000}","06310",770,1,"g",1.00,1.00
"{00000000-0001-7000-8000-000000000000}","06310",770,2,"kg",2.00,1000.00
"{00000000-0001-7000-8000-000000000000}","06311",771,1,"g",1.00,1.00
"{00000000-0001-7000-8000-000000000000}","06311",771,2,"kg",2.00,1000.00
"{00000000-0001-7000-8000-000000000000}","06312",772,1,"g",1.00,1.00
"{00000000-0001-7000-8000-000000000000}","06312",772,2,"kg",2.00,1000.00
"{00000000-0001-7000-8000-000000000000}","06313",773,1,"g",1.00,1.00
"{00000000-0001-7000-8000-000000000000}","06313",773,2,"kg",2.00,1000.00
"{00000000-0001-7000-8000-000000000000}","06314",774,1,"g",1.00,1.00
"{00000000-0001-7000-8000-000000000000}","06314",774,2,"kg",2.00,1000.00
"{00000000-0001-7000-8000-000000000000}","06315",775,1,"g",1.00,1.00
"{00000000-0001-7000-8000-000000000000}","06315",775,2,"kg",2.00,1000.00
"{00000000-0001-7000-8000-000000000000}","06316",776,1,"g",1.00,1.00
"{00000000-0001-7000-8000-000000000000}","06316",776,2,"kg",2.00,1000.00
"{00000000-0001-7000-8000-000000000000}","06317",777,1,"g",1.00,1.00
"{00000000-0001-7000-8000-000000000000}","06317",777,2,"kg",2.00,1000.00
"{00000000-0001-7000-8000-000000000000}","06318",778,1,"g",1.00,1.00
"{00000000-0001-7000-8000-000000000000}","06318",778,2,"kg",2.00,1000.00
"{00000000-0001-7000-8000-000000000000}","06319",779,1,"g",1.00,1.00
"{00000000-0001-7000-8000-000000000000}","06319",779,2,"kg",2.00,1000.00
"{00000000-0001-7000-8000-000000000000}","06320",780,1,"g",1.00,1.00
"{00000000-0001-7000-8000-000000000000}","06320",780,2,"kg",2.00,1000.00
"{00000000-0001-7000-8000-000000000000}","06321",781,1,"g",1.00,1.00
"{00000000-0001-7000-8000-000000000000}","06321",781,2,"kg",2.00,1000.00
"{00000000-0001-7000-8000-000000000000}","06322",782,1,"g",1.00,1.00
"{00000000-0001-7000-8000-000000000000}","06322",782,2,"kg",2.00,1000.00
"{00000000-0001-7000-8000-000000000000}","06323",783,1,"g",1.00,1.00
"{00000000-0001-7000-8000-000000000000}","06323",783,2,"kg",2.00,1000.00
"{00000000-0001-7000-8000-000000000000}","06324",784,1,"g",1.00,1.00
"{00000000-0001-7000-8000-000000000000}","06324",784,2,"kg",2.00,1000.00
"{00000000-0001-7000-8000-000000000000}","06325",785,1,"g",1.00,1.00
"{00000000-0001-7000-8000-000000000000}","06325",785,2,"kg",2.00,1000.00
"{00000000-0001-7000-8000-000000000000}","06326",786,1,"g",1.00,1.00
"{00000000-0001-7000-8000-000000000000}","06326",786,2,"kg",2.00,1000.00
"{00000000-0001-7000-8000-000000000000}","06327",787,1,"g",1.00,1.00
"{00000000-0001-7000-8000-000000000000}","06327",787,2,"kg",2.00,1000.00
"{00000000-0001-7000-8000-000000000000}","06328",788,1,"g",1.00,1.00
"{00000000-0001-7000-8000-000000000000}","06328",788,2,"kg",2.00,1000.00
"{00000000-0001-7000-8000-000000000000}","06329",789,1,"g",1.00,1.00
"{00000000-0001-7000-8000-000000000000}","06329",789,2,"kg",2.00,1000.00
"{00000000-0001-7000-8000-000000000000}","06330",790,1,"g",1.00,1.00
"{00000000-0001-7000-8000-000000000000}","06330",790,2,"kg",2.00,1000.00
"{00000000-0001-7000-8000-000000000000}","06331",791,1,"g",1.00,1.00
"{00000000-0001-7000-8000-000000000000}","06331",791,2,"kg",2.00,1000.00
"{00000000-0001-7000-8000-000000000000}","06332",792,1,"g",1.00,1.00
"{00000000-0001-7000-8000-000000000000}","06332",792,2,"kg",2.00,1000.00
"{00000000-0001-7000-8000-000000000000}","06333",793,1,"g",1.00,1.00
"{00000000-0001-7000-8000-000000000000}","06333",793,2,"kg",2.00,1000.00
"{00000000-0001-7000-8000-000000000000}","06334",794,1,"g",1.00,1.00
"{00000000-0001-7000-8000-000000000000}","06334",794,2,"kg",2.00,1000.00
"{00000000-0001-7000-8000-000000000000}","06335",795,1,"g",1.00,1.00
"{00000000-0001-7000-8000-000000000000}","06335",795,2,"kg",2.00,1000.00
"{00000000-0001-7000-8000-000000000000}","06336",796,1,"g",1.00,1.00
"{00000000-0001-7000-8000-000000000000}","06336",796,2,"kg",2.00,1000.00
"{00000000-0001-7000-8000-000000000000}","06337",797,1,"g",1.00,1.00
"{00000000-0001-7000-8000-000000000000}","06337",797,2,"kg",2.00,1000.00
"{00000000-0001-7000-8000-000000000000}","06338",798,1,"g",1.00,1.00
"{00000000-0001-7000-8000-000000000000}","06338",798,2,"kg",2.00,1000.00
"{00000000-0001-7000-8000-000000000000}","06339",799,1,"g",1.00,1.00
"{00000000-0001-7000-8000-000000000000}","06339",799,2,"kg",2.00,1000.00
"{00000000-0001-7000-8000-000000000000}","06340",800,1,"g",1.00,1.00
"{00000000-0001-7000-8000-000000000000}","06340",800,2,"kg",2.00,1000.00
"{00000000-0001-7000-8000-000000000000}","06341",801,1,"g",1.00,1.00
"{00000000-0001-7000-8000-000000000000}","06341",801,2,"kg",2.00,1000.00
"{00000000-0001-7000-8000-000000000000}","06342",802,1,"g",1.00,1.00
"{00000000-0001-7000-8000-000000000000}","06342",802,2,"kg",2.00,1000.00
"{00000000-0001-7000-8000-000000000000}","06343",803,1,"g",1.00,1.00
"{00000000-0001-7000-8000-000000000000}","06343",803,2,"kg",2.00,1000.00
"{00000000-0001-7000-8000-000000000000}","06344",804,1,"g",1.00,1.00
"{00000000-0001-7000-8000-000000000000}","06344",804,2,"kg",2.00,1000.00
"{00000000-0001-7000-8000-000000000000}","06345",805,1,"g",1.00,1.00
"{00000000-0001-7000-8000-000000000000}","06345",805,2,"kg",2.00,1000.00
"{00000000-0001-7000-8000-000000000000}","06346",806,1,"g",1.00,1.00
"{00000000-0001-7000-8000-000000000000}","06346",806,2,"kg",2.00,1000.00
"{00000000-0001-7000-8000-000000000000}","06347",807,1,"g",1.00,1.00
"{00000000-0001-7000-8000-000000000000}","06347",807,2,"kg",2.00,1000.00
"{00000000-0001-7000-8000-000000000000}","06348",808,1,"g",1.00,1.00
"{00000000-0001-7000-8000-000000000000}","06348",808,2,"kg",2.00,1000.00
"{00000000-0001-7000-8000-000000000000}","06349",809,1,"g",1.00,1.00
"{00000000-0001-7000-8000-000000000000}","06349",809,2,"kg",2.00,1000.00
"{00000000-0001-7000-8000-000000000000}","06350",810,1,"g",1.00,1.00
"{00000000-0001-7000-8000-000000000000}","06350",810,2,"kg",2.00,1000.00
"{00000000-0001-7000-8000-000000000000}","06351",811,1,"g",1.00,1.00
"{00000000-0001-7000-8000-000000000000}","06351",811,2,"kg",2.00,1000.00
"{00000000-0001-7000-8000-000000000000}","06352",812,1,"g",1.00,1.00
"{00000000-0001-7000-8000-000000000000}","06352",812,2,"kg",2.00,1000.00
"{00000000-0001-7000-8000-000000000000}","06353",813,1,"g",1.00,1.00
"{00000000-0001-7000-8000-000000000000}","06353",813,2,"kg",2.00,1000.00
"{00000000-0001-7000-8000-000000000000}","06354",814,1,"g",1.00,1.00
"{00000000-0001-7000-8000-000000000000}","06354",814,2,"kg",2.00,1000.00
"{00000000-0001-7000-8000-000000000000}","06355",815,1,"g",1.00,1.00
"{00000000-0001-7000-8000-000000000000}","06355",815,2,"kg",2.00,1000.00
"{00000000-0001-7000-8000-000000000000}","06356",816,1,"g",1.00,1.00
"{00000000-0001-7000-8000-000000000000}","06356",816,2,"kg",2.00,1000.00
"{00000000-0001-7000-8000-000000000000}","06357",817,1,"g",1.00,1.00
"{00000000-0001-7000-8000-000000000000}","06357",817,2,"kg",2.00,1000.00
"{00000000-0001-7000-8000-000000000000}","06358",818,1,"g",1.00,1.00
"{00000000-0001-7000-8000-000000000000}","06358",818,2,"kg",2.00,1000.00
"{00000000-0001-7000-8000-000000000000}","06359",819,1,"g",1.00,1.00
"{00000000-0001-7000-8000-000000000000}","06359",819,2,"kg",2.00,1000.00
"{00000000-0001-7000-8000-000000000000}","06360",820,1,"g",1.00,1.00
"{00000000-0001-7000-8000-000000000000}","06360",820,2,"kg",2.00,1000.00
"{00000000-0001-7000-8000-000000000000}","06361",821,1,"g",1.00,1.00
"{00000000-0001-7000-8000-000000000000}","06361",821,2,"kg",2.00,1000.00
"{00000000-0001-7000-8000-000000000000}","06362",822,1,"g",1.00,1.00
"{00000000-0001-7000-8000-000000000000}","06362",822,2,"kg",2.00,1000.00
"{00000000-0001-7000-8000-000000000000}","06363",823,1,"g",1.00,1.00
"{00000000-0001-7000-8000-000000000000}","06363",823,2,"kg",2.00,1000.00
"{00000000-0001-7000-8000-000000000000}","06364",824,1,"g",1.00,1.00
"{00000000-0001-7000-8000-000000000000}","06364",824,2,"kg",2.00,1000.00
"{00000000-0001-7000-8000-000000000000}","06365",825,1,"g",1.00,1.00
"{00000000-0001-7000-8000-000000000000}","06365",825,2,"kg",2.00,1000.00
"{00000000-0001-7000-8000-000000000000}","06366",826,1,"g",1.00,1.00
"{00000000-0001-7000-8000-000000000000}","06366",826,2,"kg",2.00,1000.00
"{00000000-0001-7000-8000-000000000000}","06367",827,1,"g",1.00,1.00
"{00000000-0001-7000-8000-000000000000}","06367",827,2,"kg",2.00,1000.00
"{00000000-0001-7000-8000-000000000000}","06368",828,1,"g",1.00,1.00
"{00000000-0001-7000-8000-000000000000}","06368",828,2,"kg",2.00,1000.00
"{00000000-0001-7000-8000-000000000000}","06369",829,1,"g",1.00,1.00
"{00000000-0001-7000-8000-000000000000}","06369",829,2,"kg",2.00,1000.00
"{00000000-0001-7000-8000-000000000000}","06370",830,1,"g",1.00,1.00
"{00000000-0001-7000-8000-000000000000}","06370",830,2,"kg",2.00,1000.00
"{00000000-0001-7000-8000-000000000000}","06371",831,1,"g",1.00,1.00
"{00000000-0001-7000-8000-000000000000}","06371",831,2,"kg",2.00,1000.00
"{00000000-0001-7000-8000-000000000000}","06372",832,1,"g",1.00,1.00
"{00000000-0001-7000-8000-000000000000}","06372",832,2,"kg",2.00,1000.00
"{00000000-0001-7000-8000-000000000000}","06373",833,1,"g",1.00,1.00
"{00000000-0001-7000-8000-000000000000}","06373",833,2,"kg",2.00,1000.00
"{00000000-0001-7000-8000-000000000000}","06374",834,1,"g",1.00,1.00
"{00000000-0001-7000-8000-000000000000}","06374",834,2,"kg",2.00,1000.00
"{00000000-0001-7000-8000-000000000000}","06375",835,1,"g",1.00,1.00
"{00000000-0001-7000-8000-000000000000}","06375",835,2,"kg",2.00,1000.00
"{00000000-0001-7000-8000-000000000000}","06376",836,1,"g",1.00,1.00
"{00000000-0001-7000-8000-000000000000}","06376",836,2,"kg",2.00,1000.00
"{00000000-0001-7000-8000-000000000000}","06377",837,1,"g",1.00,1.00
"{00000000-0001-7000-8000-000000000000}","06377",837,2,"kg",2.00,1000.00
"{00000000-0001-7000-8000-000000000000}","06378",838,1,"g",1.00,1.00
"{00000000-0001-7000-8000-000000000000}","06378",838,2,"kg",2.00,1000.00
"{00000000-0001-7000-8000-000000000000}","06379",839,1,"g",1.00,1.00
"{00000000-0001-7000-8000-000000000000}","06379",839,2,"kg",2.00,1000.00
"{00000000-0001-7000-8000-000000000000}","06380",840,1,"g",1.00,1.00
"{00000000-0001-7000-8000-000000000000}","06380",840,2,"kg",2.00,1000.00
"{00000000-0001-7000-8000-000000000000}","06381",841,1,"g",1.00,1.00
"{00000000-0001-7000-8000-000000000000}","06381",841,2,"kg",2.00,1000.00
"{00000000-0001-7000-8000-000000000000}","06382",842,1,"g",1.00,1.00
"{00000000-0001-7000-8000-000000000000}","06382",842,2,"kg",2.00,1000.00
"{00000000-0001-7000-8000-000000000000}","06383",843,1,"g",1.00,1.00
"{00000000-0001-7000-8000-000000000000}","06383",843,2,"kg",2.00,1000.00
"{00000000-0001-7000-8000-000000000000}","06384",844,1,"g",1.00,1.00
"{00000000-0001-7000-8000-000000000000}","06384",844,2,"kg",2.00,1000.00
"{00000000-0001-7000-8000-000000000000}","06385",845,1,"g",1.00,1.00
"{00000000-0001-7000-8000-000000000000}","06385",845,2,"kg",2.00,1000.00
"{00000000-0001-7000-8000-000000000000}","06386",846,1,"g",1.00,1.00
"{00000000-0001-7000-8000-000000000000}","06386",846,2,"kg",2.00,1000.00
"{00000000-0001-7000-8000-000000000000}","06387",847,1,"g",1.00,1.00
"{00000000-0001-7000-8000-000000000000}","06387",847,2,"kg",2.00,1000.00
"{00000000-0001-7000-8000-000000000000}","06388",848,1,"g",1.00,1.00
"{00000000-0001-7000-8000-000000000000}","06388",848,2,"kg",2.00,1000.00
"{00000000-0001-7000-8000-000000000000}","06389",849,1,"g",1.00,1.00
"{00000000-0001-7000-8000-000000000000}","06389",849,2,"kg",2.00,1000.00
"{00000000-0001-7000-8000-000000000000}","06390",850,1,"g",1.00,1.00
"{00000000-0001-7000-8000-000000000000}","06390",850,2,"kg",2.00,1000.00
"{00000000-0001-7000-8000-000000000000}","06391",851,1,"g",1.00,1.00
"{00000000-0001-7000-8000-000000000000}","06391",851,2,"kg",2.00,1000.00
"{00000000-0001-7000-8000-000000000000}","06392",852,1,"g",1.00,1.00
"{00000000-0001-7000-8000-000000000000}","06392",852,2,"kg",2.00,1000.00
"{00000000-0001-7000-8000-000000000000}","06393",853,1,"g",1.00,1.00
"{00000000-0001-7000-8000-000000000000}","06393",853,2,"kg",2.00,1000.00
"{00000000-0001-7000-8000-000000000000}","06394",854,1,"g",1.00,1.00
"{00000000-0001-7000-8000-000000000000}","06394",854,2,"kg",2.00,1000.00
"{00000000-0001-7000-8000-000000000000}","06395",855,1,"g",1.00,1.00
"{00000000-0001-7000-8000-000000000000}","06395",855,2,"kg",2.00,1000.00
"{00000000-0001-7000-8000-000000000000}","06396",856,1,"g",1.00,1.00
"{00000000-0001-7000-8000-000000000000}","06396",856,2,"kg",2.00,1000.00
"{00000000-0001-7000-8000-000000000000}","06397",857,1,"g",1.00,1.00
"{00000000-0001-7000-8000-000000000000}","06397",857,2,"kg",2.00,1000.00
"{00000000-0001-7000-8000-000000000000}","06398",858,1,"g",1.00,1.00
"{00000000-0001-7000-8000-000000000000}","06398",858,2,"kg",2.00,1000.00
"{00000000-0001-7000-8000-000000000000}","06399",859,1,"g",1.00,1.00
"{00000000-0001-7000-8000-000000000000}","06399",859,2,"kg",2.00,1000.00
"{00000000-0001-7000-8000-000000000000}","06400",860,1,"g",1.00,1.00
"{00000000-0001-7000-8000-000000000000}","06400",860,2,"kg",2.00,1000.00
"{00000000-0001-7000-8000-000000000000}","06401",861,1,"g",1.00,1.00
"{00000000-0001-7000-8000-000000000000}","06401",861,2,"kg",2.00,1000.00
"{00000000-0001-7000-8000-000000000000}","07001",862,1,"g",1.00,1.00
"{00000000-0001-7000-8000-000000000000}","07001",862,2,"kg",2.00,1000.00
"{00000000-0001-7000-8000-000000000000}","07002",863,1,"g",1.00,1.00
"{00000000-0001-7000-8000-000000000000}","07002",863,2,"kg",2.00,1000.00
"{00000000-0001-7000-8000-000000000000}","07003",864,1,"g",1.00,1.00
"{00000000-0001-7000-8000-000000000000}","07003",864,2,"kg",2.00,1000.00
"{00000000-0001-7000-8000-000000000000}","07004",865,1,"g",1.00,1.00
"{00000000-0001-7000-8000-000000000000}","07004",865,2,"kg",2.00,1000.00
"{00000000-0001-7000-8000-000000000000}","07005",866,1,"g",1.00,1.00
"{00000000-0001-7000-8000-000000000000}","07005",866,2,"kg",2.00,1000.00
"{00000000-0001-7000-8000-000000000000}","07006",867,1,"g",1.00,1.00
"{00000000-0001-7000-8000-000000000000}","07006",867,2,"kg",2.00,1000.00
"{00000000-0001-7000-8000-000000000000}","07007",868,1,"g",1.00,1.00
"{00000000-0001-7000-8000-000000000000}","07007",868,2,"kg",2.00,1000.00
"{00000000-0001-7000-8000-000000000000}","07008",869,1,"g",1.00,1.00
"{00000000-0001-7000-8000-000000000000}","07008",869,2,"kg",2.00,1000.00
"{00000000-0001-7000-8000-000000000000}","07009",870,1,"g",1.00,1.00
"{00000000-0001-7000-8000-000000000000}","07009",870,2,"kg",2.00,1000.00
"{00000000-0001-7000-8000-000000000000}","07010",871,1,"g",1.00,1.00
"{00000000-0001-7000-8000-000000000000}","07010",871,2,"kg",2.00,1000.00
"{00000000-0001-7000-8000-000000000000}","07011",872,1,"g",1.00,1.00
"{00000000-0001-7000-8000-000000000000}","07011",872,2,"kg",2.00,1000.00
"{00000000-0001-7000-8000-000000000000}","07012",873,1,"g",1.00,1.00
"{00000000-0001-7000-8000-000000000000}","07012",873,2,"kg",2.00,1000.00
"{00000000-0001-7000-8000-000000000000}","07013",874,1,"g",1.00,1.00
"{00000000-0001-7000-8000-000000000000}","07013",874,2,"kg",2.00,1000.00
"{00000000-0001-7000-8000-000000000000}","07014",875,1,"g",1.00,1.00
"{00000000-0001-7000-8000-000000000000}","07014",875,2,"kg",2.00,1000.00
"{00000000-0001-7000-8000-000000000000}","07015",876,1,"g",1.00,1.00
"{00000000-0001-7000-8000-000000000000}","07015",876,2,"kg",2.00,1000.00
"{00000000-0001-7000-8000-000000000000}","07016",877,1,"g",1.00,1.00
"{00000000-0001-7000-8000-000000000000}","07016",877,2,"kg",2.00,1000.00
"{00000000-0001-7000-8000-000000000000}","07017",878,1,"g",1.00,1.00
"{00000000-0001-7000-8000-000000000000}","07017",878,2,"kg",2.00,1000.00
"{00000000-0001-7000-8000-000000000000}","07018",879,1,"g",1.00,1.00
"{00000000-0001-7000-8000-000000000000}","07018",879,2,"kg",2.00,1000.00
"{00000000-0001-7000-8000-000000000000}","07019",880,1,"g",1.00,1.00
"{00000000-0001-7000-8000-000000000000}","07019",880,2,"kg",2.00,1000.00
"{00000000-0001-7000-8000-000000000000}","07020",881,1,"g",1.00,1.00
"{00000000-0001-7000-8000-000000000000}","07020",881,2,"kg",2.00,1000.00
"{00000000-0001-7000-8000-000000000000}","07021",882,1,"g",1.00,1.00
"{00000000-0001-7000-8000-000000000000}","07021",882,2,"kg",2.00,1000.00
"{00000000-0001-7000-8000-000000000000}","07022",883,1,"g",1.00,1.00
"{00000000-0001-7000-8000-000000000000}","07022",883,2,"kg",2.00,1000.00
"{00000000-0001-7000-8000-000000000000}","07023",884,1,"g",1.00,1.00
"{00000000-0001-7000-8000-000000000000}","07023",884,2,"kg",2.00,1000.00
"{00000000-0001-7000-8000-000000000000}","07024",885,1,"g",1.00,1.00
"{00000000-0001-7000-8000-000000000000}","07024",885,2,"kg",2.00,1000.00
"{00000000-0001-7000-8000-000000000000}","07025",886,1,"g",1.00,1.00
"{00000000-0001-7000-8000-000000000000}","07025",886,2,"kg",2.00,1000.00
"{00000000-0001-7000-8000-000000000000}","07026",887,1,"g",1.00,1.00
"{00000000-0001-7000-8000-000000000000}","07026",887,2,"kg",2.00,1000.00
"{00000000-0001-7000-8000-000000000000}","07027",888,1,"g",1.00,1.00
"{00000000-0001-7000-8000-000000000000}","07027",888,2,"kg",2.00,1000.00
"{00000000-0001-7000-8000-000000000000}","07028",889,1,"g",1.00,1.00
"{00000000-0001-7000-8000-000000000000}","07028",889,2,"kg",2.00,1000.00
"{00000000-0001-7000-8000-000000000000}","07029",890,1,"g",1.00,1.00
"{00000000-0001-7000-8000-000000000000}","07029",890,2,"kg",2.00,1000.00
"{00000000-0001-7000-8000-000000000000}","07030",891,1,"g",1.00,1.00
"{00000000-0001-7000-8000-000000000000}","07030",891,2,"kg",2.00,1000.00
"{00000000-0001-7000-8000-000000000000}","07031",892,1,"g",1.00,1.00
"{00000000-0001-7000-8000-000000000000}","07031",892,2,"kg",2.00,1000.00
"{00000000-0001-7000-8000-000000000000}","07032",893,1,"g",1.00,1.00
"{00000000-0001-7000-8000-000000000000}","07032",893,2,"kg",2.00,1000.00
"{00000000-0001-7000-8000-000000000000}","07033",894,1,"g",1.00,1.00
"{00000000-0001-7000-8000-000000000000}","07033",894,2,"kg",2.00,1000.00
"{00000000-0001-7000-8000-000000000000}","07034",895,1,"g",1.00,1.00
"{00000000-0001-7000-8000-000000000000}","07034",895,2,"kg",2.00,1000.00
"{00000000-0001-7000-8000-000000000000}","07035",896,1,"g",1.00,1.00
"{00000000-0001-7000-8000-000000000000}","07035",896,2,"kg",2.00,1000.00
"{00000000-0001-7000-8000-000000000000}","07036",897,1,"g",1.00,1.00
"{00000000-0001-7000-8000-000000000000}","07036",897,2,"kg",2.00,1000.00
"{00000000-0001-7000-8000-000000000000}","07037",898,1,"g",1.00,1.00
"{00000000-0001-7000-8000-000000000000}","07037",898,2,"kg",2.00,1000.00
"{00000000-0001-7000-8000-000000000000}","07038",899,1,"g",1.00,1.00
"{00000000-0001-7000-8000-000000000000}","07038",899,2,"kg",2.00,1000.00
"{00000000-0001-7000-8000-000000000000}","07039",900,1,"g",1.00,1.00
"{00000000-0001-7000-8000-000000000000}","07039",900,2,"kg",2.00,1000.00
"{00000000-0001-7000-8000-000000000000}","07040",901,1,"g",1.00,1.00
"{00000000-0001-7000-8000-000000000000}","07040",901,2,"kg",2.00,1000.00
"{00000000-0001-7000-8000-000000000000}","07041",902,1,"g",1.00,1.00
"{00000000-0001-7000-8000-000000000000}","07041",902,2,"kg",2.00,1000.00
"{00000000-0001-7000-8000-000000000000}","07042",903,1,"g",1.00,1.00
"{00000000-0001-7000-8000-000000000000}","07042",903,2,"kg",2.00,1000.00
"{00000000-0001-7000-8000-000000000000}","07043",904,1,"g",1.00,1.00
"{00000000-0001-7000-8000-000000000000}","07043",904,2,"kg",2.00,1000.00
"{00000000-0001-7000-8000-000000000000}","07044",905,1,"g",1.00,1.00
"{00000000-0001-7000-8000-000000000000}","07044",905,2,"kg",2.00,1000.00
"{00000000-0001-7000-8000-000000000000}","07045",906,1,"g",1.00,1.00
"{00000000-0001-7000-8000-000000000000}","07045",906,2,"kg",2.00,1000.00
"{00000000-0001-7000-8000-000000000000}","07046",907,1,"g",1.00,1.00
"{00000000-0001-7000-8000-000000000000}","07046",907,2,"kg",2.00,1000.00
"{00000000-0001-7000-8000-000000000000}","07047",908,1,"g",1.00,1.00
"{00000000-0001-7000-8000-000000000000}","07047",908,2,"kg",2.00,1000.00
"{00000000-0001-7000-8000-000000000000}","07048",909,1,"g",1.00,1.00
"{00000000-0001-7000-8000-000000000000}","07048",909,2,"kg",2.00,1000.00
"{00000000-0001-7000-8000-000000000000}","07049",910,1,"g",1.00,1.00
"{00000000-0001-7000-8000-000000000000}","07049",910,2,"kg",2.00,1000.00
"{00000000-0001-7000-8000-000000000000}","07050",911,1,"g",1.00,1.00
"{00000000-0001-7000-8000-000000000000}","07050",911,2,"kg",2.00,1000.00
"{00000000-0001-7000-8000-000000000000}","07051",912,1,"g",1.00,1.00
"{00000000-0001-7000-8000-000000000000}","07051",912,2,"kg",2.00,1000.00
"{00000000-0001-7000-8000-000000000000}","07052",913,1,"g",1.00,1.00
"{00000000-0001-7000-8000-000000000000}","07052",913,2,"kg",2.00,1000.00
"{00000000-0001-7000-8000-000000000000}","07053",914,1,"g",1.00,1.00
"{00000000-0001-7000-8000-000000000000}","07053",914,2,"kg",2.00,1000.00
"{00000000-0001-7000-8000-000000000000}","07054",915,1,"g",1.00,1.00
"{00000000-0001-7000-8000-000000000000}","07054",915,2,"kg",2.00,1000.00
"{00000000-0001-7000-8000-000000000000}","07055",916,1,"g",1.00,1.00
"{00000000-0001-7000-8000-000000000000}","07055",916,2,"kg",2.00,1000.00
"{00000000-0001-7000-8000-000000000000}","07056",917,1,"g",1.00,1.00
"{00000000-0001-7000-8000-000000000000}","07056",917,2,"kg",2.00,1000.00
"{00000000-0001-7000-8000-000000000000}","07057",918,1,"g",1.00,1.00
"{00000000-0001-7000-8000-000000000000}","07057",918,2,"kg",2.00,1000.00
"{00000000-0001-7000-8000-000000000000}","07058",919,1,"g",1.00,1.00
"{00000000-0001-7000-8000-000000000000}","07058",919,2,"kg",2.00,1000.00
"{00000000-0001-7000-8000-000000000000}","07059",920,1,"g",1.00,1.00
"{00000000-0001-7000-8000-000000000000}","07059",920,2,"kg",2.00,1000.00
"{00000000-0001-7000-8000-000000000000}","07060",921,1,"g",1.00,1.00
"{00000000-0001-7000-8000-000000000000}","07060",921,2,"kg",2.00,1000.00
"{00000000-0001-7000-8000-000000000000}","07061",922,1,"g",1.00,1.00
"{00000000-0001-7000-8000-000000000000}","07061",922,2,"kg",2.00,1000.00
"{00000000-0001-7000-8000-000000000000}","07062",923,1,"g",1.00,1.00
"{00000000-0001-7000-8000-000000000000}","07062",923,2,"kg",2.00,1000.00
"{00000000-0001-7000-8000-000000000000}","07063",924,1,"g",1.00,1.00
"{00000000-0001-7000-8000-000000000000}","07063",924,2,"kg",2.00,1000.00
"{00000000-0001-7000-8000-000000000000}","07064",925,1,"g",1.00,1.00
"{00000000-0001-7000-8000-000000000000}","07064",925,2,"kg",2.00,1000.00
"{00000000-0001-7000-8000-000000000000}","07065",926,1,"g",1.00,1.00
"{00000000-0001-7000-8000-000000000000}","07065",926,2,"kg",2.00,1000.00
"{00000000-0001-7000-8000-000000000000}","07066",927,1,"g",1.00,1.00
"{00000000-0001-7000-8000-000000000000}","07066",927,2,"kg",2.00,1000.00
"{00000000-0001-7000-8000-000000000000}","07067",928,1,"g",1.00,1.00
"{00000000-0001-7000-8000-000000000000}","07067",928,2,"kg",2.00,1000.00
"{00000000-0001-7000-8000-000000000000}","07069",929,1,"g",1.00,1.00
"{00000000-0001-7000-8000-000000000000}","07069",929,2,"kg",2.00,1000.00
"{00000000-0001-7000-8000-000000000000}","07070",930,1,"g",1.00,1.00
"{00000000-0001-7000-8000-000000000000}","07070",930,2,"kg",2.00,1000.00
"{00000000-0001-7000-8000-000000000000}","07071",931,1,"g",1.00,1.00
"{00000000-0001-7000-8000-000000000000}","07071",931,2,"kg",2.00,1000.00
"{00000000-0001-7000-8000-000000000000}","07072",932,1,"g",1.00,1.00
"{00000000-0001-7000-8000-000000000000}","07072",932,2,"kg",2.00,1000.00
"{00000000-0001-7000-8000-000000000000}","07073",933,1,"g",1.00,1.00
"{00000000-0001-7000-8000-000000000000}","07073",933,2,"kg",2.00,1000.00
"{00000000-0001-7000-8000-000000000000}","07074",934,1,"g",1.00,1.00
"{00000000-0001-7000-8000-000000000000}","07074",934,2,"kg",2.00,1000.00
"{00000000-0001-7000-8000-000000000000}","07075",935,1,"g",1.00,1.00
"{00000000-0001-7000-8000-000000000000}","07075",935,2,"kg",2.00,1000.00
"{00000000-0001-7000-8000-000000000000}","07076",936,1,"g",1.00,1.00
"{00000000-0001-7000-8000-000000000000}","07076",936,2,"kg",2.00,1000.00
"{00000000-0001-7000-8000-000000000000}","07077",937,1,"g",1.00,1.00
"{00000000-0001-7000-8000-000000000000}","07077",937,2,"kg",2.00,1000.00
"{00000000-0001-7000-8000-000000000000}","07078",938,1,"g",1.00,1.00
"{00000000-0001-7000-8000-000000000000}","07078",938,2,"kg",2.00,1000.00
"{00000000-0001-7000-8000-000000000000}","07079",939,1,"g",1.00,1.00
"{00000000-0001-7000-8000-000000000000}","07079",939,2,"kg",2.00,1000.00
"{00000000-0001-7000-8000-000000000000}","07080",940,1,"g",1.00,1.00
"{00000000-0001-7000-8000-000000000000}","07080",940,2,"kg",2.00,1000.00
"{00000000-0001-7000-8000-000000000000}","07081",941,1,"g",1.00,1.00
"{00000000-0001-7000-8000-000000000000}","07081",941,2,"kg",2.00,1000.00
"{00000000-0001-7000-8000-000000000000}","07082",942,1,"g",1.00,1.00
"{00000000-0001-7000-8000-000000000000}","07082",942,2,"kg",2.00,1000.00
"{00000000-0001-7000-8000-000000000000}","07083",943,1,"g",1.00,1.00
"{00000000-0001-7000-8000-000000000000}","07083",943,2,"kg",2.00,1000.00
"{00000000-0001-7000-8000-000000000000}","07085",944,1,"g",1.00,1.00
"{00000000-0001-7000-8000-000000000000}","07085",944,2,"kg",2.00,1000.00
"{00000000-0001-7000-8000-000000000000}","07086",945,1,"g",1.00,1.00
"{00000000-0001-7000-8000-000000000000}","07086",945,2,"kg",2.00,1000.00
"{00000000-0001-7000-8000-000000000000}","07087",946,1,"g",1.00,1.00
"{00000000-0001-7000-8000-000000000000}","07087",946,2,"kg",2.00,1000.00
"{00000000-0001-7000-8000-000000000000}","07088",947,1,"g",1.00,1.00
"{00000000-0001-7000-8000-000000000000}","07088",947,2,"kg",2.00,1000.00
"{00000000-0001-7000-8000-000000000000}","07089",948,1,"g",1.00,1.00
"{00000000-0001-7000-8000-000000000000}","07089",948,2,"kg",2.00,1000.00
"{00000000-0001-7000-8000-000000000000}","07090",949,1,"g",1.00,1.00
"{00000000-0001-7000-8000-000000000000}","07090",949,2,"kg",2.00,1000.00
"{00000000-0001-7000-8000-000000000000}","07091",950,1,"g",1.00,1.00
"{00000000-0001-7000-8000-000000000000}","07091",950,2,"kg",2.00,1000.00
"{00000000-0001-7000-8000-000000000000}","07092",951,1,"g",1.00,1.00
"{00000000-0001-7000-8000-000000000000}","07092",951,2,"kg",2.00,1000.00
"{00000000-0001-7000-8000-000000000000}","07093",952,1,"g",1.00,1.00
"{00000000-0001-7000-8000-000000000000}","07093",952,2,"kg",2.00,1000.00
"{00000000-0001-7000-8000-000000000000}","07094",953,1,"g",1.00,1.00
"{00000000-0001-7000-8000-000000000000}","07094",953,2,"kg",2.00,1000.00
"{00000000-0001-7000-8000-000000000000}","07095",954,1,"g",1.00,1.00
"{00000000-0001-7000-8000-000000000000}","07095",954,2,"kg",2.00,1000.00
"{00000000-0001-7000-8000-000000000000}","07096",955,1,"g",1.00,1.00
"{00000000-0001-7000-8000-000000000000}","07096",955,2,"kg",2.00,1000.00
"{00000000-0001-7000-8000-000000000000}","07097",956,1,"g",1.00,1.00
"{00000000-0001-7000-8000-000000000000}","07097",956,2,"kg",2.00,1000.00
"{00000000-0001-7000-8000-000000000000}","07098",957,1,"g",1.00,1.00
"{00000000-0001-7000-8000-000000000000}","07098",957,2,"kg",2.00,1000.00
"{00000000-0001-7000-8000-000000000000}","07099",958,1,"g",1.00,1.00
"{00000000-0001-7000-8000-000000000000}","07099",958,2,"kg",2.00,1000.00
"{00000000-0001-7000-8000-000000000000}","07100",959,1,"g",1.00,1.00
"{00000000-0001-7000-8000-000000000000}","07100",959,2,"kg",2.00,1000.00
"{00000000-0001-7000-8000-000000000000}","07101",960,1,"g",1.00,1.00
"{00000000-0001-7000-8000-000000000000}","07101",960,2,"kg",2.00,1000.00
"{00000000-0001-7000-8000-000000000000}","07102",961,1,"g",1.00,1.00
"{00000000-0001-7000-8000-000000000000}","07102",961,2,"kg",2.00,1000.00
"{00000000-0001-7000-8000-000000000000}","07103",962,1,"g",1.00,1.00
"{00000000-0001-7000-8000-000000000000}","07103",962,2,"kg",2.00,1000.00
"{00000000-0001-7000-8000-000000000000}","07104",963,1,"g",1.00,1.00
"{00000000-0001-7000-8000-000000000000}","07104",963,2,"kg",2.00,1000.00
"{00000000-0001-7000-8000-000000000000}","07105",964,1,"g",1.00,1.00
"{00000000-0001-7000-8000-000000000000}","07105",964,2,"kg",2.00,1000.00
"{00000000-0001-7000-8000-000000000000}","07106",965,1,"g",1.00,1.00
"{00000000-0001-7000-8000-000000000000}","07106",965,2,"kg",2.00,1000.00
"{00000000-0001-7000-8000-000000000000}","07107",966,1,"g",1.00,1.00
"{00000000-0001-7000-8000-000000000000}","07107",966,2,"kg",2.00,1000.00
"{00000000-0001-7000-8000-000000000000}","07108",967,1,"g",1.00,1.00
"{00000000-0001-7000-8000-000000000000}","07108",967,2,"kg",2.00,1000.00
"{00000000-0001-7000-8000-000000000000}","07109",968,1,"g",1.00,1.00
"{00000000-0001-7000-8000-000000000000}","07109",968,2,"kg",2.00,1000.00
"{00000000-0001-7000-8000-000000000000}","07110",969,1,"g",1.00,1.00
"{00000000-0001-7000-8000-000000000000}","07110",969,2,"kg",2.00,1000.00
"{00000000-0001-7000-8000-000000000000}","07111",970,1,"g",1.00,1.00
"{00000000-0001-7000-8000-000000000000}","07111",970,2,"kg",2.00,1000.00
"{00000000-0001-7000-8000-000000000000}","07112",971,1,"g",1.00,1.00
"{00000000-0001-7000-8000-000000000000}","07112",971,2,"kg",2.00,1000.00
"{00000000-0001-7000-8000-000000000000}","07113",972,1,"g",1.00,1.00
"{00000000-0001-7000-8000-000000000000}","07113",972,2,"kg",2.00,1000.00
"{00000000-0001-7000-8000-000000000000}","07114",973,1,"g",1.00,1.00
"{00000000-0001-7000-8000-000000000000}","07114",973,2,"kg",2.00,1000.00
"{00000000-0001-7000-8000-000000000000}","07115",974,1,"g",1.00,1.00
"{00000000-0001-7000-8000-000000000000}","07115",974,2,"kg",2.00,1000.00
"{00000000-0001-7000-8000-000000000000}","07116",975,1,"g",1.00,1.00
"{00000000-0001-7000-8000-000000000000}","07116",975,2,"kg",2.00,1000.00
"{00000000-0001-7000-8000-000000000000}","07117",976,1,"g",1.00,1.00
"{00000000-0001-7000-8000-000000000000}","07117",976,2,"kg",2.00,1000.00
"{00000000-0001-7000-8000-000000000000}","07118",977,1,"g",1.00,1.00
"{00000000-0001-7000-8000-000000000000}","07118",977,2,"kg",2.00,1000.00
"{00000000-0001-7000-8000-000000000000}","07119",978,1,"g",1.00,1.00
"{00000000-0001-7000-8000-000000000000}","07119",978,2,"kg",2.00,1000.00
"{00000000-0001-7000-8000-000000000000}","07120",979,1,"g",1.00,1.00
"{00000000-0001-7000-8000-000000000000}","07120",979,2,"kg",2.00,1000.00
"{00000000-0001-7000-8000-000000000000}","07121",980,1,"g",1.00,1.00
"{00000000-0001-7000-8000-000000000000}","07121",980,2,"kg",2.00,1000.00
"{00000000-0001-7000-8000-000000000000}","07122",981,1,"g",1.00,1.00
"{00000000-0001-7000-8000-000000000000}","07122",981,2,"kg",2.00,1000.00
"{00000000-0001-7000-8000-000000000000}","07123",982,1,"g",1.00,1.00
"{00000000-0001-7000-8000-000000000000}","07123",982,2,"kg",2.00,1000.00
"{00000000-0001-7000-8000-000000000000}","07124",983,1,"g",1.00,1.00
"{00000000-0001-7000-8000-000000000000}","07124",983,2,"kg",2.00,1000.00
"{00000000-0001-7000-8000-000000000000}","07125",984,1,"g",1.00,1.00
"{00000000-0001-7000-8000-000000000000}","07125",984,2,"kg",2.00,1000.00
"{00000000-0001-7000-8000-000000000000}","07126",985,1,"g",1.00,1.00
"{00000000-0001-7000-8000-000000000000}","07126",985,2,"kg",2.00,1000.00
"{00000000-0001-7000-8000-000000000000}","07127",986,1,"g",1.00,1.00
"{00000000-0001-7000-8000-000000000000}","07127",986,2,"kg",2.00,1000.00
"{00000000-0001-7000-8000-000000000000}","07128",987,1,"g",1.00,1.00
"{00000000-0001-7000-8000-000000000000}","07128",987,2,"kg",2.00,1000.00
"{00000000-0001-7000-8000-000000000000}","07129",988,1,"g",1.00,1.00
"{00000000-0001-7000-8000-000000000000}","07129",988,2,"kg",2.00,1000.00
"{00000000-0001-7000-8000-000000000000}","07130",989,1,"g",1.00,1.00
"{00000000-0001-7000-8000-000000000000}","07130",989,2,"kg",2.00,1000.00
"{00000000-0001-7000-8000-000000000000}","07131",990,1,"g",1.00,1.00
"{00000000-0001-7000-8000-000000000000}","07131",990,2,"kg",2.00,1000.00
"{00000000-0001-7000-8000-000000000000}","07132",991,1,"g",1.00,1.00
"{00000000-0001-7000-8000-000000000000}","07132",991,2,"kg",2.00,1000.00
"{00000000-0001-7000-8000-000000000000}","07133",992,1,"g",1.00,1.00
"{00000000-0001-7000-8000-000000000000}","07133",992,2,"kg",2.00,1000.00
"{00000000-0001-7000-8000-000000000000}","07134",993,1,"g",1.00,1.00
"{00000000-0001-7000-8000-000000000000}","07134",993,2,"kg",2.00,1000.00
"{00000000-0001-7000-8000-000000000000}","07135",994,1,"g",1.00,1.00
"{00000000-0001-7000-8000-000000000000}","07135",994,2,"kg",2.00,1000.00
"{00000000-0001-7000-8000-000000000000}","07136",995,1,"g",1.00,1.00
"{00000000-0001-7000-8000-000000000000}","07136",995,2,"kg",2.00,1000.00
"{00000000-0001-7000-8000-000000000000}","07137",996,1,"g",1.00,1.00
"{00000000-0001-7000-8000-000000000000}","07137",996,2,"kg",2.00,1000.00
"{00000000-0001-7000-8000-000000000000}","07138",997,1,"g",1.00,1.00
"{00000000-0001-7000-8000-000000000000}","07138",997,2,"kg",2.00,1000.00
"{00000000-0001-7000-8000-000000000000}","07139",998,1,"g",1.00,1.00
"{00000000-0001-7000-8000-000000000000}","07139",998,2,"kg",2.00,1000.00
"{00000000-0001-7000-8000-000000000000}","07140",999,1,"g",1.00,1.00
"{00000000-0001-7000-8000-000000000000}","07140",999,2,"kg",2.00,1000.00
"{00000000-0001-7000-8000-000000000000}","07141",1000,1,"g",1.00,1.00
"{00000000-0001-7000-8000-000000000000}","07141",1000,2,"kg",2.00,1000.00
"{00000000-0001-7000-8000-000000000000}","07142",1001,1,"g",1.00,1.00
"{00000000-0001-7000-8000-000000000000}","07142",1001,2,"kg",2.00,1000.00
"{00000000-0001-7000-8000-000000000000}","07143",1002,1,"g",1.00,1.00
"{00000000-0001-7000-8000-000000000000}","07143",1002,2,"kg",2.00,1000.00
"{00000000-0001-7000-8000-000000000000}","07144",1003,1,"g",1.00,1.00
"{00000000-0001-7000-8000-000000000000}","07144",1003,2,"kg",2.00,1000.00
"{00000000-0001-7000-8000-000000000000}","07145",1004,1,"g",1.00,1.00
"{00000000-0001-7000-8000-000000000000}","07145",1004,2,"kg",2.00,1000.00
"{00000000-0001-7000-8000-000000000000}","07146",1005,1,"g",1.00,1.00
"{00000000-0001-7000-8000-000000000000}","07146",1005,2,"kg",2.00,1000.00
"{00000000-0001-7000-8000-000000000000}","07147",1006,1,"g",1.00,1.00
"{00000000-0001-7000-8000-000000000000}","07147",1006,2,"kg",2.00,1000.00
"{00000000-0001-7000-8000-000000000000}","07148",1007,1,"g",1.00,1.00
"{00000000-0001-7000-8000-000000000000}","07148",1007,2,"kg",2.00,1000.00
"{00000000-0001-7000-8000-000000000000}","07149",1008,1,"g",1.00,1.00
"{00000000-0001-7000-8000-000000000000}","07149",1008,2,"kg",2.00,1000.00
"{00000000-0001-7000-8000-000000000000}","07150",1009,1,"g",1.00,1.00
"{00000000-0001-7000-8000-000000000000}","07150",1009,2,"kg",2.00,1000.00
"{00000000-0001-7000-8000-000000000000}","07151",1010,1,"g",1.00,1.00
"{00000000-0001-7000-8000-000000000000}","07151",1010,2,"kg",2.00,1000.00
"{00000000-0001-7000-8000-000000000000}","07152",1011,1,"g",1.00,1.00
"{00000000-0001-7000-8000-000000000000}","07152",1011,2,"kg",2.00,1000.00
"{00000000-0001-7000-8000-000000000000}","07153",1012,1,"g",1.00,1.00
"{00000000-0001-7000-8000-000000000000}","07153",1012,2,"kg",2.00,1000.00
"{00000000-0001-7000-8000-000000000000}","07154",1013,1,"g",1.00,1.00
"{00000000-0001-7000-8000-000000000000}","07154",1013,2,"kg",2.00,1000.00
"{00000000-0001-7000-8000-000000000000}","07155",1014,1,"g",1.00,1.00
"{00000000-0001-7000-8000-000000000000}","07155",1014,2,"kg",2.00,1000.00
"{00000000-0001-7000-8000-000000000000}","07156",1015,1,"g",1.00,1.00
"{00000000-0001-7000-8000-000000000000}","07156",1015,2,"kg",2.00,1000.00
"{00000000-0001-7000-8000-000000000000}","07157",1016,1,"g",1.00,1.00
"{00000000-0001-7000-8000-000000000000}","07157",1016,2,"kg",2.00,1000.00
"{00000000-0001-7000-8000-000000000000}","07158",1017,1,"g",1.00,1.00
"{00000000-0001-7000-8000-000000000000}","07158",1017,2,"kg",2.00,1000.00
"{00000000-0001-7000-8000-000000000000}","07159",1018,1,"g",1.00,1.00
"{00000000-0001-7000-8000-000000000000}","07159",1018,2,"kg",2.00,1000.00
"{00000000-0001-7000-8000-000000000000}","07160",1019,1,"g",1.00,1.00
"{00000000-0001-7000-8000-000000000000}","07160",1019,2,"kg",2.00,1000.00
"{00000000-0001-7000-8000-000000000000}","07161",1020,1,"g",1.00,1.00
"{00000000-0001-7000-8000-000000000000}","07161",1020,2,"kg",2.00,1000.00
"{00000000-0001-7000-8000-000000000000}","07162",1021,1,"g",1.00,1.00
"{00000000-0001-7000-8000-000000000000}","07162",1021,2,"kg",2.00,1000.00
"{00000000-0001-7000-8000-000000000000}","07163",1022,1,"g",1.00,1.00
"{00000000-0001-7000-8000-000000000000}","07163",1022,2,"kg",2.00,1000.00
"{00000000-0001-7000-8000-000000000000}","07164",1023,1,"g",1.00,1.00
"{00000000-0001-7000-8000-000000000000}","07164",1023,2,"kg",2.00,1000.00
"{00000000-0001-7000-8000-000000000000}","07165",1024,1,"g",1.00,1.00
"{00000000-0001-7000-8000-000000000000}","07165",1024,2,"kg",2.00,1000.00
"{00000000-0001-7000-8000-000000000000}","07166",1025,1,"g",1.00,1.00
"{00000000-0001-7000-8000-000000000000}","07166",1025,2,"kg",2.00,1000.00
"{00000000-0001-7000-8000-000000000000}","07167",1026,1,"g",1.00,1.00
"{00000000-0001-7000-8000-000000000000}","07167",1026,2,"kg",2.00,1000.00
"{00000000-0001-7000-8000-000000000000}","07168",1027,1,"g",1.00,1.00
"{00000000-0001-7000-8000-000000000000}","07168",1027,2,"kg",2.00,1000.00
"{00000000-0001-7000-8000-000000000000}","07169",1028,1,"g",1.00,1.00
"{00000000-0001-7000-8000-000000000000}","07169",1028,2,"kg",2.00,1000.00
"{00000000-0001-7000-8000-000000000000}","07170",1029,1,"g",1.00,1.00
"{00000000-0001-7000-8000-000000000000}","07170",1029,2,"kg",2.00,1000.00
"{00000000-0001-7000-8000-000000000000}","07171",1030,1,"g",1.00,1.00
"{00000000-0001-7000-8000-000000000000}","07171",1030,2,"kg",2.00,1000.00
"{00000000-0001-7000-8000-000000000000}","07172",1031,1,"g",1.00,1.00
"{00000000-0001-7000-8000-000000000000}","07172",1031,2,"kg",2.00,1000.00
"{00000000-0001-7000-8000-000000000000}","07173",1032,1,"g",1.00,1.00
"{00000000-0001-7000-8000-000000000000}","07173",1032,2,"kg",2.00,1000.00
"{00000000-0001-7000-8000-000000000000}","07174",1033,1,"g",1.00,1.00
"{00000000-0001-7000-8000-000000000000}","07174",1033,2,"kg",2.00,1000.00
"{00000000-0001-7000-8000-000000000000}","07175",1034,1,"g",1.00,1.00
"{00000000-0001-7000-8000-000000000000}","07175",1034,2,"kg",2.00,1000.00
"{00000000-0001-7000-8000-000000000000}","07176",1035,1,"g",1.00,1.00
"{00000000-0001-7000-8000-000000000000}","07176",1035,2,"kg",2.00,1000.00
"{00000000-0001-7000-8000-000000000000}","07177",1036,1,"g",1.00,1.00
"{00000000-0001-7000-8000-000000000000}","07177",1036,2,"kg",2.00,1000.00
"{00000000-0001-7000-8000-000000000000}","07178",1037,1,"g",1.00,1.00
"{00000000-0001-7000-8000-000000000000}","07178",1037,2,"kg",2.00,1000.00
"{00000000-0001-7000-8000-000000000000}","07179",1038,1,"g",1.00,1.00
"{00000000-0001-7000-8000-000000000000}","07179",1038,2,"kg",2.00,1000.00
"{00000000-0001-7000-8000-000000000000}","07180",1039,1,"g",1.00,1.00
"{00000000-0001-7000-8000-000000000000}","07180",1039,2,"kg",2.00,1000.00
"{00000000-0001-7000-8000-000000000000}","07181",1040,1,"g",1.00,1.00
"{00000000-0001-7000-8000-000000000000}","07181",1040,2,"kg",2.00,1000.00
"{00000000-0001-7000-8000-000000000000}","07182",1041,1,"g",1.00,1.00
"{00000000-0001-7000-8000-000000000000}","07182",1041,2,"kg",2.00,1000.00
"{00000000-0001-7000-8000-000000000000}","07183",1042,1,"g",1.00,1.00
"{00000000-0001-7000-8000-000000000000}","07183",1042,2,"kg",2.00,1000.00
"{00000000-0001-7000-8000-000000000000}","07184",1043,1,"g",1.00,1.00
"{00000000-0001-7000-8000-000000000000}","07184",1043,2,"kg",2.00,1000.00
"{00000000-0001-7000-8000-000000000000}","07185",1044,1,"g",1.00,1.00
"{00000000-0001-7000-8000-000000000000}","07185",1044,2,"kg",2.00,1000.00
"{00000000-0001-7000-8000-000000000000}","08003",1045,1,"g",1.00,1.00
"{00000000-0001-7000-8000-000000000000}","08003",1045,2,"kg",2.00,1000.00
"{00000000-0001-7000-8000-000000000000}","08004",1046,1,"g",1.00,1.00
"{00000000-0001-7000-8000-000000000000}","08004",1046,2,"kg",2.00,1000.00
"{00000000-0001-7000-8000-000000000000}","08005",1047,1,"g",1.00,1.00
"{00000000-0001-7000-8000-000000000000}","08005",1047,2,"kg",2.00,1000.00
"{00000000-0001-7000-8000-000000000000}","08006",1048,1,"g",1.00,1.00
"{00000000-0001-7000-8000-000000000000}","08006",1048,2,"kg",2.00,1000.00
"{00000000-0001-7000-8000-000000000000}","08007",1049,1,"g",1.00,1.00
"{00000000-0001-7000-8000-000000000000}","08007",1049,2,"kg",2.00,1000.00
"{00000000-0001-7000-8000-000000000000}","08008",1050,1,"g",1.00,1.00
"{00000000-0001-7000-8000-000000000000}","08008",1050,2,"kg",2.00,1000.00
"{00000000-0001-7000-8000-000000000000}","08009",1051,1,"g",1.00,1.00
"{00000000-0001-7000-8000-000000000000}","08009",1051,2,"kg",2.00,1000.00
"{00000000-0001-7000-8000-000000000000}","08010",1052,1,"g",1.00,1.00
"{00000000-0001-7000-8000-000000000000}","08010",1052,2,"kg",2.00,1000.00
"{00000000-0001-7000-8000-000000000000}","08013",1053,1,"g",1.00,1.00
"{00000000-0001-7000-8000-000000000000}","08013",1053,2,"kg",2.00,1000.00
"{00000000-0001-7000-8000-000000000000}","08014",1054,1,"g",1.00,1.00
"{00000000-0001-7000-8000-000000000000}","08014",1054,2,"kg",2.00,1000.00
"{00000000-0001-7000-8000-000000000000}","08015",1055,1,"g",1.00,1.00
"{00000000-0001-7000-8000-000000000000}","08015",1055,2,"kg",2.00,1000.00
"{00000000-0001-7000-8000-000000000000}","08016",1056,1,"g",1.00,1.00
"{00000000-0001-7000-8000-000000000000}","08016",1056,2,"kg",2.00,1000.00
"{00000000-0001-7000-8000-000000000000}","08017",1057,1,"g",1.00,1.00
"{00000000-0001-7000-8000-000000000000}","08017",1057,2,"kg",2.00,1000.00
"{00000000-0001-7000-8000-000000000000}","08018",1058,1,"g",1.00,1.00
"{00000000-0001-7000-8000-000000000000}","08018",1058,2,"kg",2.00,1000.00
"{00000000-0001-7000-8000-000000000000}","08019",1059,1,"g",1.00,1.00
"{00000000-0001-7000-8000-000000000000}","08019",1059,2,"kg",2.00,1000.00
"{00000000-0001-7000-8000-000000000000}","08020",1060,1,"g",1.00,1.00
"{00000000-0001-7000-8000-000000000000}","08020",1060,2,"kg",2.00,1000.00
"{00000000-0001-7000-8000-000000000000}","08021",1061,1,"g",1.00,1.00
"{00000000-0001-7000-8000-000000000000}","08021",1061,2,"kg",2.00,1000.00
"{00000000-0001-7000-8000-000000000000}","08022",1062,1,"g",1.00,1.00
"{00000000-0001-7000-8000-000000000000}","08022",1062,2,"kg",2.00,1000.00
"{00000000-0001-7000-8000-000000000000}","08023",1063,1,"g",1.00,1.00
"{00000000-0001-7000-8000-000000000000}","08023",1063,2,"kg",2.00,1000.00
"{00000000-0001-7000-8000-000000000000}","08024",1064,1,"g",1.00,1.00
"{00000000-0001-7000-8000-000000000000}","08024",1064,2,"kg",2.00,1000.00
"{00000000-0001-7000-8000-000000000000}","08025",1065,1,"g",1.00,1.00
"{00000000-0001-7000-8000-000000000000}","08025",1065,2,"kg",2.00,1000.00
"{00000000-0001-7000-8000-000000000000}","08026",1066,1,"g",1.00,1.00
"{00000000-0001-7000-8000-000000000000}","08026",1066,2,"kg",2.00,1000.00
"{00000000-0001-7000-8000-000000000000}","08027",1067,1,"g",1.00,1.00
"{00000000-0001-7000-8000-000000000000}","08027",1067,2,"kg",2.00,1000.00
"{00000000-0001-7000-8000-000000000000}","08028",1068,1,"g",1.00,1.00
"{00000000-0001-7000-8000-000000000000}","08028",1068,2,"kg",2.00,1000.00
"{00000000-0001-7000-8000-000000000000}","08029",1069,1,"g",1.00,1.00
"{00000000-0001-7000-8000-000000000000}","08029",1069,2,"kg",2.00,1000.00
"{00000000-0001-7000-8000-000000000000}","08030",1070,1,"g",1.00,1.00
"{00000000-0001-7000-8000-000000000000}","08030",1070,2,"kg",2.00,1000.00
"{00000000-0001-7000-8000-000000000000}","08031",1071,1,"g",1.00,1.00
"{00000000-0001-7000-8000-000000000000}","08031",1071,2,"kg",2.00,1000.00
"{00000000-0001-7000-8000-000000000000}","08032",1072,1,"g",1.00,1.00
"{00000000-0001-7000-8000-000000000000}","08032",1072,2,"kg",2.00,1000.00
"{00000000-0001-7000-8000-000000000000}","08033",1073,1,"g",1.00,1.00
"{00000000-0001-7000-8000-000000000000}","08033",1073,2,"kg",2.00,1000.00
"{00000000-0001-7000-8000-000000000000}","08034",1074,1,"g",1.00,1.00
"{00000000-0001-7000-8000-000000000000}","08034",1074,2,"kg",2.00,1000.00
"{00000000-0001-7000-8000-000000000000}","08036",1075,1,"g",1.00,1.00
"{00000000-0001-7000-8000-000000000000}","08036",1075,2,"kg",2.00,1000.00
"{00000000-0001-7000-8000-000000000000}","08038",1076,1,"g",1.00,1.00
"{00000000-0001-7000-8000-000000000000}","08038",1076,2,"kg",2.00,1000.00
"{00000000-0001-7000-8000-000000000000}","08039",1077,1,"g",1.00,1.00
"{00000000-0001-7000-8000-000000000000}","08039",1077,2,"kg",2.00,1000.00
"{00000000-0001-7000-8000-000000000000}","08040",1078,1,"g",1.00,1.00
"{00000000-0001-7000-8000-000000000000}","08040",1078,2,"kg",2.00,1000.00
"{00000000-0001-7000-8000-000000000000}","08041",1079,1,"g",1.00,1.00
"{00000000-0001-7000-8000-000000000000}","08041",1079,2,"kg",2.00,1000.00
"{00000000-0001-7000-8000-000000000000}","08042",1080,1,"g",1.00,1.00
"{00000000-0001-7000-8000-000000000000}","08042",1080,2,"kg",2.00,1000.00
"{00000000-0001-7000-8000-000000000000}","08043",1081,1,"g",1.00,1.00
"{00000000-0001-7000-8000-000000000000}","08043",1081,2,"kg",2.00,1000.00
"{00000000-0001-7000-8000-000000000000}","08044",1082,1,"g",1.00,1.00
"{00000000-0001-7000-8000-000000000000}","08044",1082,2,"kg",2.00,1000.00
"{00000000-0001-7000-8000-000000000000}","08045",1083,1,"g",1.00,1.00
"{00000000-0001-7000-8000-000000000000}","08045",1083,2,"kg",2.00,1000.00
"{00000000-0001-7000-8000-000000000000}","08046",1084,1,"g",1.00,1.00
"{00000000-0001-7000-8000-000000000000}","08046",1084,2,"kg",2.00,1000.00
"{00000000-0001-7000-8000-000000000000}","08047",1085,1,"g",1.00,1.00
"{00000000-0001-7000-8000-000000000000}","08047",1085,2,"kg",2.00,1000.00
"{00000000-0001-7000-8000-000000000000}","08048",1086,1,"g",1.00,1.00
"{00000000-0001-7000-8000-000000000000}","08048",1086,2,"kg",2.00,1000.00
"{00000000-0001-7000-8000-000000000000}","08049",1087,1,"g",1.00,1.00
"{00000000-0001-7000-8000-000000000000}","08049",1087,2,"kg",2.00,1000.00
"{00000000-0001-7000-8000-000000000000}","08050",1088,1,"g",1.00,1.00
"{00000000-0001-7000-8000-000000000000}","08050",1088,2,"kg",2.00,1000.00
"{00000000-0001-7000-8000-000000000000}","08051",1089,1,"g",1.00,1.00
"{00000000-0001-7000-8000-000000000000}","08051",1089,2,"kg",2.00,1000.00
"{00000000-0001-7000-8000-000000000000}","08052",1090,1,"g",1.00,1.00
"{00000000-0001-7000-8000-000000000000}","08052",1090,2,"kg",2.00,1000.00
"{00000000-0001-7000-8000-000000000000}","08053",1091,1,"g",1.00,1.00
"{00000000-0001-7000-8000-000000000000}","08053",1091,2,"kg",2.00,1000.00
"{00000000-0001-7000-8000-000000000000}","08054",1092,1,"g",1.00,1.00
"{00000000-0001-7000-8000-000000000000}","08054",1092,2,"kg",2.00,1000.00
"{00000000-0001-7000-8000-000000000000}","08055",1093,1,"g",1.00,1.00
"{00000000-0001-7000-8000-000000000000}","08055",1093,2,"kg",2.00,1000.00
"{00000000-0001-7000-8000-000000000000}","08056",1094,1,"g",1.00,1.00
"{00000000-0001-7000-8000-000000000000}","08056",1094,2,"kg",2.00,1000.00
"{00000000-0001-7000-8000-000000000000}","08057",1095,1,"g",1.00,1.00
"{00000000-0001-7000-8000-000000000000}","08057",1095,2,"kg",2.00,1000.00
"{00000000-0001-7000-8000-000000000000}","08058",1096,1,"g",1.00,1.00
"{00000000-0001-7000-8000-000000000000}","08058",1096,2,"kg",2.00,1000.00
"{00000000-0001-7000-8000-000000000000}","09001",1097,1,"g",1.00,1.00
"{00000000-0001-7000-8000-000000000000}","09001",1097,2,"kg",2.00,1000.00
"{00000000-0001-7000-8000-000000000000}","09002",1098,1,"g",1.00,1.00
"{00000000-0001-7000-8000-000000000000}","09002",1098,2,"kg",2.00,1000.00
"{00000000-0001-7000-8000-000000000000}","09003",1099,1,"g",1.00,1.00
"{00000000-0001-7000-8000-000000000000}","09003",1099,2,"kg",2.00,1000.00
"{00000000-0001-7000-8000-000000000000}","09004",1100,1,"g",1.00,1.00
"{00000000-0001-7000-8000-000000000000}","09004",1100,2,"kg",2.00,1000.00
"{00000000-0001-7000-8000-000000000000}","09005",1101,1,"g",1.00,1.00
"{00000000-0001-7000-8000-000000000000}","09005",1101,2,"kg",2.00,1000.00
"{00000000-0001-7000-8000-000000000000}","09006",1102,1,"g",1.00,1.00
"{00000000-0001-7000-8000-000000000000}","09006",1102,2,"kg",2.00,1000.00
"{00000000-0001-7000-8000-000000000000}","09007",1103,1,"g",1.00,1.00
"{00000000-0001-7000-8000-000000000000}","09007",1103,2,"kg",2.00,1000.00
"{00000000-0001-7000-8000-000000000000}","09008",1104,1,"g",1.00,1.00
"{00000000-0001-7000-8000-000000000000}","09008",1104,2,"kg",2.00,1000.00
"{00000000-0001-7000-8000-000000000000}","09009",1105,1,"g",1.00,1.00
"{00000000-0001-7000-8000-000000000000}","09009",1105,2,"kg",2.00,1000.00
"{00000000-0001-7000-8000-000000000000}","09010",1106,1,"g",1.00,1.00
"{00000000-0001-7000-8000-000000000000}","09010",1106,2,"kg",2.00,1000.00
"{00000000-0001-7000-8000-000000000000}","09011",1107,1,"g",1.00,1.00
"{00000000-0001-7000-8000-000000000000}","09011",1107,2,"kg",2.00,1000.00
"{00000000-0001-7000-8000-000000000000}","09012",1108,1,"g",1.00,1.00
"{00000000-0001-7000-8000-000000000000}","09012",1108,2,"kg",2.00,1000.00
"{00000000-0001-7000-8000-000000000000}","09013",1109,1,"g",1.00,1.00
"{00000000-0001-7000-8000-000000000000}","09013",1109,2,"kg",2.00,1000.00
"{00000000-0001-7000-8000-000000000000}","09014",1110,1,"g",1.00,1.00
"{00000000-0001-7000-8000-000000000000}","09014",1110,2,"kg",2.00,1000.00
"{00000000-0001-7000-8000-000000000000}","09015",1111,1,"g",1.00,1.00
"{00000000-0001-7000-8000-000000000000}","09015",1111,2,"kg",2.00,1000.00
"{00000000-0001-7000-8000-000000000000}","09016",1112,1,"g",1.00,1.00
"{00000000-0001-7000-8000-000000000000}","09016",1112,2,"kg",2.00,1000.00
"{00000000-0001-7000-8000-000000000000}","09017",1113,1,"g",1.00,1.00
"{00000000-0001-7000-8000-000000000000}","09017",1113,2,"kg",2.00,1000.00
"{00000000-0001-7000-8000-000000000000}","09018",1114,1,"g",1.00,1.00
"{00000000-0001-7000-8000-000000000000}","09018",1114,2,"kg",2.00,1000.00
"{00000000-0001-7000-8000-000000000000}","09019",1115,1,"g",1.00,1.00
"{00000000-0001-7000-8000-000000000000}","09019",1115,2,"kg",2.00,1000.00
"{00000000-0001-7000-8000-000000000000}","09020",1116,1,"g",1.00,1.00
"{00000000-0001-7000-8000-000000000000}","09020",1116,2,"kg",2.00,1000.00
"{00000000-0001-7000-8000-000000000000}","09021",1117,1,"g",1.00,1.00
"{00000000-0001-7000-8000-000000000000}","09021",1117,2,"kg",2.00,1000.00
"{00000000-0001-7000-8000-000000000000}","09022",1118,1,"g",1.00,1.00
"{00000000-0001-7000-8000-000000000000}","09022",1118,2,"kg",2.00,1000.00
"{00000000-0001-7000-8000-000000000000}","09023",1119,1,"g",1.00,1.00
"{00000000-0001-7000-8000-000000000000}","09023",1119,2,"kg",2.00,1000.00
"{00000000-0001-7000-8000-000000000000}","09024",1120,1,"g",1.00,1.00
"{00000000-0001-7000-8000-000000000000}","09024",1120,2,"kg",2.00,1000.00
"{00000000-0001-7000-8000-000000000000}","09025",1121,1,"g",1.00,1.00
"{00000000-0001-7000-8000-000000000000}","09025",1121,2,"kg",2.00,1000.00
"{00000000-0001-7000-8000-000000000000}","09026",1122,1,"g",1.00,1.00
"{00000000-0001-7000-8000-000000000000}","09026",1122,2,"kg",2.00,1000.00
"{00000000-0001-7000-8000-000000000000}","09027",1123,1,"g",1.00,1.00
"{00000000-0001-7000-8000-000000000000}","09027",1123,2,"kg",2.00,1000.00
"{00000000-0001-7000-8000-000000000000}","09028",1124,1,"g",1.00,1.00
"{00000000-0001-7000-8000-000000000000}","09028",1124,2,"kg",2.00,1000.00
"{00000000-0001-7000-8000-000000000000}","09029",1125,1,"g",1.00,1.00
"{00000000-0001-7000-8000-000000000000}","09029",1125,2,"kg",2.00,1000.00
"{00000000-0001-7000-8000-000000000000}","09030",1126,1,"g",1.00,1.00
"{00000000-0001-7000-8000-000000000000}","09030",1126,2,"kg",2.00,1000.00
"{00000000-0001-7000-8000-000000000000}","09032",1127,1,"g",1.00,1.00
"{00000000-0001-7000-8000-000000000000}","09032",1127,2,"kg",2.00,1000.00
"{00000000-0001-7000-8000-000000000000}","09033",1128,1,"g",1.00,1.00
"{00000000-0001-7000-8000-000000000000}","09033",1128,2,"kg",2.00,1000.00
"{00000000-0001-7000-8000-000000000000}","09034",1129,1,"g",1.00,1.00
"{00000000-0001-7000-8000-000000000000}","09034",1129,2,"kg",2.00,1000.00
"{00000000-0001-7000-8000-000000000000}","09035",1130,1,"g",1.00,1.00
"{00000000-0001-7000-8000-000000000000}","09035",1130,2,"kg",2.00,1000.00
"{00000000-0001-7000-8000-000000000000}","09036",1131,1,"g",1.00,1.00
"{00000000-0001-7000-8000-000000000000}","09036",1131,2,"kg",2.00,1000.00
"{00000000-0001-7000-8000-000000000000}","09037",1132,1,"g",1.00,1.00
"{00000000-0001-7000-8000-000000000000}","09037",1132,2,"kg",2.00,1000.00
"{00000000-0001-7000-8000-000000000000}","09038",1133,1,"g",1.00,1.00
"{00000000-0001-7000-8000-000000000000}","09038",1133,2,"kg",2.00,1000.00
"{00000000-0001-7000-8000-000000000000}","09039",1134,1,"g",1.00,1.00
"{00000000-0001-7000-8000-000000000000}","09039",1134,2,"kg",2.00,1000.00
"{00000000-0001-7000-8000-000000000000}","09040",1135,1,"g",1.00,1.00
"{00000000-0001-7000-8000-000000000000}","09040",1135,2,"kg",2.00,1000.00
"{00000000-0001-7000-8000-000000000000}","09041",1136,1,"g",1.00,1.00
"{00000000-0001-7000-8000-000000000000}","09041",1136,2,"kg",2.00,1000.00
"{00000000-0001-7000-8000-000000000000}","09042",1137,1,"g",1.00,1.00
"{00000000-0001-7000-8000-000000000000}","09042",1137,2,"kg",2.00,1000.00
"{00000000-0001-7000-8000-000000000000}","09043",1138,1,"g",1.00,1.00
"{00000000-0001-7000-8000-000000000000}","09043",1138,2,"kg",2.00,1000.00
"{00000000-0001-7000-8000-000000000000}","09044",1139,1,"g",1.00,1.00
"{00000000-0001-7000-8000-000000000000}","09044",1139,2,"kg",2.00,1000.00
"{00000000-0001-7000-8000-000000000000}","09045",1140,1,"g",1.00,1.00
"{00000000-0001-7000-8000-000000000000}","09045",1140,2,"kg",2.00,1000.00
"{00000000-0001-7000-8000-000000000000}","09046",1141,1,"g",1.00,1.00
"{00000000-0001-7000-8000-000000000000}","09046",1141,2,"kg",2.00,1000.00
"{00000000-0001-7000-8000-000000000000}","09047",1142,1,"g",1.00,1.00
"{00000000-0001-7000-8000-000000000000}","09047",1142,2,"kg",2.00,1000.00
"{00000000-0001-7000-8000-000000000000}","09049",1143,1,"g",1.00,1.00
"{00000000-0001-7000-8000-000000000000}","09049",1143,2,"kg",2.00,1000.00
"{00000000-0001-7000-8000-000000000000}","09050",1144,1,"g",1.00,1.00
"{00000000-0001-7000-8000-000000000000}","09050",1144,2,"kg",2.00,1000.00
"{00000000-0001-7000-8000-000000000000}","09051",1145,1,"g",1.00,1.00
"{00000000-0001-7000-8000-000000000000}","09051",1145,2,"kg",2.00,1000.00
"{00000000-0001-7000-8000-000000000000}","09052",1146,1,"g",1.00,1.00
"{00000000-0001-7000-8000-000000000000}","09052",1146,2,"kg",2.00,1000.00
"{00000000-0001-7000-8000-000000000000}","09053",1147,1,"g",1.00,1.00
"{00000000-0001-7000-8000-000000000000}","09053",1147,2,"kg",2.00,1000.00
"{00000000-0001-7000-8000-000000000000}","09054",1148,1,"g",1.00,1.00
"{00000000-0001-7000-8000-000000000000}","09054",1148,2,"kg",2.00,1000.00
"{00000000-0001-7000-8000-000000000000}","09055",1149,1,"g",1.00,1.00
"{00000000-0001-7000-8000-000000000000}","09055",1149,2,"kg",2.00,1000.00
"{00000000-0001-7000-8000-000000000000}","09056",1150,1,"g",1.00,1.00
"{00000000-0001-7000-8000-000000000000}","09056",1150,2,"kg",2.00,1000.00
"{00000000-0001-7000-8000-000000000000}","09057",1151,1,"g",1.00,1.00
"{00000000-0001-7000-8000-000000000000}","09057",1151,2,"kg",2.00,1000.00
"{00000000-0001-7000-8000-000000000000}","09058",1152,1,"g",1.00,1.00
"{00000000-0001-7000-8000-000000000000}","09058",1152,2,"kg",2.00,1000.00
"{00000000-0001-7000-8000-000000000000}","09059",1153,1,"g",1.00,1.00
"{00000000-0001-7000-8000-000000000000}","09059",1153,2,"kg",2.00,1000.00
"{00000000-0001-7000-8000-000000000000}","10001",1154,1,"g",1.00,1.00
"{00000000-0001-7000-8000-000000000000}","10001",1154,2,"kg",2.00,1000.00
"{00000000-0001-7000-8000-000000000000}","10002",1155,1,"g",1.00,1.00
"{00000000-0001-7000-8000-000000000000}","10002",1155,2,"kg",2.00,1000.00
"{00000000-0001-7000-8000-000000000000}","10003",1156,1,"g",1.00,1.00
"{00000000-0001-7000-8000-000000000000}","10003",1156,2,"kg",2.00,1000.00
"{00000000-0001-7000-8000-000000000000}","10004",1157,1,"g",1.00,1.00
"{00000000-0001-7000-8000-000000000000}","10004",1157,2,"kg",2.00,1000.00
"{00000000-0001-7000-8000-000000000000}","10005",1158,1,"g",1.00,1.00
"{00000000-0001-7000-8000-000000000000}","10005",1158,2,"kg",2.00,1000.00
"{00000000-0001-7000-8000-000000000000}","10006",1159,1,"g",1.00,1.00
"{00000000-0001-7000-8000-000000000000}","10006",1159,2,"kg",2.00,1000.00
"{00000000-0001-7000-8000-000000000000}","10007",1160,1,"g",1.00,1.00
"{00000000-0001-7000-8000-000000000000}","10007",1160,2,"kg",2.00,1000.00
"{00000000-0001-7000-8000-000000000000}","10008",1161,1,"g",1.00,1.00
"{00000000-0001-7000-8000-000000000000}","10008",1161,2,"kg",2.00,1000.00
"{00000000-0001-7000-8000-000000000000}","10009",1162,1,"g",1.00,1.00
"{00000000-0001-7000-8000-000000000000}","10009",1162,2,"kg",2.00,1000.00
"{00000000-0001-7000-8000-000000000000}","10010",1163,1,"g",1.00,1.00
"{00000000-0001-7000-8000-000000000000}","10010",1163,2,"kg",2.00,1000.00
"{00000000-0001-7000-8000-000000000000}","10011",1164,1,"g",1.00,1.00
"{00000000-0001-7000-8000-000000000000}","10011",1164,2,"kg",2.00,1000.00
"{00000000-0001-7000-8000-000000000000}","10012",1165,1,"g",1.00,1.00
"{00000000-0001-7000-8000-000000000000}","10012",1165,2,"kg",2.00,1000.00
"{00000000-0001-7000-8000-000000000000}","10013",1166,1,"g",1.00,1.00
"{00000000-0001-7000-8000-000000000000}","10013",1166,2,"kg",2.00,1000.00
"{00000000-0001-7000-8000-000000000000}","10014",1167,1,"g",1.00,1.00
"{00000000-0001-7000-8000-000000000000}","10014",1167,2,"kg",2.00,1000.00
"{00000000-0001-7000-8000-000000000000}","10015",1168,1,"g",1.00,1.00
"{00000000-0001-7000-8000-000000000000}","10015",1168,2,"kg",2.00,1000.00
"{00000000-0001-7000-8000-000000000000}","10016",1169,1,"g",1.00,1.00
"{00000000-0001-7000-8000-000000000000}","10016",1169,2,"kg",2.00,1000.00
"{00000000-0001-7000-8000-000000000000}","10017",1170,1,"g",1.00,1.00
"{00000000-0001-7000-8000-000000000000}","10017",1170,2,"kg",2.00,1000.00
"{00000000-0001-7000-8000-000000000000}","10018",1171,1,"g",1.00,1.00
"{00000000-0001-7000-8000-000000000000}","10018",1171,2,"kg",2.00,1000.00
"{00000000-0001-7000-8000-000000000000}","10019",1172,1,"g",1.00,1.00
"{00000000-0001-7000-8000-000000000000}","10019",1172,2,"kg",2.00,1000.00
"{00000000-0001-7000-8000-000000000000}","10020",1173,1,"g",1.00,1.00
"{00000000-0001-7000-8000-000000000000}","10020",1173,2,"kg",2.00,1000.00
"{00000000-0001-7000-8000-000000000000}","10021",1174,1,"g",1.00,1.00
"{00000000-0001-7000-8000-000000000000}","10021",1174,2,"kg",2.00,1000.00
"{00000000-0001-7000-8000-000000000000}","10022",1175,1,"g",1.00,1.00
"{00000000-0001-7000-8000-000000000000}","10022",1175,2,"kg",2.00,1000.00
"{00000000-0001-7000-8000-000000000000}","10023",1176,1,"g",1.00,1.00
"{00000000-0001-7000-8000-000000000000}","10023",1176,2,"kg",2.00,1000.00
"{00000000-0001-7000-8000-000000000000}","10024",1177,1,"g",1.00,1.00
"{00000000-0001-7000-8000-000000000000}","10024",1177,2,"kg",2.00,1000.00
"{00000000-0001-7000-8000-000000000000}","10025",1178,1,"g",1.00,1.00
"{00000000-0001-7000-8000-000000000000}","10025",1178,2,"kg",2.00,1000.00
"{00000000-0001-7000-8000-000000000000}","10026",1179,1,"g",1.00,1.00
"{00000000-0001-7000-8000-000000000000}","10026",1179,2,"kg",2.00,1000.00
"{00000000-0001-7000-8000-000000000000}","10027",1180,1,"g",1.00,1.00
"{00000000-0001-7000-8000-000000000000}","10027",1180,2,"kg",2.00,1000.00
"{00000000-0001-7000-8000-000000000000}","10028",1181,1,"g",1.00,1.00
"{00000000-0001-7000-8000-000000000000}","10028",1181,2,"kg",2.00,1000.00
"{00000000-0001-7000-8000-000000000000}","10029",1182,1,"g",1.00,1.00
"{00000000-0001-7000-8000-000000000000}","10029",1182,2,"kg",2.00,1000.00
"{00000000-0001-7000-8000-000000000000}","10030",1183,1,"g",1.00,1.00
"{00000000-0001-7000-8000-000000000000}","10030",1183,2,"kg",2.00,1000.00
"{00000000-0001-7000-8000-000000000000}","10031",1184,1,"g",1.00,1.00
"{00000000-0001-7000-8000-000000000000}","10031",1184,2,"kg",2.00,1000.00
"{00000000-0001-7000-8000-000000000000}","10032",1185,1,"g",1.00,1.00
"{00000000-0001-7000-8000-000000000000}","10032",1185,2,"kg",2.00,1000.00
"{00000000-0001-7000-8000-000000000000}","10033",1186,1,"g",1.00,1.00
"{00000000-0001-7000-8000-000000000000}","10033",1186,2,"kg",2.00,1000.00
"{00000000-0001-7000-8000-000000000000}","10034",1187,1,"g",1.00,1.00
"{00000000-0001-7000-8000-000000000000}","10034",1187,2,"kg",2.00,1000.00
"{00000000-0001-7000-8000-000000000000}","10035",1188,1,"g",1.00,1.00
"{00000000-0001-7000-8000-000000000000}","10035",1188,2,"kg",2.00,1000.00
"{00000000-0001-7000-8000-000000000000}","10036",1189,1,"g",1.00,1.00
"{00000000-0001-7000-8000-000000000000}","10036",1189,2,"kg",2.00,1000.00
"{00000000-0001-7000-8000-000000000000}","10037",1190,1,"g",1.00,1.00
"{00000000-0001-7000-8000-000000000000}","10037",1190,2,"kg",2.00,1000.00
"{00000000-0001-7000-8000-000000000000}","10038",1191,1,"g",1.00,1.00
"{00000000-0001-7000-8000-000000000000}","10038",1191,2,"kg",2.00,1000.00
"{00000000-0001-7000-8000-000000000000}","10039",1192,1,"g",1.00,1.00
"{00000000-0001-7000-8000-000000000000}","10039",1192,2,"kg",2.00,1000.00
"{00000000-0001-7000-8000-000000000000}","10040",1193,1,"g",1.00,1.00
"{00000000-0001-7000-8000-000000000000}","10040",1193,2,"kg",2.00,1000.00
"{00000000-0001-7000-8000-000000000000}","10041",1194,1,"g",1.00,1.00
"{00000000-0001-7000-8000-000000000000}","10041",1194,2,"kg",2.00,1000.00
"{00000000-0001-7000-8000-000000000000}","10042",1195,1,"g",1.00,1.00
"{00000000-0001-7000-8000-000000000000}","10042",1195,2,"kg",2.00,1000.00
"{00000000-0001-7000-8000-000000000000}","10043",1196,1,"g",1.00,1.00
"{00000000-0001-7000-8000-000000000000}","10043",1196,2,"kg",2.00,1000.00
"{00000000-0001-7000-8000-000000000000}","10044",1197,1,"g",1.00,1.00
"{00000000-0001-7000-8000-000000000000}","10044",1197,2,"kg",2.00,1000.00
"{00000000-0001-7000-8000-000000000000}","10045",1198,1,"g",1.00,1.00
"{00000000-0001-7000-8000-000000000000}","10045",1198,2,"kg",2.00,1000.00
"{00000000-0001-7000-8000-000000000000}","10046",1199,1,"g",1.00,1.00
"{00000000-0001-7000-8000-000000000000}","10046",1199,2,"kg",2.00,1000.00
"{00000000-0001-7000-8000-000000000000}","10047",1200,1,"g",1.00,1.00
"{00000000-0001-7000-8000-000000000000}","10047",1200,2,"kg",2.00,1000.00
"{00000000-0001-7000-8000-000000000000}","10048",1201,1,"g",1.00,1.00
"{00000000-0001-7000-8000-000000000000}","10048",1201,2,"kg",2.00,1000.00
"{00000000-0001-7000-8000-000000000000}","10049",1202,1,"g",1.00,1.00
"{00000000-0001-7000-8000-000000000000}","10049",1202,2,"kg",2.00,1000.00
"{00000000-0001-7000-8000-000000000000}","10050",1203,1,"g",1.00,1.00
"{00000000-0001-7000-8000-000000000000}","10050",1203,2,"kg",2.00,1000.00
"{00000000-0001-7000-8000-000000000000}","10051",1204,1,"g",1.00,1.00
"{00000000-0001-7000-8000-000000000000}","10051",1204,2,"kg",2.00,1000.00
"{00000000-0001-7000-8000-000000000000}","10052",1205,1,"g",1.00,1.00
"{00000000-0001-7000-8000-000000000000}","10052",1205,2,"kg",2.00,1000.00
"{00000000-0001-7000-8000-000000000000}","10053",1206,1,"g",1.00,1.00
"{00000000-0001-7000-8000-000000000000}","10053",1206,2,"kg",2.00,1000.00
"{00000000-0001-7000-8000-000000000000}","10054",1207,1,"g",1.00,1.00
"{00000000-0001-7000-8000-000000000000}","10054",1207,2,"kg",2.00,1000.00
"{00000000-0001-7000-8000-000000000000}","10055",1208,1,"g",1.00,1.00
"{00000000-0001-7000-8000-000000000000}","10055",1208,2,"kg",2.00,1000.00
"{00000000-0001-7000-8000-000000000000}","10056",1209,1,"g",1.00,1.00
"{00000000-0001-7000-8000-000000000000}","10056",1209,2,"kg",2.00,1000.00
"{00000000-0001-7000-8000-000000000000}","10057",1210,1,"g",1.00,1.00
"{00000000-0001-7000-8000-000000000000}","10057",1210,2,"kg",2.00,1000.00
"{00000000-0001-7000-8000-000000000000}","10058",1211,1,"g",1.00,1.00
"{00000000-0001-7000-8000-000000000000}","10058",1211,2,"kg",2.00,1000.00
"{00000000-0001-7000-8000-000000000000}","10059",1212,1,"g",1.00,1.00
"{00000000-0001-7000-8000-000000000000}","10059",1212,2,"kg",2.00,1000.00
"{00000000-0001-7000-8000-000000000000}","10060",1213,1,"g",1.00,1.00
"{00000000-0001-7000-8000-000000000000}","10060",1213,2,"kg",2.00,1000.00
"{00000000-0001-7000-8000-000000000000}","10061",1214,1,"g",1.00,1.00
"{00000000-0001-7000-8000-000000000000}","10061",1214,2,"kg",2.00,1000.00
"{00000000-0001-7000-8000-000000000000}","10062",1215,1,"g",1.00,1.00
"{00000000-0001-7000-8000-000000000000}","10062",1215,2,"kg",2.00,1000.00
"{00000000-0001-7000-8000-000000000000}","10063",1216,1,"g",1.00,1.00
"{00000000-0001-7000-8000-000000000000}","10063",1216,2,"kg",2.00,1000.00
"{00000000-0001-7000-8000-000000000000}","10064",1217,1,"g",1.00,1.00
"{00000000-0001-7000-8000-000000000000}","10064",1217,2,"kg",2.00,1000.00
"{00000000-0001-7000-8000-000000000000}","10065",1218,1,"g",1.00,1.00
"{00000000-0001-7000-8000-000000000000}","10065",1218,2,"kg",2.00,1000.00
"{00000000-0001-7000-8000-000000000000}","10066",1219,1,"g",1.00,1.00
"{00000000-0001-7000-8000-000000000000}","10066",1219,2,"kg",2.00,1000.00
"{00000000-0001-7000-8000-000000000000}","10067",1220,1,"g",1.00,1.00
"{00000000-0001-7000-8000-000000000000}","10067",1220,2,"kg",2.00,1000.00
"{00000000-0001-7000-8000-000000000000}","10068",1221,1,"g",1.00,1.00
"{00000000-0001-7000-8000-000000000000}","10068",1221,2,"kg",2.00,1000.00
"{00000000-0001-7000-8000-000000000000}","10069",1222,1,"g",1.00,1.00
"{00000000-0001-7000-8000-000000000000}","10069",1222,2,"kg",2.00,1000.00
"{00000000-0001-7000-8000-000000000000}","10070",1223,1,"g",1.00,1.00
"{00000000-0001-7000-8000-000000000000}","10070",1223,2,"kg",2.00,1000.00
"{00000000-0001-7000-8000-000000000000}","10071",1224,1,"g",1.00,1.00
"{00000000-0001-7000-8000-000000000000}","10071",1224,2,"kg",2.00,1000.00
"{00000000-0001-7000-8000-000000000000}","10072",1225,1,"g",1.00,1.00
"{00000000-0001-7000-8000-000000000000}","10072",1225,2,"kg",2.00,1000.00
"{00000000-0001-7000-8000-000000000000}","10073",1226,1,"g",1.00,1.00
"{00000000-0001-7000-8000-000000000000}","10073",1226,2,"kg",2.00,1000.00
"{00000000-0001-7000-8000-000000000000}","10074",1227,1,"g",1.00,1.00
"{00000000-0001-7000-8000-000000000000}","10074",1227,2,"kg",2.00,1000.00
"{00000000-0001-7000-8000-000000000000}","10075",1228,1,"g",1.00,1.00
"{00000000-0001-7000-8000-000000000000}","10075",1228,2,"kg",2.00,1000.00
"{00000000-0001-7000-8000-000000000000}","10076",1229,1,"g",1.00,1.00
"{00000000-0001-7000-8000-000000000000}","10076",1229,2,"kg",2.00,1000.00
"{00000000-0001-7000-8000-000000000000}","10077",1230,1,"g",1.00,1.00
"{00000000-0001-7000-8000-000000000000}","10077",1230,2,"kg",2.00,1000.00
"{00000000-0001-7000-8000-000000000000}","10078",1231,1,"g",1.00,1.00
"{00000000-0001-7000-8000-000000000000}","10078",1231,2,"kg",2.00,1000.00
"{00000000-0001-7000-8000-000000000000}","10079",1232,1,"g",1.00,1.00
"{00000000-0001-7000-8000-000000000000}","10079",1232,2,"kg",2.00,1000.00
"{00000000-0001-7000-8000-000000000000}","10080",1233,1,"g",1.00,1.00
"{00000000-0001-7000-8000-000000000000}","10080",1233,2,"kg",2.00,1000.00
"{00000000-0001-7000-8000-000000000000}","10081",1234,1,"g",1.00,1.00
"{00000000-0001-7000-8000-000000000000}","10081",1234,2,"kg",2.00,1000.00
"{00000000-0001-7000-8000-000000000000}","10082",1235,1,"g",1.00,1.00
"{00000000-0001-7000-8000-000000000000}","10082",1235,2,"kg",2.00,1000.00
"{00000000-0001-7000-8000-000000000000}","10083",1236,1,"g",1.00,1.00
"{00000000-0001-7000-8000-000000000000}","10083",1236,2,"kg",2.00,1000.00
"{00000000-0001-7000-8000-000000000000}","10084",1237,1,"g",1.00,1.00
"{00000000-0001-7000-8000-000000000000}","10084",1237,2,"kg",2.00,1000.00
"{00000000-0001-7000-8000-000000000000}","10085",1238,1,"g",1.00,1.00
"{00000000-0001-7000-8000-000000000000}","10085",1238,2,"kg",2.00,1000.00
"{00000000-0001-7000-8000-000000000000}","10086",1239,1,"g",1.00,1.00
"{00000000-0001-7000-8000-000000000000}","10086",1239,2,"kg",2.00,1000.00
"{00000000-0001-7000-8000-000000000000}","10087",1240,1,"g",1.00,1.00
"{00000000-0001-7000-8000-000000000000}","10087",1240,2,"kg",2.00,1000.00
"{00000000-0001-7000-8000-000000000000}","10088",1241,1,"g",1.00,1.00
"{00000000-0001-7000-8000-000000000000}","10088",1241,2,"kg",2.00,1000.00
"{00000000-0001-7000-8000-000000000000}","10089",1242,1,"g",1.00,1.00
"{00000000-0001-7000-8000-000000000000}","10089",1242,2,"kg",2.00,1000.00
"{00000000-0001-7000-8000-000000000000}","10090",1243,1,"g",1.00,1.00
"{00000000-0001-7000-8000-000000000000}","10090",1243,2,"kg",2.00,1000.00
"{00000000-0001-7000-8000-000000000000}","10091",1244,1,"g",1.00,1.00
"{00000000-0001-7000-8000-000000000000}","10091",1244,2,"kg",2.00,1000.00
"{00000000-0001-7000-8000-000000000000}","10092",1245,1,"g",1.00,1.00
"{00000000-0001-7000-8000-000000000000}","10092",1245,2,"kg",2.00,1000.00
"{00000000-0001-7000-8000-000000000000}","10093",1246,1,"g",1.00,1.00
"{00000000-0001-7000-8000-000000000000}","10093",1246,2,"kg",2.00,1000.00
"{00000000-0001-7000-8000-000000000000}","10094",1247,1,"g",1.00,1.00
"{00000000-0001-7000-8000-000000000000}","10094",1247,2,"kg",2.00,1000.00
"{00000000-0001-7000-8000-000000000000}","10095",1248,1,"g",1.00,1.00
"{00000000-0001-7000-8000-000000000000}","10095",1248,2,"kg",2.00,1000.00
"{00000000-0001-7000-8000-000000000000}","10096",1249,1,"g",1.00,1.00
"{00000000-0001-7000-8000-000000000000}","10096",1249,2,"kg",2.00,1000.00
"{00000000-0001-7000-8000-000000000000}","10097",1250,1,"g",1.00,1.00
"{00000000-0001-7000-8000-000000000000}","10097",1250,2,"kg",2.00,1000.00
"{00000000-0001-7000-8000-000000000000}","10098",1251,1,"g",1.00,1.00
"{00000000-0001-7000-8000-000000000000}","10098",1251,2,"kg",2.00,1000.00
"{00000000-0001-7000-8000-000000000000}","10099",1252,1,"g",1.00,1.00
"{00000000-0001-7000-8000-000000000000}","10099",1252,2,"kg",2.00,1000.00
"{00000000-0001-7000-8000-000000000000}","10100",1253,1,"g",1.00,1.00
"{00000000-0001-7000-8000-000000000000}","10100",1253,2,"kg",2.00,1000.00
"{00000000-0001-7000-8000-000000000000}","10101",1254,1,"g",1.00,1.00
"{00000000-0001-7000-8000-000000000000}","10101",1254,2,"kg",2.00,1000.00
"{00000000-0001-7000-8000-000000000000}","10102",1255,1,"g",1.00,1.00
"{00000000-0001-7000-8000-000000000000}","10102",1255,2,"kg",2.00,1000.00
"{00000000-0001-7000-8000-000000000000}","10103",1256,1,"g",1.00,1.00
"{00000000-0001-7000-8000-000000000000}","10103",1256,2,"kg",2.00,1000.00
"{00000000-0001-7000-8000-000000000000}","10104",1257,1,"g",1.00,1.00
"{00000000-0001-7000-8000-000000000000}","10104",1257,2,"kg",2.00,1000.00
"{00000000-0001-7000-8000-000000000000}","10105",1258,1,"g",1.00,1.00
"{00000000-0001-7000-8000-000000000000}","10105",1258,2,"kg",2.00,1000.00
"{00000000-0001-7000-8000-000000000000}","10106",1259,1,"g",1.00,1.00
"{00000000-0001-7000-8000-000000000000}","10106",1259,2,"kg",2.00,1000.00
"{00000000-0001-7000-8000-000000000000}","10107",1260,1,"g",1.00,1.00
"{00000000-0001-7000-8000-000000000000}","10107",1260,2,"kg",2.00,1000.00
"{00000000-0001-7000-8000-000000000000}","10108",1261,1,"g",1.00,1.00
"{00000000-0001-7000-8000-000000000000}","10108",1261,2,"kg",2.00,1000.00
"{00000000-0001-7000-8000-000000000000}","10109",1262,1,"g",1.00,1.00
"{00000000-0001-7000-8000-000000000000}","10109",1262,2,"kg",2.00,1000.00
"{00000000-0001-7000-8000-000000000000}","10110",1263,1,"g",1.00,1.00
"{00000000-0001-7000-8000-000000000000}","10110",1263,2,"kg",2.00,1000.00
"{00000000-0001-7000-8000-000000000000}","10111",1264,1,"g",1.00,1.00
"{00000000-0001-7000-8000-000000000000}","10111",1264,2,"kg",2.00,1000.00
"{00000000-0001-7000-8000-000000000000}","10112",1265,1,"g",1.00,1.00
"{00000000-0001-7000-8000-000000000000}","10112",1265,2,"kg",2.00,1000.00
"{00000000-0001-7000-8000-000000000000}","10113",1266,1,"g",1.00,1.00
"{00000000-0001-7000-8000-000000000000}","10113",1266,2,"kg",2.00,1000.00
"{00000000-0001-7000-8000-000000000000}","10114",1267,1,"g",1.00,1.00
"{00000000-0001-7000-8000-000000000000}","10114",1267,2,"kg",2.00,1000.00
"{00000000-0001-7000-8000-000000000000}","10115",1268,1,"g",1.00,1.00
"{00000000-0001-7000-8000-000000000000}","10115",1268,2,"kg",2.00,1000.00
"{00000000-0001-7000-8000-000000000000}","10116",1269,1,"g",1.00,1.00
"{00000000-0001-7000-8000-000000000000}","10116",1269,2,"kg",2.00,1000.00
"{00000000-0001-7000-8000-000000000000}","10117",1270,1,"g",1.00,1.00
"{00000000-0001-7000-8000-000000000000}","10117",1270,2,"kg",2.00,1000.00
"{00000000-0001-7000-8000-000000000000}","10118",1271,1,"g",1.00,1.00
"{00000000-0001-7000-8000-000000000000}","10118",1271,2,"kg",2.00,1000.00
"{00000000-0001-7000-8000-000000000000}","10119",1272,1,"g",1.00,1.00
"{00000000-0001-7000-8000-000000000000}","10119",1272,2,"kg",2.00,1000.00
"{00000000-0001-7000-8000-000000000000}","10120",1273,1,"g",1.00,1.00
"{00000000-0001-7000-8000-000000000000}","10120",1273,2,"kg",2.00,1000.00
"{00000000-0001-7000-8000-000000000000}","10121",1274,1,"g",1.00,1.00
"{00000000-0001-7000-8000-000000000000}","10121",1274,2,"kg",2.00,1000.00
"{00000000-0001-7000-8000-000000000000}","10122",1275,1,"g",1.00,1.00
"{00000000-0001-7000-8000-000000000000}","10122",1275,2,"kg",2.00,1000.00
"{00000000-0001-7000-8000-000000000000}","10123",1276,1,"g",1.00,1.00
"{00000000-0001-7000-8000-000000000000}","10123",1276,2,"kg",2.00,1000.00
"{00000000-0001-7000-8000-000000000000}","10124",1277,1,"g",1.00,1.00
"{00000000-0001-7000-8000-000000000000}","10124",1277,2,"kg",2.00,1000.00
"{00000000-0001-7000-8000-000000000000}","10125",1278,1,"g",1.00,1.00
"{00000000-0001-7000-8000-000000000000}","10125",1278,2,"kg",2.00,1000.00
"{00000000-0001-7000-8000-000000000000}","10126",1279,1,"g",1.00,1.00
"{00000000-0001-7000-8000-000000000000}","10126",1279,2,"kg",2.00,1000.00
"{00000000-0001-7000-8000-000000000000}","10127",1280,1,"g",1.00,1.00
"{00000000-0001-7000-8000-000000000000}","10127",1280,2,"kg",2.00,1000.00
"{00000000-0001-7000-8000-000000000000}","10128",1281,1,"g",1.00,1.00
"{00000000-0001-7000-8000-000000000000}","10128",1281,2,"kg",2.00,1000.00
"{00000000-0001-7000-8000-000000000000}","10129",1282,1,"g",1.00,1.00
"{00000000-0001-7000-8000-000000000000}","10129",1282,2,"kg",2.00,1000.00
"{00000000-0001-7000-8000-000000000000}","10130",1283,1,"g",1.00,1.00
"{00000000-0001-7000-8000-000000000000}","10130",1283,2,"kg",2.00,1000.00
"{00000000-0001-7000-8000-000000000000}","10131",1284,1,"g",1.00,1.00
"{00000000-0001-7000-8000-000000000000}","10131",1284,2,"kg",2.00,1000.00
"{00000000-0001-7000-8000-000000000000}","10132",1285,1,"g",1.00,1.00
"{00000000-0001-7000-8000-000000000000}","10132",1285,2,"kg",2.00,1000.00
"{00000000-0001-7000-8000-000000000000}","10133",1286,1,"g",1.00,1.00
"{00000000-0001-7000-8000-000000000000}","10133",1286,2,"kg",2.00,1000.00
"{00000000-0001-7000-8000-000000000000}","10134",1287,1,"g",1.00,1.00
"{00000000-0001-7000-8000-000000000000}","10134",1287,2,"kg",2.00,1000.00
"{00000000-0001-7000-8000-000000000000}","10135",1288,1,"g",1.00,1.00
"{00000000-0001-7000-8000-000000000000}","10135",1288,2,"kg",2.00,1000.00
"{00000000-0001-7000-8000-000000000000}","10136",1289,1,"g",1.00,1.00
"{00000000-0001-7000-8000-000000000000}","10136",1289,2,"kg",2.00,1000.00
"{00000000-0001-7000-8000-000000000000}","10137",1290,1,"g",1.00,1.00
"{00000000-0001-7000-8000-000000000000}","10137",1290,2,"kg",2.00,1000.00
"{00000000-0001-7000-8000-000000000000}","10138",1291,1,"g",1.00,1.00
"{00000000-0001-7000-8000-000000000000}","10138",1291,2,"kg",2.00,1000.00
"{00000000-0001-7000-8000-000000000000}","10139",1292,1,"g",1.00,1.00
"{00000000-0001-7000-8000-000000000000}","10139",1292,2,"kg",2.00,1000.00
"{00000000-0001-7000-8000-000000000000}","10140",1293,1,"g",1.00,1.00
"{00000000-0001-7000-8000-000000000000}","10140",1293,2,"kg",2.00,1000.00
"{00000000-0001-7000-8000-000000000000}","10141",1294,1,"g",1.00,1.00
"{00000000-0001-7000-8000-000000000000}","10141",1294,2,"kg",2.00,1000.00
"{00000000-0001-7000-8000-000000000000}","10142",1295,1,"g",1.00,1.00
"{00000000-0001-7000-8000-000000000000}","10142",1295,2,"kg",2.00,1000.00
"{00000000-0001-7000-8000-000000000000}","10143",1296,1,"g",1.00,1.00
"{00000000-0001-7000-8000-000000000000}","10143",1296,2,"kg",2.00,1000.00
"{00000000-0001-7000-8000-000000000000}","10144",1297,1,"g",1.00,1.00
"{00000000-0001-7000-8000-000000000000}","10144",1297,2,"kg",2.00,1000.00
"{00000000-0001-7000-8000-000000000000}","10145",1298,1,"g",1.00,1.00
"{00000000-0001-7000-8000-000000000000}","10145",1298,2,"kg",2.00,1000.00
"{00000000-0001-7000-8000-000000000000}","10146",1299,1,"g",1.00,1.00
"{00000000-0001-7000-8000-000000000000}","10146",1299,2,"kg",2.00,1000.00
"{00000000-0001-7000-8000-000000000000}","10147",1300,1,"g",1.00,1.00
"{00000000-0001-7000-8000-000000000000}","10147",1300,2,"kg",2.00,1000.00
"{00000000-0001-7000-8000-000000000000}","10148",1301,1,"g",1.00,1.00
"{00000000-0001-7000-8000-000000000000}","10148",1301,2,"kg",2.00,1000.00
"{00000000-0001-7000-8000-000000000000}","10149",1302,1,"g",1.00,1.00
"{00000000-0001-7000-8000-000000000000}","10149",1302,2,"kg",2.00,1000.00
"{00000000-0001-7000-8000-000000000000}","10150",1303,1,"g",1.00,1.00
"{00000000-0001-7000-8000-000000000000}","10150",1303,2,"kg",2.00,1000.00
"{00000000-0001-7000-8000-000000000000}","10151",1304,1,"g",1.00,1.00
"{00000000-0001-7000-8000-000000000000}","10151",1304,2,"kg",2.00,1000.00
"{00000000-0001-7000-8000-000000000000}","10152",1305,1,"g",1.00,1.00
"{00000000-0001-7000-8000-000000000000}","10152",1305,2,"kg",2.00,1000.00
"{00000000-0001-7000-8000-000000000000}","10153",1306,1,"g",1.00,1.00
"{00000000-0001-7000-8000-000000000000}","10153",1306,2,"kg",2.00,1000.00
"{00000000-0001-7000-8000-000000000000}","10154",1307,1,"g",1.00,1.00
"{00000000-0001-7000-8000-000000000000}","10154",1307,2,"kg",2.00,1000.00
"{00000000-0001-7000-8000-000000000000}","10155",1308,1,"g",1.00,1.00
"{00000000-0001-7000-8000-000000000000}","10155",1308,2,"kg",2.00,1000.00
"{00000000-0001-7000-8000-000000000000}","10156",1309,1,"g",1.00,1.00
"{00000000-0001-7000-8000-000000000000}","10156",1309,2,"kg",2.00,1000.00
"{00000000-0001-7000-8000-000000000000}","10157",1310,1,"g",1.00,1.00
"{00000000-0001-7000-8000-000000000000}","10157",1310,2,"kg",2.00,1000.00
"{00000000-0001-7000-8000-000000000000}","10158",1311,1,"g",1.00,1.00
"{00000000-0001-7000-8000-000000000000}","10158",1311,2,"kg",2.00,1000.00
"{00000000-0001-7000-8000-000000000000}","10159",1312,1,"g",1.00,1.00
"{00000000-0001-7000-8000-000000000000}","10159",1312,2,"kg",2.00,1000.00
"{00000000-0001-7000-8000-000000000000}","10160",1313,1,"g",1.00,1.00
"{00000000-0001-7000-8000-000000000000}","10160",1313,2,"kg",2.00,1000.00
"{00000000-0001-7000-8000-000000000000}","10161",1314,1,"g",1.00,1.00
"{00000000-0001-7000-8000-000000000000}","10161",1314,2,"kg",2.00,1000.00
"{00000000-0001-7000-8000-000000000000}","10162",1315,1,"g",1.00,1.00
"{00000000-0001-7000-8000-000000000000}","10162",1315,2,"kg",2.00,1000.00
"{00000000-0001-7000-8000-000000000000}","10163",1316,1,"g",1.00,1.00
"{00000000-0001-7000-8000-000000000000}","10163",1316,2,"kg",2.00,1000.00
"{00000000-0001-7000-8000-000000000000}","10164",1317,1,"g",1.00,1.00
"{00000000-0001-7000-8000-000000000000}","10164",1317,2,"kg",2.00,1000.00
"{00000000-0001-7000-8000-000000000000}","10165",1318,1,"g",1.00,1.00
"{00000000-0001-7000-8000-000000000000}","10165",1318,2,"kg",2.00,1000.00
"{00000000-0001-7000-8000-000000000000}","10166",1319,1,"g",1.00,1.00
"{00000000-0001-7000-8000-000000000000}","10166",1319,2,"kg",2.00,1000.00
"{00000000-0001-7000-8000-000000000000}","10167",1320,1,"g",1.00,1.00
"{00000000-0001-7000-8000-000000000000}","10167",1320,2,"kg",2.00,1000.00
"{00000000-0001-7000-8000-000000000000}","10168",1321,1,"g",1.00,1.00
"{00000000-0001-7000-8000-000000000000}","10168",1321,2,"kg",2.00,1000.00
"{00000000-0001-7000-8000-000000000000}","10169",1322,1,"g",1.00,1.00
"{00000000-0001-7000-8000-000000000000}","10169",1322,2,"kg",2.00,1000.00
"{00000000-0001-7000-8000-000000000000}","10170",1323,1,"g",1.00,1.00
"{00000000-0001-7000-8000-000000000000}","10170",1323,2,"kg",2.00,1000.00
"{00000000-0001-7000-8000-000000000000}","10171",1324,1,"g",1.00,1.00
"{00000000-0001-7000-8000-000000000000}","10171",1324,2,"kg",2.00,1000.00
"{00000000-0001-7000-8000-000000000000}","10172",1325,1,"g",1.00,1.00
"{00000000-0001-7000-8000-000000000000}","10172",1325,2,"kg",2.00,1000.00
"{00000000-0001-7000-8000-000000000000}","10173",1326,1,"g",1.00,1.00
"{00000000-0001-7000-8000-000000000000}","10173",1326,2,"kg",2.00,1000.00
"{00000000-0001-7000-8000-000000000000}","10174",1327,1,"g",1.00,1.00
"{00000000-0001-7000-8000-000000000000}","10174",1327,2,"kg",2.00,1000.00
"{00000000-0001-7000-8000-000000000000}","10175",1328,1,"g",1.00,1.00
"{00000000-0001-7000-8000-000000000000}","10175",1328,2,"kg",2.00,1000.00
"{00000000-0001-7000-8000-000000000000}","10176",1329,1,"g",1.00,1.00
"{00000000-0001-7000-8000-000000000000}","10176",1329,2,"kg",2.00,1000.00
"{00000000-0001-7000-8000-000000000000}","10177",1330,1,"g",1.00,1.00
"{00000000-0001-7000-8000-000000000000}","10177",1330,2,"kg",2.00,1000.00
"{00000000-0001-7000-8000-000000000000}","10178",1331,1,"g",1.00,1.00
"{00000000-0001-7000-8000-000000000000}","10178",1331,2,"kg",2.00,1000.00
"{00000000-0001-7000-8000-000000000000}","10179",1332,1,"g",1.00,1.00
"{00000000-0001-7000-8000-000000000000}","10179",1332,2,"kg",2.00,1000.00
"{00000000-0001-7000-8000-000000000000}","10180",1333,1,"g",1.00,1.00
"{00000000-0001-7000-8000-000000000000}","10180",1333,2,"kg",2.00,1000.00
"{00000000-0001-7000-8000-000000000000}","10181",1334,1,"g",1.00,1.00
"{00000000-0001-7000-8000-000000000000}","10181",1334,2,"kg",2.00,1000.00
"{00000000-0001-7000-8000-000000000000}","10182",1335,1,"g",1.00,1.00
"{00000000-0001-7000-8000-000000000000}","10182",1335,2,"kg",2.00,1000.00
"{00000000-0001-7000-8000-000000000000}","10183",1336,1,"g",1.00,1.00
"{00000000-0001-7000-8000-000000000000}","10183",1336,2,"kg",2.00,1000.00
"{00000000-0001-7000-8000-000000000000}","10184",1337,1,"g",1.00,1.00
"{00000000-0001-7000-8000-000000000000}","10184",1337,2,"kg",2.00,1000.00
"{00000000-0001-7000-8000-000000000000}","10185",1338,1,"g",1.00,1.00
"{00000000-0001-7000-8000-000000000000}","10185",1338,2,"kg",2.00,1000.00
"{00000000-0001-7000-8000-000000000000}","10186",1339,1,"g",1.00,1.00
"{00000000-0001-7000-8000-000000000000}","10186",1339,2,"kg",2.00,1000.00
"{00000000-0001-7000-8000-000000000000}","10187",1340,1,"g",1.00,1.00
"{00000000-0001-7000-8000-000000000000}","10187",1340,2,"kg",2.00,1000.00
"{00000000-0001-7000-8000-000000000000}","10188",1341,1,"g",1.00,1.00
"{00000000-0001-7000-8000-000000000000}","10188",1341,2,"kg",2.00,1000.00
"{00000000-0001-7000-8000-000000000000}","10189",1342,1,"g",1.00,1.00
"{00000000-0001-7000-8000-000000000000}","10189",1342,2,"kg",2.00,1000.00
"{00000000-0001-7000-8000-000000000000}","10190",1343,1,"g",1.00,1.00
"{00000000-0001-7000-8000-000000000000}","10190",1343,2,"kg",2.00,1000.00
"{00000000-0001-7000-8000-000000000000}","10191",1344,1,"g",1.00,1.00
"{00000000-0001-7000-8000-000000000000}","10191",1344,2,"kg",2.00,1000.00
"{00000000-0001-7000-8000-000000000000}","10192",1345,1,"g",1.00,1.00
"{00000000-0001-7000-8000-000000000000}","10192",1345,2,"kg",2.00,1000.00
"{00000000-0001-7000-8000-000000000000}","10193",1346,1,"g",1.00,1.00
"{00000000-0001-7000-8000-000000000000}","10193",1346,2,"kg",2.00,1000.00
"{00000000-0001-7000-8000-000000000000}","10194",1347,1,"g",1.00,1.00
"{00000000-0001-7000-8000-000000000000}","10194",1347,2,"kg",2.00,1000.00
"{00000000-0001-7000-8000-000000000000}","10195",1348,1,"g",1.00,1.00
"{00000000-0001-7000-8000-000000000000}","10195",1348,2,"kg",2.00,1000.00
"{00000000-0001-7000-8000-000000000000}","10196",1349,1,"g",1.00,1.00
"{00000000-0001-7000-8000-000000000000}","10196",1349,2,"kg",2.00,1000.00
"{00000000-0001-7000-8000-000000000000}","10197",1350,1,"g",1.00,1.00
"{00000000-0001-7000-8000-000000000000}","10197",1350,2,"kg",2.00,1000.00
"{00000000-0001-7000-8000-000000000000}","10198",1351,1,"g",1.00,1.00
"{00000000-0001-7000-8000-000000000000}","10198",1351,2,"kg",2.00,1000.00
"{00000000-0001-7000-8000-000000000000}","10199",1352,1,"g",1.00,1.00
"{00000000-0001-7000-8000-000000000000}","10199",1352,2,"kg",2.00,1000.00
"{00000000-0001-7000-8000-000000000000}","10200",1353,1,"g",1.00,1.00
"{00000000-0001-7000-8000-000000000000}","10200",1353,2,"kg",2.00,1000.00
"{00000000-0001-7000-8000-000000000000}","10201",1354,1,"g",1.00,1.00
"{00000000-0001-7000-8000-000000000000}","10201",1354,2,"kg",2.00,1000.00
"{00000000-0001-7000-8000-000000000000}","10202",1355,1,"g",1.00,1.00
"{00000000-0001-7000-8000-000000000000}","10202",1355,2,"kg",2.00,1000.00
"{00000000-0001-7000-8000-000000000000}","10203",1356,1,"g",1.00,1.00
"{00000000-0001-7000-8000-000000000000}","10203",1356,2,"kg",2.00,1000.00
"{00000000-0001-7000-8000-000000000000}","10204",1357,1,"g",1.00,1.00
"{00000000-0001-7000-8000-000000000000}","10204",1357,2,"kg",2.00,1000.00
"{00000000-0001-7000-8000-000000000000}","10205",1358,1,"g",1.00,1.00
"{00000000-0001-7000-8000-000000000000}","10205",1358,2,"kg",2.00,1000.00
"{00000000-0001-7000-8000-000000000000}","10206",1359,1,"g",1.00,1.00
"{00000000-0001-7000-8000-000000000000}","10206",1359,2,"kg",2.00,1000.00
"{00000000-0001-7000-8000-000000000000}","10207",1360,1,"g",1.00,1.00
"{00000000-0001-7000-8000-000000000000}","10207",1360,2,"kg",2.00,1000.00
"{00000000-0001-7000-8000-000000000000}","10208",1361,1,"g",1.00,1.00
"{00000000-0001-7000-8000-000000000000}","10208",1361,2,"kg",2.00,1000.00
"{00000000-0001-7000-8000-000000000000}","10209",1362,1,"g",1.00,1.00
"{00000000-0001-7000-8000-000000000000}","10209",1362,2,"kg",2.00,1000.00
"{00000000-0001-7000-8000-000000000000}","10210",1363,1,"g",1.00,1.00
"{00000000-0001-7000-8000-000000000000}","10210",1363,2,"kg",2.00,1000.00
"{00000000-0001-7000-8000-000000000000}","10211",1364,1,"g",1.00,1.00
"{00000000-0001-7000-8000-000000000000}","10211",1364,2,"kg",2.00,1000.00
"{00000000-0001-7000-8000-000000000000}","10212",1365,1,"g",1.00,1.00
"{00000000-0001-7000-8000-000000000000}","10212",1365,2,"kg",2.00,1000.00
"{00000000-0001-7000-8000-000000000000}","10213",1366,1,"g",1.00,1.00
"{00000000-0001-7000-8000-000000000000}","10213",1366,2,"kg",2.00,1000.00
"{00000000-0001-7000-8000-000000000000}","10214",1367,1,"g",1.00,1.00
"{00000000-0001-7000-8000-000000000000}","10214",1367,2,"kg",2.00,1000.00
"{00000000-0001-7000-8000-000000000000}","10215",1368,1,"g",1.00,1.00
"{00000000-0001-7000-8000-000000000000}","10215",1368,2,"kg",2.00,1000.00
"{00000000-0001-7000-8000-000000000000}","10216",1369,1,"g",1.00,1.00
"{00000000-0001-7000-8000-000000000000}","10216",1369,2,"kg",2.00,1000.00
"{00000000-0001-7000-8000-000000000000}","10217",1370,1,"g",1.00,1.00
"{00000000-0001-7000-8000-000000000000}","10217",1370,2,"kg",2.00,1000.00
"{00000000-0001-7000-8000-000000000000}","10218",1371,1,"g",1.00,1.00
"{00000000-0001-7000-8000-000000000000}","10218",1371,2,"kg",2.00,1000.00
"{00000000-0001-7000-8000-000000000000}","10219",1372,1,"g",1.00,1.00
"{00000000-0001-7000-8000-000000000000}","10219",1372,2,"kg",2.00,1000.00
"{00000000-0001-7000-8000-000000000000}","10220",1373,1,"g",1.00,1.00
"{00000000-0001-7000-8000-000000000000}","10220",1373,2,"kg",2.00,1000.00
"{00000000-0001-7000-8000-000000000000}","10221",1374,1,"g",1.00,1.00
"{00000000-0001-7000-8000-000000000000}","10221",1374,2,"kg",2.00,1000.00
"{00000000-0001-7000-8000-000000000000}","10222",1375,1,"g",1.00,1.00
"{00000000-0001-7000-8000-000000000000}","10222",1375,2,"kg",2.00,1000.00
"{00000000-0001-7000-8000-000000000000}","10223",1376,1,"g",1.00,1.00
"{00000000-0001-7000-8000-000000000000}","10223",1376,2,"kg",2.00,1000.00
"{00000000-0001-7000-8000-000000000000}","10224",1377,1,"g",1.00,1.00
"{00000000-0001-7000-8000-000000000000}","10224",1377,2,"kg",2.00,1000.00
"{00000000-0001-7000-8000-000000000000}","10225",1378,1,"g",1.00,1.00
"{00000000-0001-7000-8000-000000000000}","10225",1378,2,"kg",2.00,1000.00
"{00000000-0001-7000-8000-000000000000}","10226",1379,1,"g",1.00,1.00
"{00000000-0001-7000-8000-000000000000}","10226",1379,2,"kg",2.00,1000.00
"{00000000-0001-7000-8000-000000000000}","10227",1380,1,"g",1.00,1.00
"{00000000-0001-7000-8000-000000000000}","10227",1380,2,"kg",2.00,1000.00
"{00000000-0001-7000-8000-000000000000}","10228",1381,1,"g",1.00,1.00
"{00000000-0001-7000-8000-000000000000}","10228",1381,2,"kg",2.00,1000.00
"{00000000-0001-7000-8000-000000000000}","10229",1382,1,"g",1.00,1.00
"{00000000-0001-7000-8000-000000000000}","10229",1382,2,"kg",2.00,1000.00
"{00000000-0001-7000-8000-000000000000}","10230",1383,1,"g",1.00,1.00
"{00000000-0001-7000-8000-000000000000}","10230",1383,2,"kg",2.00,1000.00
"{00000000-0001-7000-8000-000000000000}","10231",1384,1,"g",1.00,1.00
"{00000000-0001-7000-8000-000000000000}","10231",1384,2,"kg",2.00,1000.00
"{00000000-0001-7000-8000-000000000000}","10232",1385,1,"g",1.00,1.00
"{00000000-0001-7000-8000-000000000000}","10232",1385,2,"kg",2.00,1000.00
"{00000000-0001-7000-8000-000000000000}","10233",1386,1,"g",1.00,1.00
"{00000000-0001-7000-8000-000000000000}","10233",1386,2,"kg",2.00,1000.00
"{00000000-0001-7000-8000-000000000000}","10234",1387,1,"g",1.00,1.00
"{00000000-0001-7000-8000-000000000000}","10234",1387,2,"kg",2.00,1000.00
"{00000000-0001-7000-8000-000000000000}","10235",1388,1,"g",1.00,1.00
"{00000000-0001-7000-8000-000000000000}","10235",1388,2,"kg",2.00,1000.00
"{00000000-0001-7000-8000-000000000000}","10236",1389,1,"g",1.00,1.00
"{00000000-0001-7000-8000-000000000000}","10236",1389,2,"kg",2.00,1000.00
"{00000000-0001-7000-8000-000000000000}","10237",1390,1,"g",1.00,1.00
"{00000000-0001-7000-8000-000000000000}","10237",1390,2,"kg",2.00,1000.00
"{00000000-0001-7000-8000-000000000000}","10238",1391,1,"g",1.00,1.00
"{00000000-0001-7000-8000-000000000000}","10238",1391,2,"kg",2.00,1000.00
"{00000000-0001-7000-8000-000000000000}","10239",1392,1,"g",1.00,1.00
"{00000000-0001-7000-8000-000000000000}","10239",1392,2,"kg",2.00,1000.00
"{00000000-0001-7000-8000-000000000000}","10240",1393,1,"g",1.00,1.00
"{00000000-0001-7000-8000-000000000000}","10240",1393,2,"kg",2.00,1000.00
"{00000000-0001-7000-8000-000000000000}","10241",1394,1,"g",1.00,1.00
"{00000000-0001-7000-8000-000000000000}","10241",1394,2,"kg",2.00,1000.00
"{00000000-0001-7000-8000-000000000000}","10242",1395,1,"g",1.00,1.00
"{00000000-0001-7000-8000-000000000000}","10242",1395,2,"kg",2.00,1000.00
"{00000000-0001-7000-8000-000000000000}","10243",1396,1,"g",1.00,1.00
"{00000000-0001-7000-8000-000000000000}","10243",1396,2,"kg",2.00,1000.00
"{00000000-0001-7000-8000-000000000000}","10244",1397,1,"g",1.00,1.00
"{00000000-0001-7000-8000-000000000000}","10244",1397,2,"kg",2.00,1000.00
"{00000000-0001-7000-8000-000000000000}","10245",1398,1,"g",1.00,1.00
"{00000000-0001-7000-8000-000000000000}","10245",1398,2,"kg",2.00,1000.00
"{00000000-0001-7000-8000-000000000000}","10246",1399,1,"g",1.00,1.00
"{00000000-0001-7000-8000-000000000000}","10246",1399,2,"kg",2.00,1000.00
"{00000000-0001-7000-8000-000000000000}","10247",1400,1,"g",1.00,1.00
"{00000000-0001-7000-8000-000000000000}","10247",1400,2,"kg",2.00,1000.00
"{00000000-0001-7000-8000-000000000000}","10248",1401,1,"g",1.00,1.00
"{00000000-0001-7000-8000-000000000000}","10248",1401,2,"kg",2.00,1000.00
"{00000000-0001-7000-8000-000000000000}","10249",1402,1,"g",1.00,1.00
"{00000000-0001-7000-8000-000000000000}","10249",1402,2,"kg",2.00,1000.00
"{00000000-0001-7000-8000-000000000000}","10250",1403,1,"g",1.00,1.00
"{00000000-0001-7000-8000-000000000000}","10250",1403,2,"kg",2.00,1000.00
"{00000000-0001-7000-8000-000000000000}","10251",1404,1,"g",1.00,1.00
"{00000000-0001-7000-8000-000000000000}","10251",1404,2,"kg",2.00,1000.00
"{00000000-0001-7000-8000-000000000000}","10252",1405,1,"g",1.00,1.00
"{00000000-0001-7000-8000-000000000000}","10252",1405,2,"kg",2.00,1000.00
"{00000000-0001-7000-8000-000000000000}","10253",1406,1,"g",1.00,1.00
"{00000000-0001-7000-8000-000000000000}","10253",1406,2,"kg",2.00,1000.00
"{00000000-0001-7000-8000-000000000000}","10254",1407,1,"g",1.00,1.00
"{00000000-0001-7000-8000-000000000000}","10254",1407,2,"kg",2.00,1000.00
"{00000000-0001-7000-8000-000000000000}","10255",1408,1,"g",1.00,1.00
"{00000000-0001-7000-8000-000000000000}","10255",1408,2,"kg",2.00,1000.00
"{00000000-0001-7000-8000-000000000000}","10256",1409,1,"g",1.00,1.00
"{00000000-0001-7000-8000-000000000000}","10256",1409,2,"kg",2.00,1000.00
"{00000000-0001-7000-8000-000000000000}","10257",1410,1,"g",1.00,1.00
"{00000000-0001-7000-8000-000000000000}","10257",1410,2,"kg",2.00,1000.00
"{00000000-0001-7000-8000-000000000000}","10258",1411,1,"g",1.00,1.00
"{00000000-0001-7000-8000-000000000000}","10258",1411,2,"kg",2.00,1000.00
"{00000000-0001-7000-8000-000000000000}","10260",1412,1,"g",1.00,1.00
"{00000000-0001-7000-8000-000000000000}","10260",1412,2,"kg",2.00,1000.00
"{00000000-0001-7000-8000-000000000000}","10261",1413,1,"g",1.00,1.00
"{00000000-0001-7000-8000-000000000000}","10261",1413,2,"kg",2.00,1000.00
"{00000000-0001-7000-8000-000000000000}","10262",1414,1,"g",1.00,1.00
"{00000000-0001-7000-8000-000000000000}","10262",1414,2,"kg",2.00,1000.00
"{00000000-0001-7000-8000-000000000000}","10263",1415,1,"g",1.00,1.00
"{00000000-0001-7000-8000-000000000000}","10263",1415,2,"kg",2.00,1000.00
"{00000000-0001-7000-8000-000000000000}","10264",1416,1,"g",1.00,1.00
"{00000000-0001-7000-8000-000000000000}","10264",1416,2,"kg",2.00,1000.00
"{00000000-0001-7000-8000-000000000000}","10265",1417,1,"g",1.00,1.00
"{00000000-0001-7000-8000-000000000000}","10265",1417,2,"kg",2.00,1000.00
"{00000000-0001-7000-8000-000000000000}","10266",1418,1,"g",1.00,1.00
"{00000000-0001-7000-8000-000000000000}","10266",1418,2,"kg",2.00,1000.00
"{00000000-0001-7000-8000-000000000000}","10267",1419,1,"g",1.00,1.00
"{00000000-0001-7000-8000-000000000000}","10267",1419,2,"kg",2.00,1000.00
"{00000000-0001-7000-8000-000000000000}","10268",1420,1,"g",1.00,1.00
"{00000000-0001-7000-8000-000000000000}","10268",1420,2,"kg",2.00,1000.00
"{00000000-0001-7000-8000-000000000000}","10269",1421,1,"g",1.00,1.00
"{00000000-0001-7000-8000-000000000000}","10269",1421,2,"kg",2.00,1000.00
"{00000000-0001-7000-8000-000000000000}","10270",1422,1,"g",1.00,1.00
"{00000000-0001-7000-8000-000000000000}","10270",1422,2,"kg",2.00,1000.00
"{00000000-0001-7000-8000-000000000000}","10271",1423,1,"g",1.00,1.00
"{00000000-0001-7000-8000-000000000000}","10271",1423,2,"kg",2.00,1000.00
"{00000000-0001-7000-8000-000000000000}","10272",1424,1,"g",1.00,1.00
"{00000000-0001-7000-8000-000000000000}","10272",1424,2,"kg",2.00,1000.00
"{00000000-0001-7000-8000-000000000000}","10273",1425,1,"g",1.00,1.00
"{00000000-0001-7000-8000-000000000000}","10273",1425,2,"kg",2.00,1000.00
"{00000000-0001-7000-8000-000000000000}","10274",1426,1,"g",1.00,1.00
"{00000000-0001-7000-8000-000000000000}","10274",1426,2,"kg",2.00,1000.00
"{00000000-0001-7000-8000-000000000000}","10275",1427,1,"g",1.00,1.00
"{00000000-0001-7000-8000-000000000000}","10275",1427,2,"kg",2.00,1000.00
"{00000000-0001-7000-8000-000000000000}","10276",1428,1,"g",1.00,1.00
"{00000000-0001-7000-8000-000000000000}","10276",1428,2,"kg",2.00,1000.00
"{00000000-0001-7000-8000-000000000000}","10277",1429,1,"g",1.00,1.00
"{00000000-0001-7000-8000-000000000000}","10277",1429,2,"kg",2.00,1000.00
"{00000000-0001-7000-8000-000000000000}","10278",1430,1,"g",1.00,1.00
"{00000000-0001-7000-8000-000000000000}","10278",1430,2,"kg",2.00,1000.00
"{00000000-0001-7000-8000-000000000000}","10279",1431,1,"g",1.00,1.00
"{00000000-0001-7000-8000-000000000000}","10279",1431,2,"kg",2.00,1000.00
"{00000000-0001-7000-8000-000000000000}","10280",1432,1,"g",1.00,1.00
"{00000000-0001-7000-8000-000000000000}","10280",1432,2,"kg",2.00,1000.00
"{00000000-0001-7000-8000-000000000000}","10281",1433,1,"g",1.00,1.00
"{00000000-0001-7000-8000-000000000000}","10281",1433,2,"kg",2.00,1000.00
"{00000000-0001-7000-8000-000000000000}","10282",1434,1,"g",1.00,1.00
"{00000000-0001-7000-8000-000000000000}","10282",1434,2,"kg",2.00,1000.00
"{00000000-0001-7000-8000-000000000000}","10283",1435,1,"g",1.00,1.00
"{00000000-0001-7000-8000-000000000000}","10283",1435,2,"kg",2.00,1000.00
"{00000000-0001-7000-8000-000000000000}","10284",1436,1,"g",1.00,1.00
"{00000000-0001-7000-8000-000000000000}","10284",1436,2,"kg",2.00,1000.00
"{00000000-0001-7000-8000-000000000000}","10286",1437,1,"g",1.00,1.00
"{00000000-0001-7000-8000-000000000000}","10286",1437,2,"kg",2.00,1000.00
"{00000000-0001-7000-8000-000000000000}","10287",1438,1,"g",1.00,1.00
"{00000000-0001-7000-8000-000000000000}","10287",1438,2,"kg",2.00,1000.00
"{00000000-0001-7000-8000-000000000000}","10288",1439,1,"g",1.00,1.00
"{00000000-0001-7000-8000-000000000000}","10288",1439,2,"kg",2.00,1000.00
"{00000000-0001-7000-8000-000000000000}","10289",1440,1,"g",1.00,1.00
"{00000000-0001-7000-8000-000000000000}","10289",1440,2,"kg",2.00,1000.00
"{00000000-0001-7000-8000-000000000000}","10290",1441,1,"g",1.00,1.00
"{00000000-0001-7000-8000-000000000000}","10290",1441,2,"kg",2.00,1000.00
"{00000000-0001-7000-8000-000000000000}","10291",1442,1,"g",1.00,1.00
"{00000000-0001-7000-8000-000000000000}","10291",1442,2,"kg",2.00,1000.00
"{00000000-0001-7000-8000-000000000000}","10292",1443,1,"g",1.00,1.00
"{00000000-0001-7000-8000-000000000000}","10292",1443,2,"kg",2.00,1000.00
"{00000000-0001-7000-8000-000000000000}","10293",1444,1,"g",1.00,1.00
"{00000000-0001-7000-8000-000000000000}","10293",1444,2,"kg",2.00,1000.00
"{00000000-0001-7000-8000-000000000000}","10294",1445,1,"g",1.00,1.00
"{00000000-0001-7000-8000-000000000000}","10294",1445,2,"kg",2.00,1000.00
"{00000000-0001-7000-8000-000000000000}","10295",1446,1,"g",1.00,1.00
"{00000000-0001-7000-8000-000000000000}","10295",1446,2,"kg",2.00,1000.00
"{00000000-0001-7000-8000-000000000000}","10296",1447,1,"g",1.00,1.00
"{00000000-0001-7000-8000-000000000000}","10296",1447,2,"kg",2.00,1000.00
"{00000000-0001-7000-8000-000000000000}","10297",1448,1,"g",1.00,1.00
"{00000000-0001-7000-8000-000000000000}","10297",1448,2,"kg",2.00,1000.00
"{00000000-0001-7000-8000-000000000000}","10298",1449,1,"g",1.00,1.00
"{00000000-0001-7000-8000-000000000000}","10298",1449,2,"kg",2.00,1000.00
"{00000000-0001-7000-8000-000000000000}","10299",1450,1,"g",1.00,1.00
"{00000000-0001-7000-8000-000000000000}","10299",1450,2,"kg",2.00,1000.00
"{00000000-0001-7000-8000-000000000000}","10300",1451,1,"g",1.00,1.00
"{00000000-0001-7000-8000-000000000000}","10300",1451,2,"kg",2.00,1000.00
"{00000000-0001-7000-8000-000000000000}","10301",1452,1,"g",1.00,1.00
"{00000000-0001-7000-8000-000000000000}","10301",1452,2,"kg",2.00,1000.00
"{00000000-0001-7000-8000-000000000000}","10303",1453,1,"g",1.00,1.00
"{00000000-0001-7000-8000-000000000000}","10303",1453,2,"kg",2.00,1000.00
"{00000000-0001-7000-8000-000000000000}","10304",1454,1,"g",1.00,1.00
"{00000000-0001-7000-8000-000000000000}","10304",1454,2,"kg",2.00,1000.00
"{00000000-0001-7000-8000-000000000000}","10305",1455,1,"g",1.00,1.00
"{00000000-0001-7000-8000-000000000000}","10305",1455,2,"kg",2.00,1000.00
"{00000000-0001-7000-8000-000000000000}","10306",1456,1,"g",1.00,1.00
"{00000000-0001-7000-8000-000000000000}","10306",1456,2,"kg",2.00,1000.00
"{00000000-0001-7000-8000-000000000000}","10307",1457,1,"g",1.00,1.00
"{00000000-0001-7000-8000-000000000000}","10307",1457,2,"kg",2.00,1000.00
"{00000000-0001-7000-8000-000000000000}","10308",1458,1,"g",1.00,1.00
"{00000000-0001-7000-8000-000000000000}","10308",1458,2,"kg",2.00,1000.00
"{00000000-0001-7000-8000-000000000000}","10309",1459,1,"g",1.00,1.00
"{00000000-0001-7000-8000-000000000000}","10309",1459,2,"kg",2.00,1000.00
"{00000000-0001-7000-8000-000000000000}","10310",1460,1,"g",1.00,1.00
"{00000000-0001-7000-8000-000000000000}","10310",1460,2,"kg",2.00,1000.00
"{00000000-0001-7000-8000-000000000000}","10311",1461,1,"g",1.00,1.00
"{00000000-0001-7000-8000-000000000000}","10311",1461,2,"kg",2.00,1000.00
"{00000000-0001-7000-8000-000000000000}","10312",1462,1,"g",1.00,1.00
"{00000000-0001-7000-8000-000000000000}","10312",1462,2,"kg",2.00,1000.00
"{00000000-0001-7000-8000-000000000000}","10313",1463,1,"g",1.00,1.00
"{00000000-0001-7000-8000-000000000000}","10313",1463,2,"kg",2.00,1000.00
"{00000000-0001-7000-8000-000000000000}","10314",1464,1,"g",1.00,1.00
"{00000000-0001-7000-8000-000000000000}","10314",1464,2,"kg",2.00,1000.00
"{00000000-0001-7000-8000-000000000000}","10315",1465,1,"g",1.00,1.00
"{00000000-0001-7000-8000-000000000000}","10315",1465,2,"kg",2.00,1000.00
"{00000000-0001-7000-8000-000000000000}","10316",1466,1,"g",1.00,1.00
"{00000000-0001-7000-8000-000000000000}","10316",1466,2,"kg",2.00,1000.00
"{00000000-0001-7000-8000-000000000000}","10317",1467,1,"g",1.00,1.00
"{00000000-0001-7000-8000-000000000000}","10317",1467,2,"kg",2.00,1000.00
"{00000000-0001-7000-8000-000000000000}","10318",1468,1,"g",1.00,1.00
"{00000000-0001-7000-8000-000000000000}","10318",1468,2,"kg",2.00,1000.00
"{00000000-0001-7000-8000-000000000000}","10319",1469,1,"g",1.00,1.00
"{00000000-0001-7000-8000-000000000000}","10319",1469,2,"kg",2.00,1000.00
"{00000000-0001-7000-8000-000000000000}","10320",1470,1,"g",1.00,1.00
"{00000000-0001-7000-8000-000000000000}","10320",1470,2,"kg",2.00,1000.00
"{00000000-0001-7000-8000-000000000000}","10321",1471,1,"g",1.00,1.00
"{00000000-0001-7000-8000-000000000000}","10321",1471,2,"kg",2.00,1000.00
"{00000000-0001-7000-8000-000000000000}","10322",1472,1,"g",1.00,1.00
"{00000000-0001-7000-8000-000000000000}","10322",1472,2,"kg",2.00,1000.00
"{00000000-0001-7000-8000-000000000000}","10323",1473,1,"g",1.00,1.00
"{00000000-0001-7000-8000-000000000000}","10323",1473,2,"kg",2.00,1000.00
"{00000000-0001-7000-8000-000000000000}","10324",1474,1,"g",1.00,1.00
"{00000000-0001-7000-8000-000000000000}","10324",1474,2,"kg",2.00,1000.00
"{00000000-0001-7000-8000-000000000000}","10325",1475,1,"g",1.00,1.00
"{00000000-0001-7000-8000-000000000000}","10325",1475,2,"kg",2.00,1000.00
"{00000000-0001-7000-8000-000000000000}","10326",1476,1,"g",1.00,1.00
"{00000000-0001-7000-8000-000000000000}","10326",1476,2,"kg",2.00,1000.00
"{00000000-0001-7000-8000-000000000000}","10327",1477,1,"g",1.00,1.00
"{00000000-0001-7000-8000-000000000000}","10327",1477,2,"kg",2.00,1000.00
"{00000000-0001-7000-8000-000000000000}","10328",1478,1,"g",1.00,1.00
"{00000000-0001-7000-8000-000000000000}","10328",1478,2,"kg",2.00,1000.00
"{00000000-0001-7000-8000-000000000000}","10329",1479,1,"g",1.00,1.00
"{00000000-0001-7000-8000-000000000000}","10329",1479,2,"kg",2.00,1000.00
"{00000000-0001-7000-8000-000000000000}","10330",1480,1,"g",1.00,1.00
"{00000000-0001-7000-8000-000000000000}","10330",1480,2,"kg",2.00,1000.00
"{00000000-0001-7000-8000-000000000000}","10331",1481,1,"g",1.00,1.00
"{00000000-0001-7000-8000-000000000000}","10331",1481,2,"kg",2.00,1000.00
"{00000000-0001-7000-8000-000000000000}","10332",1482,1,"g",1.00,1.00
"{00000000-0001-7000-8000-000000000000}","10332",1482,2,"kg",2.00,1000.00
"{00000000-0001-7000-8000-000000000000}","10333",1483,1,"g",1.00,1.00
"{00000000-0001-7000-8000-000000000000}","10333",1483,2,"kg",2.00,1000.00
"{00000000-0001-7000-8000-000000000000}","10334",1484,1,"g",1.00,1.00
"{00000000-0001-7000-8000-000000000000}","10334",1484,2,"kg",2.00,1000.00
"{00000000-0001-7000-8000-000000000000}","10335",1485,1,"g",1.00,1.00
"{00000000-0001-7000-8000-000000000000}","10335",1485,2,"kg",2.00,1000.00
"{00000000-0001-7000-8000-000000000000}","10336",1486,1,"g",1.00,1.00
"{00000000-0001-7000-8000-000000000000}","10336",1486,2,"kg",2.00,1000.00
"{00000000-0001-7000-8000-000000000000}","10337",1487,1,"g",1.00,1.00
"{00000000-0001-7000-8000-000000000000}","10337",1487,2,"kg",2.00,1000.00
"{00000000-0001-7000-8000-000000000000}","10338",1488,1,"g",1.00,1.00
"{00000000-0001-7000-8000-000000000000}","10338",1488,2,"kg",2.00,1000.00
"{00000000-0001-7000-8000-000000000000}","10339",1489,1,"g",1.00,1.00
"{00000000-0001-7000-8000-000000000000}","10339",1489,2,"kg",2.00,1000.00
"{00000000-0001-7000-8000-000000000000}","10340",1490,1,"g",1.00,1.00
"{00000000-0001-7000-8000-000000000000}","10340",1490,2,"kg",2.00,1000.00
"{00000000-0001-7000-8000-000000000000}","10341",1491,1,"g",1.00,1.00
"{00000000-0001-7000-8000-000000000000}","10341",1491,2,"kg",2.00,1000.00
"{00000000-0001-7000-8000-000000000000}","10342",1492,1,"g",1.00,1.00
"{00000000-0001-7000-8000-000000000000}","10342",1492,2,"kg",2.00,1000.00
"{00000000-0001-7000-8000-000000000000}","10343",1493,1,"g",1.00,1.00
"{00000000-0001-7000-8000-000000000000}","10343",1493,2,"kg",2.00,1000.00
"{00000000-0001-7000-8000-000000000000}","10344",1494,1,"g",1.00,1.00
"{00000000-0001-7000-8000-000000000000}","10344",1494,2,"kg",2.00,1000.00
"{00000000-0001-7000-8000-000000000000}","10345",1495,1,"g",1.00,1.00
"{00000000-0001-7000-8000-000000000000}","10345",1495,2,"kg",2.00,1000.00
"{00000000-0001-7000-8000-000000000000}","10346",1496,1,"g",1.00,1.00
"{00000000-0001-7000-8000-000000000000}","10346",1496,2,"kg",2.00,1000.00
"{00000000-0001-7000-8000-000000000000}","10347",1497,1,"g",1.00,1.00
"{00000000-0001-7000-8000-000000000000}","10347",1497,2,"kg",2.00,1000.00
"{00000000-0001-7000-8000-000000000000}","10348",1498,1,"g",1.00,1.00
"{00000000-0001-7000-8000-000000000000}","10348",1498,2,"kg",2.00,1000.00
"{00000000-0001-7000-8000-000000000000}","10349",1499,1,"g",1.00,1.00
"{00000000-0001-7000-8000-000000000000}","10349",1499,2,"kg",2.00,1000.00
"{00000000-0001-7000-8000-000000000000}","10350",1500,1,"g",1.00,1.00
"{00000000-0001-7000-8000-000000000000}","10350",1500,2,"kg",2.00,1000.00
"{00000000-0001-7000-8000-000000000000}","10351",1501,1,"g",1.00,1.00
"{00000000-0001-7000-8000-000000000000}","10351",1501,2,"kg",2.00,1000.00
"{00000000-0001-7000-8000-000000000000}","10352",1502,1,"g",1.00,1.00
"{00000000-0001-7000-8000-000000000000}","10352",1502,2,"kg",2.00,1000.00
"{00000000-0001-7000-8000-000000000000}","10353",1503,1,"g",1.00,1.00
"{00000000-0001-7000-8000-000000000000}","10353",1503,2,"kg",2.00,1000.00
"{00000000-0001-7000-8000-000000000000}","10354",1504,1,"g",1.00,1.00
"{00000000-0001-7000-8000-000000000000}","10354",1504,2,"kg",2.00,1000.00
"{00000000-0001-7000-8000-000000000000}","10355",1505,1,"g",1.00,1.00
"{00000000-0001-7000-8000-000000000000}","10355",1505,2,"kg",2.00,1000.00
"{00000000-0001-7000-8000-000000000000}","10356",1506,1,"g",1.00,1.00
"{00000000-0001-7000-8000-000000000000}","10356",1506,2,"kg",2.00,1000.00
"{00000000-0001-7000-8000-000000000000}","10357",1507,1,"g",1.00,1.00
"{00000000-0001-7000-8000-000000000000}","10357",1507,2,"kg",2.00,1000.00
"{00000000-0001-7000-8000-000000000000}","10358",1508,1,"g",1.00,1.00
"{00000000-0001-7000-8000-000000000000}","10358",1508,2,"kg",2.00,1000.00
"{00000000-0001-7000-8000-000000000000}","10359",1509,1,"g",1.00,1.00
"{00000000-0001-7000-8000-000000000000}","10359",1509,2,"kg",2.00,1000.00
"{00000000-0001-7000-8000-000000000000}","10360",1510,1,"g",1.00,1.00
"{00000000-0001-7000-8000-000000000000}","10360",1510,2,"kg",2.00,1000.00
"{00000000-0001-7000-8000-000000000000}","10361",1511,1,"g",1.00,1.00
"{00000000-0001-7000-8000-000000000000}","10361",1511,2,"kg",2.00,1000.00
"{00000000-0001-7000-8000-000000000000}","10362",1512,1,"g",1.00,1.00
"{00000000-0001-7000-8000-000000000000}","10362",1512,2,"kg",2.00,1000.00
"{00000000-0001-7000-8000-000000000000}","10363",1513,1,"g",1.00,1.00
"{00000000-0001-7000-8000-000000000000}","10363",1513,2,"kg",2.00,1000.00
"{00000000-0001-7000-8000-000000000000}","10364",1514,1,"g",1.00,1.00
"{00000000-0001-7000-8000-000000000000}","10364",1514,2,"kg",2.00,1000.00
"{00000000-0001-7000-8000-000000000000}","10365",1515,1,"g",1.00,1.00
"{00000000-0001-7000-8000-000000000000}","10365",1515,2,"kg",2.00,1000.00
"{00000000-0001-7000-8000-000000000000}","10366",1516,1,"g",1.00,1.00
"{00000000-0001-7000-8000-000000000000}","10366",1516,2,"kg",2.00,1000.00
"{00000000-0001-7000-8000-000000000000}","10367",1517,1,"g",1.00,1.00
"{00000000-0001-7000-8000-000000000000}","10367",1517,2,"kg",2.00,1000.00
"{00000000-0001-7000-8000-000000000000}","10368",1518,1,"g",1.00,1.00
"{00000000-0001-7000-8000-000000000000}","10368",1518,2,"kg",2.00,1000.00
"{00000000-0001-7000-8000-000000000000}","10369",1519,1,"g",1.00,1.00
"{00000000-0001-7000-8000-000000000000}","10369",1519,2,"kg",2.00,1000.00
"{00000000-0001-7000-8000-000000000000}","10370",1520,1,"g",1.00,1.00
"{00000000-0001-7000-8000-000000000000}","10370",1520,2,"kg",2.00,1000.00
"{00000000-0001-7000-8000-000000000000}","10371",1521,1,"g",1.00,1.00
"{00000000-0001-7000-8000-000000000000}","10371",1521,2,"kg",2.00,1000.00
"{00000000-0001-7000-8000-000000000000}","10372",1522,1,"g",1.00,1.00
"{00000000-0001-7000-8000-000000000000}","10372",1522,2,"kg",2.00,1000.00
"{00000000-0001-7000-8000-000000000000}","10373",1523,1,"g",1.00,1.00
"{00000000-0001-7000-8000-000000000000}","10373",1523,2,"kg",2.00,1000.00
"{00000000-0001-7000-8000-000000000000}","10374",1524,1,"g",1.00,1.00
"{00000000-0001-7000-8000-000000000000}","10374",1524,2,"kg",2.00,1000.00
"{00000000-0001-7000-8000-000000000000}","10375",1525,1,"g",1.00,1.00
"{00000000-0001-7000-8000-000000000000}","10375",1525,2,"kg",2.00,1000.00
"{00000000-0001-7000-8000-000000000000}","10376",1526,1,"g",1.00,1.00
"{00000000-0001-7000-8000-000000000000}","10376",1526,2,"kg",2.00,1000.00
"{00000000-0001-7000-8000-000000000000}","10377",1527,1,"g",1.00,1.00
"{00000000-0001-7000-8000-000000000000}","10377",1527,2,"kg",2.00,1000.00
"{00000000-0001-7000-8000-000000000000}","10378",1528,1,"g",1.00,1.00
"{00000000-0001-7000-8000-000000000000}","10378",1528,2,"kg",2.00,1000.00
"{00000000-0001-7000-8000-000000000000}","10379",1529,1,"g",1.00,1.00
"{00000000-0001-7000-8000-000000000000}","10379",1529,2,"kg",2.00,1000.00
"{00000000-0001-7000-8000-000000000000}","10380",1530,1,"g",1.00,1.00
"{00000000-0001-7000-8000-000000000000}","10380",1530,2,"kg",2.00,1000.00
"{00000000-0001-7000-8000-000000000000}","10381",1531,1,"g",1.00,1.00
"{00000000-0001-7000-8000-000000000000}","10381",1531,2,"kg",2.00,1000.00
"{00000000-0001-7000-8000-000000000000}","10382",1532,1,"g",1.00,1.00
"{00000000-0001-7000-8000-000000000000}","10382",1532,2,"kg",2.00,1000.00
"{00000000-0001-7000-8000-000000000000}","10383",1533,1,"g",1.00,1.00
"{00000000-0001-7000-8000-000000000000}","10383",1533,2,"kg",2.00,1000.00
"{00000000-0001-7000-8000-000000000000}","10384",1534,1,"g",1.00,1.00
"{00000000-0001-7000-8000-000000000000}","10384",1534,2,"kg",2.00,1000.00
"{00000000-0001-7000-8000-000000000000}","10385",1535,1,"g",1.00,1.00
"{00000000-0001-7000-8000-000000000000}","10385",1535,2,"kg",2.00,1000.00
"{00000000-0001-7000-8000-000000000000}","10386",1536,1,"g",1.00,1.00
"{00000000-0001-7000-8000-000000000000}","10386",1536,2,"kg",2.00,1000.00
"{00000000-0001-7000-8000-000000000000}","10387",1537,1,"g",1.00,1.00
"{00000000-0001-7000-8000-000000000000}","10387",1537,2,"kg",2.00,1000.00
"{00000000-0001-7000-8000-000000000000}","10388",1538,1,"g",1.00,1.00
"{00000000-0001-7000-8000-000000000000}","10388",1538,2,"kg",2.00,1000.00
"{00000000-0001-7000-8000-000000000000}","10389",1539,1,"g",1.00,1.00
"{00000000-0001-7000-8000-000000000000}","10389",1539,2,"kg",2.00,1000.00
"{00000000-0001-7000-8000-000000000000}","10390",1540,1,"g",1.00,1.00
"{00000000-0001-7000-8000-000000000000}","10390",1540,2,"kg",2.00,1000.00
"{00000000-0001-7000-8000-000000000000}","10391",1541,1,"g",1.00,1.00
"{00000000-0001-7000-8000-000000000000}","10391",1541,2,"kg",2.00,1000.00
"{00000000-0001-7000-8000-000000000000}","10392",1542,1,"g",1.00,1.00
"{00000000-0001-7000-8000-000000000000}","10392",1542,2,"kg",2.00,1000.00
"{00000000-0001-7000-8000-000000000000}","10393",1543,1,"g",1.00,1.00
"{00000000-0001-7000-8000-000000000000}","10393",1543,2,"kg",2.00,1000.00
"{00000000-0001-7000-8000-000000000000}","10394",1544,1,"g",1.00,1.00
"{00000000-0001-7000-8000-000000000000}","10394",1544,2,"kg",2.00,1000.00
"{00000000-0001-7000-8000-000000000000}","10395",1545,1,"g",1.00,1.00
"{00000000-0001-7000-8000-000000000000}","10395",1545,2,"kg",2.00,1000.00
"{00000000-0001-7000-8000-000000000000}","10396",1546,1,"g",1.00,1.00
"{00000000-0001-7000-8000-000000000000}","10396",1546,2,"kg",2.00,1000.00
"{00000000-0001-7000-8000-000000000000}","10397",1547,1,"g",1.00,1.00
"{00000000-0001-7000-8000-000000000000}","10397",1547,2,"kg",2.00,1000.00
"{00000000-0001-7000-8000-000000000000}","10398",1548,1,"g",1.00,1.00
"{00000000-0001-7000-8000-000000000000}","10398",1548,2,"kg",2.00,1000.00
"{00000000-0001-7000-8000-000000000000}","10399",1549,1,"g",1.00,1.00
"{00000000-0001-7000-8000-000000000000}","10399",1549,2,"kg",2.00,1000.00
"{00000000-0001-7000-8000-000000000000}","10400",1550,1,"g",1.00,1.00
"{00000000-0001-7000-8000-000000000000}","10400",1550,2,"kg",2.00,1000.00
"{00000000-0001-7000-8000-000000000000}","10401",1551,1,"g",1.00,1.00
"{00000000-0001-7000-8000-000000000000}","10401",1551,2,"kg",2.00,1000.00
"{00000000-0001-7000-8000-000000000000}","10402",1552,1,"g",1.00,1.00
"{00000000-0001-7000-8000-000000000000}","10402",1552,2,"kg",2.00,1000.00
"{00000000-0001-7000-8000-000000000000}","10403",1553,1,"g",1.00,1.00
"{00000000-0001-7000-8000-000000000000}","10403",1553,2,"kg",2.00,1000.00
"{00000000-0001-7000-8000-000000000000}","10404",1554,1,"g",1.00,1.00
"{00000000-0001-7000-8000-000000000000}","10404",1554,2,"kg",2.00,1000.00
"{00000000-0001-7000-8000-000000000000}","10405",1555,1,"g",1.00,1.00
"{00000000-0001-7000-8000-000000000000}","10405",1555,2,"kg",2.00,1000.00
"{00000000-0001-7000-8000-000000000000}","10406",1556,1,"g",1.00,1.00
"{00000000-0001-7000-8000-000000000000}","10406",1556,2,"kg",2.00,1000.00
"{00000000-0001-7000-8000-000000000000}","10407",1557,1,"g",1.00,1.00
"{00000000-0001-7000-8000-000000000000}","10407",1557,2,"kg",2.00,1000.00
"{00000000-0001-7000-8000-000000000000}","10408",1558,1,"g",1.00,1.00
"{00000000-0001-7000-8000-000000000000}","10408",1558,2,"kg",2.00,1000.00
"{00000000-0001-7000-8000-000000000000}","10409",1559,1,"g",1.00,1.00
"{00000000-0001-7000-8000-000000000000}","10409",1559,2,"kg",2.00,1000.00
"{00000000-0001-7000-8000-000000000000}","10410",1560,1,"g",1.00,1.00
"{00000000-0001-7000-8000-000000000000}","10410",1560,2,"kg",2.00,1000.00
"{00000000-0001-7000-8000-000000000000}","10411",1561,1,"g",1.00,1.00
"{00000000-0001-7000-8000-000000000000}","10411",1561,2,"kg",2.00,1000.00
"{00000000-0001-7000-8000-000000000000}","10412",1562,1,"g",1.00,1.00
"{00000000-0001-7000-8000-000000000000}","10412",1562,2,"kg",2.00,1000.00
"{00000000-0001-7000-8000-000000000000}","10413",1563,1,"g",1.00,1.00
"{00000000-0001-7000-8000-000000000000}","10413",1563,2,"kg",2.00,1000.00
"{00000000-0001-7000-8000-000000000000}","10414",1564,1,"g",1.00,1.00
"{00000000-0001-7000-8000-000000000000}","10414",1564,2,"kg",2.00,1000.00
"{00000000-0001-7000-8000-000000000000}","10415",1565,1,"g",1.00,1.00
"{00000000-0001-7000-8000-000000000000}","10415",1565,2,"kg",2.00,1000.00
"{00000000-0001-7000-8000-000000000000}","10416",1566,1,"g",1.00,1.00
"{00000000-0001-7000-8000-000000000000}","10416",1566,2,"kg",2.00,1000.00
"{00000000-0001-7000-8000-000000000000}","10417",1567,1,"g",1.00,1.00
"{00000000-0001-7000-8000-000000000000}","10417",1567,2,"kg",2.00,1000.00
"{00000000-0001-7000-8000-000000000000}","10418",1568,1,"g",1.00,1.00
"{00000000-0001-7000-8000-000000000000}","10418",1568,2,"kg",2.00,1000.00
"{00000000-0001-7000-8000-000000000000}","10419",1569,1,"g",1.00,1.00
"{00000000-0001-7000-8000-000000000000}","10419",1569,2,"kg",2.00,1000.00
"{00000000-0001-7000-8000-000000000000}","10420",1570,1,"g",1.00,1.00
"{00000000-0001-7000-8000-000000000000}","10420",1570,2,"kg",2.00,1000.00
"{00000000-0001-7000-8000-000000000000}","10421",1571,1,"g",1.00,1.00
"{00000000-0001-7000-8000-000000000000}","10421",1571,2,"kg",2.00,1000.00
"{00000000-0001-7000-8000-000000000000}","10422",1572,1,"g",1.00,1.00
"{00000000-0001-7000-8000-000000000000}","10422",1572,2,"kg",2.00,1000.00
"{00000000-0001-7000-8000-000000000000}","10423",1573,1,"g",1.00,1.00
"{00000000-0001-7000-8000-000000000000}","10423",1573,2,"kg",2.00,1000.00
"{00000000-0001-7000-8000-000000000000}","10424",1574,1,"g",1.00,1.00
"{00000000-0001-7000-8000-000000000000}","10424",1574,2,"kg",2.00,1000.00
"{00000000-0001-7000-8000-000000000000}","10425",1575,1,"g",1.00,1.00
"{00000000-0001-7000-8000-000000000000}","10425",1575,2,"kg",2.00,1000.00
"{00000000-0001-7000-8000-000000000000}","10426",1576,1,"g",1.00,1.00
"{00000000-0001-7000-8000-000000000000}","10426",1576,2,"kg",2.00,1000.00
"{00000000-0001-7000-8000-000000000000}","10427",1577,1,"g",1.00,1.00
"{00000000-0001-7000-8000-000000000000}","10427",1577,2,"kg",2.00,1000.00
"{00000000-0001-7000-8000-000000000000}","10428",1578,1,"g",1.00,1.00
"{00000000-0001-7000-8000-000000000000}","10428",1578,2,"kg",2.00,1000.00
"{00000000-0001-7000-8000-000000000000}","10429",1579,1,"g",1.00,1.00
"{00000000-0001-7000-8000-000000000000}","10429",1579,2,"kg",2.00,1000.00
"{00000000-0001-7000-8000-000000000000}","10430",1580,1,"g",1.00,1.00
"{00000000-0001-7000-8000-000000000000}","10430",1580,2,"kg",2.00,1000.00
"{00000000-0001-7000-8000-000000000000}","10431",1581,1,"g",1.00,1.00
"{00000000-0001-7000-8000-000000000000}","10431",1581,2,"kg",2.00,1000.00
"{00000000-0001-7000-8000-000000000000}","10432",1582,1,"g",1.00,1.00
"{00000000-0001-7000-8000-000000000000}","10432",1582,2,"kg",2.00,1000.00
"{00000000-0001-7000-8000-000000000000}","10433",1583,1,"g",1.00,1.00
"{00000000-0001-7000-8000-000000000000}","10433",1583,2,"kg",2.00,1000.00
"{00000000-0001-7000-8000-000000000000}","10434",1584,1,"g",1.00,1.00
"{00000000-0001-7000-8000-000000000000}","10434",1584,2,"kg",2.00,1000.00
"{00000000-0001-7000-8000-000000000000}","10435",1585,1,"g",1.00,1.00
"{00000000-0001-7000-8000-000000000000}","10435",1585,2,"kg",2.00,1000.00
"{00000000-0001-7000-8000-000000000000}","10436",1586,1,"g",1.00,1.00
"{00000000-0001-7000-8000-000000000000}","10436",1586,2,"kg",2.00,1000.00
"{00000000-0001-7000-8000-000000000000}","10437",1587,1,"g",1.00,1.00
"{00000000-0001-7000-8000-000000000000}","10437",1587,2,"kg",2.00,1000.00
"{00000000-0001-7000-8000-000000000000}","10438",1588,1,"g",1.00,1.00
"{00000000-0001-7000-8000-000000000000}","10438",1588,2,"kg",2.00,1000.00
"{00000000-0001-7000-8000-000000000000}","10439",1589,1,"g",1.00,1.00
"{00000000-0001-7000-8000-000000000000}","10439",1589,2,"kg",2.00,1000.00
"{00000000-0001-7000-8000-000000000000}","10440",1590,1,"g",1.00,1.00
"{00000000-0001-7000-8000-000000000000}","10440",1590,2,"kg",2.00,1000.00
"{00000000-0001-7000-8000-000000000000}","10441",1591,1,"g",1.00,1.00
"{00000000-0001-7000-8000-000000000000}","10441",1591,2,"kg",2.00,1000.00
"{00000000-0001-7000-8000-000000000000}","10442",1592,1,"g",1.00,1.00
"{00000000-0001-7000-8000-000000000000}","10442",1592,2,"kg",2.00,1000.00
"{00000000-0001-7000-8000-000000000000}","10443",1593,1,"g",1.00,1.00
"{00000000-0001-7000-8000-000000000000}","10443",1593,2,"kg",2.00,1000.00
"{00000000-0001-7000-8000-000000000000}","10444",1594,1,"g",1.00,1.00
"{00000000-0001-7000-8000-000000000000}","10444",1594,2,"kg",2.00,1000.00
"{00000000-0001-7000-8000-000000000000}","10445",1595,1,"g",1.00,1.00
"{00000000-0001-7000-8000-000000000000}","10445",1595,2,"kg",2.00,1000.00
"{00000000-0001-7000-8000-000000000000}","10446",1596,1,"g",1.00,1.00
"{00000000-0001-7000-8000-000000000000}","10446",1596,2,"kg",2.00,1000.00
"{00000000-0001-7000-8000-000000000000}","10447",1597,1,"g",1.00,1.00
"{00000000-0001-7000-8000-000000000000}","10447",1597,2,"kg",2.00,1000.00
"{00000000-0001-7000-8000-000000000000}","10448",1598,1,"g",1.00,1.00
"{00000000-0001-7000-8000-000000000000}","10448",1598,2,"kg",2.00,1000.00
"{00000000-0001-7000-8000-000000000000}","10449",1599,1,"g",1.00,1.00
"{00000000-0001-7000-8000-000000000000}","10449",1599,2,"kg",2.00,1000.00
"{00000000-0001-7000-8000-000000000000}","10450",1600,1,"g",1.00,1.00
"{00000000-0001-7000-8000-000000000000}","10450",1600,2,"kg",2.00,1000.00
"{00000000-0001-7000-8000-000000000000}","10451",1601,1,"g",1.00,1.00
"{00000000-0001-7000-8000-000000000000}","10451",1601,2,"kg",2.00,1000.00
"{00000000-0001-7000-8000-000000000000}","10452",1602,1,"g",1.00,1.00
"{00000000-0001-7000-8000-000000000000}","10452",1602,2,"kg",2.00,1000.00
"{00000000-0001-7000-8000-000000000000}","10453",1603,1,"g",1.00,1.00
"{00000000-0001-7000-8000-000000000000}","10453",1603,2,"kg",2.00,1000.00
"{00000000-0001-7000-8000-000000000000}","10454",1604,1,"g",1.00,1.00
"{00000000-0001-7000-8000-000000000000}","10454",1604,2,"kg",2.00,1000.00
"{00000000-0001-7000-8000-000000000000}","10455",1605,1,"g",1.00,1.00
"{00000000-0001-7000-8000-000000000000}","10455",1605,2,"kg",2.00,1000.00
"{00000000-0001-7000-8000-000000000000}","10456",1606,1,"g",1.00,1.00
"{00000000-0001-7000-8000-000000000000}","10456",1606,2,"kg",2.00,1000.00
"{00000000-0001-7000-8000-000000000000}","11001",1607,1,"g",1.00,1.00
"{00000000-0001-7000-8000-000000000000}","11001",1607,2,"kg",2.00,1000.00
"{00000000-0001-7000-8000-000000000000}","11002",1608,1,"g",1.00,1.00
"{00000000-0001-7000-8000-000000000000}","11002",1608,2,"kg",2.00,1000.00
"{00000000-0001-7000-8000-000000000000}","11003",1609,1,"g",1.00,1.00
"{00000000-0001-7000-8000-000000000000}","11003",1609,2,"kg",2.00,1000.00
"{00000000-0001-7000-8000-000000000000}","11004",1610,1,"g",1.00,1.00
"{00000000-0001-7000-8000-000000000000}","11004",1610,2,"kg",2.00,1000.00
"{00000000-0001-7000-8000-000000000000}","11005",1611,1,"g",1.00,1.00
"{00000000-0001-7000-8000-000000000000}","11005",1611,2,"kg",2.00,1000.00
"{00000000-0001-7000-8000-000000000000}","11006",1612,1,"g",1.00,1.00
"{00000000-0001-7000-8000-000000000000}","11006",1612,2,"kg",2.00,1000.00
"{00000000-0001-7000-8000-000000000000}","11007",1613,1,"g",1.00,1.00
"{00000000-0001-7000-8000-000000000000}","11007",1613,2,"kg",2.00,1000.00
"{00000000-0001-7000-8000-000000000000}","11008",1614,1,"g",1.00,1.00
"{00000000-0001-7000-8000-000000000000}","11008",1614,2,"kg",2.00,1000.00
"{00000000-0001-7000-8000-000000000000}","11009",1615,1,"g",1.00,1.00
"{00000000-0001-7000-8000-000000000000}","11009",1615,2,"kg",2.00,1000.00
"{00000000-0001-7000-8000-000000000000}","11010",1616,1,"g",1.00,1.00
"{00000000-0001-7000-8000-000000000000}","11010",1616,2,"kg",2.00,1000.00
"{00000000-0001-7000-8000-000000000000}","11011",1617,1,"g",1.00,1.00
"{00000000-0001-7000-8000-000000000000}","11011",1617,2,"kg",2.00,1000.00
"{00000000-0001-7000-8000-000000000000}","11012",1618,1,"g",1.00,1.00
"{00000000-0001-7000-8000-000000000000}","11012",1618,2,"kg",2.00,1000.00
"{00000000-0001-7000-8000-000000000000}","11013",1619,1,"g",1.00,1.00
"{00000000-0001-7000-8000-000000000000}","11013",1619,2,"kg",2.00,1000.00
"{00000000-0001-7000-8000-000000000000}","11014",1620,1,"g",1.00,1.00
"{00000000-0001-7000-8000-000000000000}","11014",1620,2,"kg",2.00,1000.00
"{00000000-0001-7000-8000-000000000000}","11015",1621,1,"g",1.00,1.00
"{00000000-0001-7000-8000-000000000000}","11015",1621,2,"kg",2.00,1000.00
"{00000000-0001-7000-8000-000000000000}","11016",1622,1,"g",1.00,1.00
"{00000000-0001-7000-8000-000000000000}","11016",1622,2,"kg",2.00,1000.00
"{00000000-0001-7000-8000-000000000000}","11017",1623,1,"g",1.00,1.00
"{00000000-0001-7000-8000-000000000000}","11017",1623,2,"kg",2.00,1000.00
"{00000000-0001-7000-8000-000000000000}","11018",1624,1,"g",1.00,1.00
"{00000000-0001-7000-8000-000000000000}","11018",1624,2,"kg",2.00,1000.00
"{00000000-0001-7000-8000-000000000000}","11019",1625,1,"g",1.00,1.00
"{00000000-0001-7000-8000-000000000000}","11019",1625,2,"kg",2.00,1000.00
"{00000000-0001-7000-8000-000000000000}","11020",1626,1,"g",1.00,1.00
"{00000000-0001-7000-8000-000000000000}","11020",1626,2,"kg",2.00,1000.00
"{00000000-0001-7000-8000-000000000000}","11021",1627,1,"g",1.00,1.00
"{00000000-0001-7000-8000-000000000000}","11021",1627,2,"kg",2.00,1000.00
"{00000000-0001-7000-8000-000000000000}","11022",1628,1,"g",1.00,1.00
"{00000000-0001-7000-8000-000000000000}","11022",1628,2,"kg",2.00,1000.00
"{00000000-0001-7000-8000-000000000000}","11023",1629,1,"g",1.00,1.00
"{00000000-0001-7000-8000-000000000000}","11023",1629,2,"kg",2.00,1000.00
"{00000000-0001-7000-8000-000000000000}","11024",1630,1,"g",1.00,1.00
"{00000000-0001-7000-8000-000000000000}","11024",1630,2,"kg",2.00,1000.00
"{00000000-0001-7000-8000-000000000000}","11025",1631,1,"g",1.00,1.00
"{00000000-0001-7000-8000-000000000000}","11025",1631,2,"kg",2.00,1000.00
"{00000000-0001-7000-8000-000000000000}","11026",1632,1,"g",1.00,1.00
"{00000000-0001-7000-8000-000000000000}","11026",1632,2,"kg",2.00,1000.00
"{00000000-0001-7000-8000-000000000000}","11027",1633,1,"g",1.00,1.00
"{00000000-0001-7000-8000-000000000000}","11027",1633,2,"kg",2.00,1000.00
"{00000000-0001-7000-8000-000000000000}","11028",1634,1,"g",1.00,1.00
"{00000000-0001-7000-8000-000000000000}","11028",1634,2,"kg",2.00,1000.00
"{00000000-0001-7000-8000-000000000000}","11029",1635,1,"g",1.00,1.00
"{00000000-0001-7000-8000-000000000000}","11029",1635,2,"kg",2.00,1000.00
"{00000000-0001-7000-8000-000000000000}","11030",1636,1,"g",1.00,1.00
"{00000000-0001-7000-8000-000000000000}","11030",1636,2,"kg",2.00,1000.00
"{00000000-0001-7000-8000-000000000000}","11031",1637,1,"g",1.00,1.00
"{00000000-0001-7000-8000-000000000000}","11031",1637,2,"kg",2.00,1000.00
"{00000000-0001-7000-8000-000000000000}","11032",1638,1,"g",1.00,1.00
"{00000000-0001-7000-8000-000000000000}","11032",1638,2,"kg",2.00,1000.00
"{00000000-0001-7000-8000-000000000000}","11033",1639,1,"g",1.00,1.00
"{00000000-0001-7000-8000-000000000000}","11033",1639,2,"kg",2.00,1000.00
"{00000000-0001-7000-8000-000000000000}","11034",1640,1,"g",1.00,1.00
"{00000000-0001-7000-8000-000000000000}","11034",1640,2,"kg",2.00,1000.00
"{00000000-0001-7000-8000-000000000000}","11035",1641,1,"g",1.00,1.00
"{00000000-0001-7000-8000-000000000000}","11035",1641,2,"kg",2.00,1000.00
"{00000000-0001-7000-8000-000000000000}","11036",1642,1,"g",1.00,1.00
"{00000000-0001-7000-8000-000000000000}","11036",1642,2,"kg",2.00,1000.00
"{00000000-0001-7000-8000-000000000000}","11037",1643,1,"g",1.00,1.00
"{00000000-0001-7000-8000-000000000000}","11037",1643,2,"kg",2.00,1000.00
"{00000000-0001-7000-8000-000000000000}","11038",1644,1,"g",1.00,1.00
"{00000000-0001-7000-8000-000000000000}","11038",1644,2,"kg",2.00,1000.00
"{00000000-0001-7000-8000-000000000000}","11039",1645,1,"g",1.00,1.00
"{00000000-0001-7000-8000-000000000000}","11039",1645,2,"kg",2.00,1000.00
"{00000000-0001-7000-8000-000000000000}","11040",1646,1,"g",1.00,1.00
"{00000000-0001-7000-8000-000000000000}","11040",1646,2,"kg",2.00,1000.00
"{00000000-0001-7000-8000-000000000000}","11041",1647,1,"g",1.00,1.00
"{00000000-0001-7000-8000-000000000000}","11041",1647,2,"kg",2.00,1000.00
"{00000000-0001-7000-8000-000000000000}","11042",1648,1,"g",1.00,1.00
"{00000000-0001-7000-8000-000000000000}","11042",1648,2,"kg",2.00,1000.00
"{00000000-0001-7000-8000-000000000000}","11043",1649,1,"g",1.00,1.00
"{00000000-0001-7000-8000-000000000000}","11043",1649,2,"kg",2.00,1000.00
"{00000000-0001-7000-8000-000000000000}","11044",1650,1,"g",1.00,1.00
"{00000000-0001-7000-8000-000000000000}","11044",1650,2,"kg",2.00,1000.00
"{00000000-0001-7000-8000-000000000000}","11045",1651,1,"g",1.00,1.00
"{00000000-0001-7000-8000-000000000000}","11045",1651,2,"kg",2.00,1000.00
"{00000000-0001-7000-8000-000000000000}","11046",1652,1,"g",1.00,1.00
"{00000000-0001-7000-8000-000000000000}","11046",1652,2,"kg",2.00,1000.00
"{00000000-0001-7000-8000-000000000000}","11047",1653,1,"g",1.00,1.00
"{00000000-0001-7000-8000-000000000000}","11047",1653,2,"kg",2.00,1000.00
"{00000000-0001-7000-8000-000000000000}","11048",1654,1,"g",1.00,1.00
"{00000000-0001-7000-8000-000000000000}","11048",1654,2,"kg",2.00,1000.00
"{00000000-0001-7000-8000-000000000000}","11049",1655,1,"g",1.00,1.00
"{00000000-0001-7000-8000-000000000000}","11049",1655,2,"kg",2.00,1000.00
"{00000000-0001-7000-8000-000000000000}","11050",1656,1,"g",1.00,1.00
"{00000000-0001-7000-8000-000000000000}","11050",1656,2,"kg",2.00,1000.00
"{00000000-0001-7000-8000-000000000000}","11051",1657,1,"g",1.00,1.00
"{00000000-0001-7000-8000-000000000000}","11051",1657,2,"kg",2.00,1000.00
"{00000000-0001-7000-8000-000000000000}","11052",1658,1,"g",1.00,1.00
"{00000000-0001-7000-8000-000000000000}","11052",1658,2,"kg",2.00,1000.00
"{00000000-0001-7000-8000-000000000000}","11053",1659,1,"g",1.00,1.00
"{00000000-0001-7000-8000-000000000000}","11053",1659,2,"kg",2.00,1000.00
"{00000000-0001-7000-8000-000000000000}","11054",1660,1,"g",1.00,1.00
"{00000000-0001-7000-8000-000000000000}","11054",1660,2,"kg",2.00,1000.00
"{00000000-0001-7000-8000-000000000000}","11055",1661,1,"g",1.00,1.00
"{00000000-0001-7000-8000-000000000000}","11055",1661,2,"kg",2.00,1000.00
"{00000000-0001-7000-8000-000000000000}","11056",1662,1,"g",1.00,1.00
"{00000000-0001-7000-8000-000000000000}","11056",1662,2,"kg",2.00,1000.00
"{00000000-0001-7000-8000-000000000000}","11057",1663,1,"g",1.00,1.00
"{00000000-0001-7000-8000-000000000000}","11057",1663,2,"kg",2.00,1000.00
"{00000000-0001-7000-8000-000000000000}","11058",1664,1,"g",1.00,1.00
"{00000000-0001-7000-8000-000000000000}","11058",1664,2,"kg",2.00,1000.00
"{00000000-0001-7000-8000-000000000000}","11059",1665,1,"g",1.00,1.00
"{00000000-0001-7000-8000-000000000000}","11059",1665,2,"kg",2.00,1000.00
"{00000000-0001-7000-8000-000000000000}","11060",1666,1,"g",1.00,1.00
"{00000000-0001-7000-8000-000000000000}","11060",1666,2,"kg",2.00,1000.00
"{00000000-0001-7000-8000-000000000000}","11061",1667,1,"g",1.00,1.00
"{00000000-0001-7000-8000-000000000000}","11061",1667,2,"kg",2.00,1000.00
"{00000000-0001-7000-8000-000000000000}","11062",1668,1,"g",1.00,1.00
"{00000000-0001-7000-8000-000000000000}","11062",1668,2,"kg",2.00,1000.00
"{00000000-0001-7000-8000-000000000000}","11063",1669,1,"g",1.00,1.00
"{00000000-0001-7000-8000-000000000000}","11063",1669,2,"kg",2.00,1000.00
"{00000000-0001-7000-8000-000000000000}","11064",1670,1,"g",1.00,1.00
"{00000000-0001-7000-8000-000000000000}","11064",1670,2,"kg",2.00,1000.00
"{00000000-0001-7000-8000-000000000000}","11065",1671,1,"g",1.00,1.00
"{00000000-0001-7000-8000-000000000000}","11065",1671,2,"kg",2.00,1000.00
"{00000000-0001-7000-8000-000000000000}","11066",1672,1,"g",1.00,1.00
"{00000000-0001-7000-8000-000000000000}","11066",1672,2,"kg",2.00,1000.00
"{00000000-0001-7000-8000-000000000000}","11067",1673,1,"g",1.00,1.00
"{00000000-0001-7000-8000-000000000000}","11067",1673,2,"kg",2.00,1000.00
"{00000000-0001-7000-8000-000000000000}","11068",1674,1,"g",1.00,1.00
"{00000000-0001-7000-8000-000000000000}","11068",1674,2,"kg",2.00,1000.00
"{00000000-0001-7000-8000-000000000000}","11069",1675,1,"g",1.00,1.00
"{00000000-0001-7000-8000-000000000000}","11069",1675,2,"kg",2.00,1000.00
"{00000000-0001-7000-8000-000000000000}","11070",1676,1,"g",1.00,1.00
"{00000000-0001-7000-8000-000000000000}","11070",1676,2,"kg",2.00,1000.00
"{00000000-0001-7000-8000-000000000000}","11071",1677,1,"g",1.00,1.00
"{00000000-0001-7000-8000-000000000000}","11071",1677,2,"kg",2.00,1000.00
"{00000000-0001-7000-8000-000000000000}","11072",1678,1,"g",1.00,1.00
"{00000000-0001-7000-8000-000000000000}","11072",1678,2,"kg",2.00,1000.00
"{00000000-0001-7000-8000-000000000000}","11073",1679,1,"g",1.00,1.00
"{00000000-0001-7000-8000-000000000000}","11073",1679,2,"kg",2.00,1000.00
"{00000000-0001-7000-8000-000000000000}","11074",1680,1,"g",1.00,1.00
"{00000000-0001-7000-8000-000000000000}","11074",1680,2,"kg",2.00,1000.00
"{00000000-0001-7000-8000-000000000000}","11075",1681,1,"g",1.00,1.00
"{00000000-0001-7000-8000-000000000000}","11075",1681,2,"kg",2.00,1000.00
"{00000000-0001-7000-8000-000000000000}","11076",1682,1,"g",1.00,1.00
"{00000000-0001-7000-8000-000000000000}","11076",1682,2,"kg",2.00,1000.00
"{00000000-0001-7000-8000-000000000000}","11077",1683,1,"g",1.00,1.00
"{00000000-0001-7000-8000-000000000000}","11077",1683,2,"kg",2.00,1000.00
"{00000000-0001-7000-8000-000000000000}","11078",1684,1,"g",1.00,1.00
"{00000000-0001-7000-8000-000000000000}","11078",1684,2,"kg",2.00,1000.00
"{00000000-0001-7000-8000-000000000000}","11079",1685,1,"g",1.00,1.00
"{00000000-0001-7000-8000-000000000000}","11079",1685,2,"kg",2.00,1000.00
"{00000000-0001-7000-8000-000000000000}","11080",1686,1,"g",1.00,1.00
"{00000000-0001-7000-8000-000000000000}","11080",1686,2,"kg",2.00,1000.00
"{00000000-0001-7000-8000-000000000000}","11081",1687,1,"g",1.00,1.00
"{00000000-0001-7000-8000-000000000000}","11081",1687,2,"kg",2.00,1000.00
"{00000000-0001-7000-8000-000000000000}","11082",1688,1,"g",1.00,1.00
"{00000000-0001-7000-8000-000000000000}","11082",1688,2,"kg",2.00,1000.00
"{00000000-0001-7000-8000-000000000000}","11083",1689,1,"g",1.00,1.00
"{00000000-0001-7000-8000-000000000000}","11083",1689,2,"kg",2.00,1000.00
"{00000000-0001-7000-8000-000000000000}","11084",1690,1,"g",1.00,1.00
"{00000000-0001-7000-8000-000000000000}","11084",1690,2,"kg",2.00,1000.00
"{00000000-0001-7000-8000-000000000000}","11085",1691,1,"g",1.00,1.00
"{00000000-0001-7000-8000-000000000000}","11085",1691,2,"kg",2.00,1000.00
"{00000000-0001-7000-8000-000000000000}","11086",1692,1,"g",1.00,1.00
"{00000000-0001-7000-8000-000000000000}","11086",1692,2,"kg",2.00,1000.00
"{00000000-0001-7000-8000-000000000000}","11087",1693,1,"g",1.00,1.00
"{00000000-0001-7000-8000-000000000000}","11087",1693,2,"kg",2.00,1000.00
"{00000000-0001-7000-8000-000000000000}","11088",1694,1,"g",1.00,1.00
"{00000000-0001-7000-8000-000000000000}","11088",1694,2,"kg",2.00,1000.00
"{00000000-0001-7000-8000-000000000000}","11089",1695,1,"g",1.00,1.00
"{00000000-0001-7000-8000-000000000000}","11089",1695,2,"kg",2.00,1000.00
"{00000000-0001-7000-8000-000000000000}","11090",1696,1,"g",1.00,1.00
"{00000000-0001-7000-8000-000000000000}","11090",1696,2,"kg",2.00,1000.00
"{00000000-0001-7000-8000-000000000000}","11091",1697,1,"g",1.00,1.00
"{00000000-0001-7000-8000-000000000000}","11091",1697,2,"kg",2.00,1000.00
"{00000000-0001-7000-8000-000000000000}","11092",1698,1,"g",1.00,1.00
"{00000000-0001-7000-8000-000000000000}","11092",1698,2,"kg",2.00,1000.00
"{00000000-0001-7000-8000-000000000000}","11093",1699,1,"g",1.00,1.00
"{00000000-0001-7000-8000-000000000000}","11093",1699,2,"kg",2.00,1000.00
"{00000000-0001-7000-8000-000000000000}","11094",1700,1,"g",1.00,1.00
"{00000000-0001-7000-8000-000000000000}","11094",1700,2,"kg",2.00,1000.00
"{00000000-0001-7000-8000-000000000000}","11095",1701,1,"g",1.00,1.00
"{00000000-0001-7000-8000-000000000000}","11095",1701,2,"kg",2.00,1000.00
"{00000000-0001-7000-8000-000000000000}","11096",1702,1,"g",1.00,1.00
"{00000000-0001-7000-8000-000000000000}","11096",1702,2,"kg",2.00,1000.00
"{00000000-0001-7000-8000-000000000000}","11097",1703,1,"g",1.00,1.00
"{00000000-0001-7000-8000-000000000000}","11097",1703,2,"kg",2.00,1000.00
"{00000000-0001-7000-8000-000000000000}","11098",1704,1,"g",1.00,1.00
"{00000000-0001-7000-8000-000000000000}","11098",1704,2,"kg",2.00,1000.00
"{00000000-0001-7000-8000-000000000000}","11099",1705,1,"g",1.00,1.00
"{00000000-0001-7000-8000-000000000000}","11099",1705,2,"kg",2.00,1000.00
"{00000000-0001-7000-8000-000000000000}","11100",1706,1,"g",1.00,1.00
"{00000000-0001-7000-8000-000000000000}","11100",1706,2,"kg",2.00,1000.00
"{00000000-0001-7000-8000-000000000000}","11101",1707,1,"g",1.00,1.00
"{00000000-0001-7000-8000-000000000000}","11101",1707,2,"kg",2.00,1000.00
"{00000000-0001-7000-8000-000000000000}","11102",1708,1,"g",1.00,1.00
"{00000000-0001-7000-8000-000000000000}","11102",1708,2,"kg",2.00,1000.00
"{00000000-0001-7000-8000-000000000000}","11103",1709,1,"g",1.00,1.00
"{00000000-0001-7000-8000-000000000000}","11103",1709,2,"kg",2.00,1000.00
"{00000000-0001-7000-8000-000000000000}","11104",1710,1,"g",1.00,1.00
"{00000000-0001-7000-8000-000000000000}","11104",1710,2,"kg",2.00,1000.00
"{00000000-0001-7000-8000-000000000000}","11105",1711,1,"g",1.00,1.00
"{00000000-0001-7000-8000-000000000000}","11105",1711,2,"kg",2.00,1000.00
"{00000000-0001-7000-8000-000000000000}","11106",1712,1,"g",1.00,1.00
"{00000000-0001-7000-8000-000000000000}","11106",1712,2,"kg",2.00,1000.00
"{00000000-0001-7000-8000-000000000000}","11107",1713,1,"g",1.00,1.00
"{00000000-0001-7000-8000-000000000000}","11107",1713,2,"kg",2.00,1000.00
"{00000000-0001-7000-8000-000000000000}","11108",1714,1,"g",1.00,1.00
"{00000000-0001-7000-8000-000000000000}","11108",1714,2,"kg",2.00,1000.00
"{00000000-0001-7000-8000-000000000000}","11109",1715,1,"g",1.00,1.00
"{00000000-0001-7000-8000-000000000000}","11109",1715,2,"kg",2.00,1000.00
"{00000000-0001-7000-8000-000000000000}","11110",1716,1,"g",1.00,1.00
"{00000000-0001-7000-8000-000000000000}","11110",1716,2,"kg",2.00,1000.00
"{00000000-0001-7000-8000-000000000000}","11111",1717,1,"g",1.00,1.00
"{00000000-0001-7000-8000-000000000000}","11111",1717,2,"kg",2.00,1000.00
"{00000000-0001-7000-8000-000000000000}","11112",1718,1,"g",1.00,1.00
"{00000000-0001-7000-8000-000000000000}","11112",1718,2,"kg",2.00,1000.00
"{00000000-0001-7000-8000-000000000000}","11113",1719,1,"g",1.00,1.00
"{00000000-0001-7000-8000-000000000000}","11113",1719,2,"kg",2.00,1000.00
"{00000000-0001-7000-8000-000000000000}","11114",1720,1,"g",1.00,1.00
"{00000000-0001-7000-8000-000000000000}","11114",1720,2,"kg",2.00,1000.00
"{00000000-0001-7000-8000-000000000000}","11115",1721,1,"g",1.00,1.00
"{00000000-0001-7000-8000-000000000000}","11115",1721,2,"kg",2.00,1000.00
"{00000000-0001-7000-8000-000000000000}","11116",1722,1,"g",1.00,1.00
"{00000000-0001-7000-8000-000000000000}","11116",1722,2,"kg",2.00,1000.00
"{00000000-0001-7000-8000-000000000000}","11117",1723,1,"g",1.00,1.00
"{00000000-0001-7000-8000-000000000000}","11117",1723,2,"kg",2.00,1000.00
"{00000000-0001-7000-8000-000000000000}","11118",1724,1,"g",1.00,1.00
"{00000000-0001-7000-8000-000000000000}","11118",1724,2,"kg",2.00,1000.00
"{00000000-0001-7000-8000-000000000000}","11119",1725,1,"g",1.00,1.00
"{00000000-0001-7000-8000-000000000000}","11119",1725,2,"kg",2.00,1000.00
"{00000000-0001-7000-8000-000000000000}","11120",1726,1,"g",1.00,1.00
"{00000000-0001-7000-8000-000000000000}","11120",1726,2,"kg",2.00,1000.00
"{00000000-0001-7000-8000-000000000000}","11121",1727,1,"g",1.00,1.00
"{00000000-0001-7000-8000-000000000000}","11121",1727,2,"kg",2.00,1000.00
"{00000000-0001-7000-8000-000000000000}","11122",1728,1,"g",1.00,1.00
"{00000000-0001-7000-8000-000000000000}","11122",1728,2,"kg",2.00,1000.00
"{00000000-0001-7000-8000-000000000000}","11123",1729,1,"g",1.00,1.00
"{00000000-0001-7000-8000-000000000000}","11123",1729,2,"kg",2.00,1000.00
"{00000000-0001-7000-8000-000000000000}","11124",1730,1,"g",1.00,1.00
"{00000000-0001-7000-8000-000000000000}","11124",1730,2,"kg",2.00,1000.00
"{00000000-0001-7000-8000-000000000000}","11125",1731,1,"g",1.00,1.00
"{00000000-0001-7000-8000-000000000000}","11125",1731,2,"kg",2.00,1000.00
"{00000000-0001-7000-8000-000000000000}","11126",1732,1,"g",1.00,1.00
"{00000000-0001-7000-8000-000000000000}","11126",1732,2,"kg",2.00,1000.00
"{00000000-0001-7000-8000-000000000000}","11127",1733,1,"g",1.00,1.00
"{00000000-0001-7000-8000-000000000000}","11127",1733,2,"kg",2.00,1000.00
"{00000000-0001-7000-8000-000000000000}","11128",1734,1,"g",1.00,1.00
"{00000000-0001-7000-8000-000000000000}","11128",1734,2,"kg",2.00,1000.00
"{00000000-0001-7000-8000-000000000000}","11129",1735,1,"g",1.00,1.00
"{00000000-0001-7000-8000-000000000000}","11129",1735,2,"kg",2.00,1000.00
"{00000000-0001-7000-8000-000000000000}","11130",1736,1,"g",1.00,1.00
"{00000000-0001-7000-8000-000000000000}","11130",1736,2,"kg",2.00,1000.00
"{00000000-0001-7000-8000-000000000000}","11131",1737,1,"g",1.00,1.00
"{00000000-0001-7000-8000-000000000000}","11131",1737,2,"kg",2.00,1000.00
"{00000000-0001-7000-8000-000000000000}","11132",1738,1,"g",1.00,1.00
"{00000000-0001-7000-8000-000000000000}","11132",1738,2,"kg",2.00,1000.00
"{00000000-0001-7000-8000-000000000000}","11133",1739,1,"g",1.00,1.00
"{00000000-0001-7000-8000-000000000000}","11133",1739,2,"kg",2.00,1000.00
"{00000000-0001-7000-8000-000000000000}","11134",1740,1,"g",1.00,1.00
"{00000000-0001-7000-8000-000000000000}","11134",1740,2,"kg",2.00,1000.00
"{00000000-0001-7000-8000-000000000000}","11135",1741,1,"g",1.00,1.00
"{00000000-0001-7000-8000-000000000000}","11135",1741,2,"kg",2.00,1000.00
"{00000000-0001-7000-8000-000000000000}","11136",1742,1,"g",1.00,1.00
"{00000000-0001-7000-8000-000000000000}","11136",1742,2,"kg",2.00,1000.00
"{00000000-0001-7000-8000-000000000000}","11137",1743,1,"g",1.00,1.00
"{00000000-0001-7000-8000-000000000000}","11137",1743,2,"kg",2.00,1000.00
"{00000000-0001-7000-8000-000000000000}","11138",1744,1,"g",1.00,1.00
"{00000000-0001-7000-8000-000000000000}","11138",1744,2,"kg",2.00,1000.00
"{00000000-0001-7000-8000-000000000000}","11139",1745,1,"g",1.00,1.00
"{00000000-0001-7000-8000-000000000000}","11139",1745,2,"kg",2.00,1000.00
"{00000000-0001-7000-8000-000000000000}","11140",1746,1,"g",1.00,1.00
"{00000000-0001-7000-8000-000000000000}","11140",1746,2,"kg",2.00,1000.00
"{00000000-0001-7000-8000-000000000000}","11141",1747,1,"g",1.00,1.00
"{00000000-0001-7000-8000-000000000000}","11141",1747,2,"kg",2.00,1000.00
"{00000000-0001-7000-8000-000000000000}","11142",1748,1,"g",1.00,1.00
"{00000000-0001-7000-8000-000000000000}","11142",1748,2,"kg",2.00,1000.00
"{00000000-0001-7000-8000-000000000000}","11143",1749,1,"g",1.00,1.00
"{00000000-0001-7000-8000-000000000000}","11143",1749,2,"kg",2.00,1000.00
"{00000000-0001-7000-8000-000000000000}","11144",1750,1,"g",1.00,1.00
"{00000000-0001-7000-8000-000000000000}","11144",1750,2,"kg",2.00,1000.00
"{00000000-0001-7000-8000-000000000000}","11145",1751,1,"g",1.00,1.00
"{00000000-0001-7000-8000-000000000000}","11145",1751,2,"kg",2.00,1000.00
"{00000000-0001-7000-8000-000000000000}","11146",1752,1,"g",1.00,1.00
"{00000000-0001-7000-8000-000000000000}","11146",1752,2,"kg",2.00,1000.00
"{00000000-0001-7000-8000-000000000000}","11147",1753,1,"g",1.00,1.00
"{00000000-0001-7000-8000-000000000000}","11147",1753,2,"kg",2.00,1000.00
"{00000000-0001-7000-8000-000000000000}","11148",1754,1,"g",1.00,1.00
"{00000000-0001-7000-8000-000000000000}","11148",1754,2,"kg",2.00,1000.00
"{00000000-0001-7000-8000-000000000000}","11149",1755,1,"g",1.00,1.00
"{00000000-0001-7000-8000-000000000000}","11149",1755,2,"kg",2.00,1000.00
"{00000000-0001-7000-8000-000000000000}","11150",1756,1,"g",1.00,1.00
"{00000000-0001-7000-8000-000000000000}","11150",1756,2,"kg",2.00,1000.00
"{00000000-0001-7000-8000-000000000000}","11151",1757,1,"g",1.00,1.00
"{00000000-0001-7000-8000-000000000000}","11151",1757,2,"kg",2.00,1000.00
"{00000000-0001-7000-8000-000000000000}","11152",1758,1,"g",1.00,1.00
"{00000000-0001-7000-8000-000000000000}","11152",1758,2,"kg",2.00,1000.00
"{00000000-0001-7000-8000-000000000000}","11153",1759,1,"g",1.00,1.00
"{00000000-0001-7000-8000-000000000000}","11153",1759,2,"kg",2.00,1000.00
"{00000000-0001-7000-8000-000000000000}","11154",1760,1,"g",1.00,1.00
"{00000000-0001-7000-8000-000000000000}","11154",1760,2,"kg",2.00,1000.00
"{00000000-0001-7000-8000-000000000000}","11155",1761,1,"g",1.00,1.00
"{00000000-0001-7000-8000-000000000000}","11155",1761,2,"kg",2.00,1000.00
"{00000000-0001-7000-8000-000000000000}","11156",1762,1,"g",1.00,1.00
"{00000000-0001-7000-8000-000000000000}","11156",1762,2,"kg",2.00,1000.00
"{00000000-0001-7000-8000-000000000000}","11157",1763,1,"g",1.00,1.00
"{00000000-0001-7000-8000-000000000000}","11157",1763,2,"kg",2.00,1000.00
"{00000000-0001-7000-8000-000000000000}","11158",1764,1,"g",1.00,1.00
"{00000000-0001-7000-8000-000000000000}","11158",1764,2,"kg",2.00,1000.00
"{00000000-0001-7000-8000-000000000000}","11159",1765,1,"g",1.00,1.00
"{00000000-0001-7000-8000-000000000000}","11159",1765,2,"kg",2.00,1000.00
"{00000000-0001-7000-8000-000000000000}","11160",1766,1,"g",1.00,1.00
"{00000000-0001-7000-8000-000000000000}","11160",1766,2,"kg",2.00,1000.00
"{00000000-0001-7000-8000-000000000000}","11161",1767,1,"g",1.00,1.00
"{00000000-0001-7000-8000-000000000000}","11161",1767,2,"kg",2.00,1000.00
"{00000000-0001-7000-8000-000000000000}","11162",1768,1,"g",1.00,1.00
"{00000000-0001-7000-8000-000000000000}","11162",1768,2,"kg",2.00,1000.00
"{00000000-0001-7000-8000-000000000000}","11163",1769,1,"g",1.00,1.00
"{00000000-0001-7000-8000-000000000000}","11163",1769,2,"kg",2.00,1000.00
"{00000000-0001-7000-8000-000000000000}","11164",1770,1,"g",1.00,1.00
"{00000000-0001-7000-8000-000000000000}","11164",1770,2,"kg",2.00,1000.00
"{00000000-0001-7000-8000-000000000000}","11165",1771,1,"g",1.00,1.00
"{00000000-0001-7000-8000-000000000000}","11165",1771,2,"kg",2.00,1000.00
"{00000000-0001-7000-8000-000000000000}","11166",1772,1,"g",1.00,1.00
"{00000000-0001-7000-8000-000000000000}","11166",1772,2,"kg",2.00,1000.00
"{00000000-0001-7000-8000-000000000000}","11167",1773,1,"g",1.00,1.00
"{00000000-0001-7000-8000-000000000000}","11167",1773,2,"kg",2.00,1000.00
"{00000000-0001-7000-8000-000000000000}","11168",1774,1,"g",1.00,1.00
"{00000000-0001-7000-8000-000000000000}","11168",1774,2,"kg",2.00,1000.00
"{00000000-0001-7000-8000-000000000000}","11169",1775,1,"g",1.00,1.00
"{00000000-0001-7000-8000-000000000000}","11169",1775,2,"kg",2.00,1000.00
"{00000000-0001-7000-8000-000000000000}","11170",1776,1,"g",1.00,1.00
"{00000000-0001-7000-8000-000000000000}","11170",1776,2,"kg",2.00,1000.00
"{00000000-0001-7000-8000-000000000000}","11171",1777,1,"g",1.00,1.00
"{00000000-0001-7000-8000-000000000000}","11171",1777,2,"kg",2.00,1000.00
"{00000000-0001-7000-8000-000000000000}","11172",1778,1,"g",1.00,1.00
"{00000000-0001-7000-8000-000000000000}","11172",1778,2,"kg",2.00,1000.00
"{00000000-0001-7000-8000-000000000000}","11173",1779,1,"g",1.00,1.00
"{00000000-0001-7000-8000-000000000000}","11173",1779,2,"kg",2.00,1000.00
"{00000000-0001-7000-8000-000000000000}","11174",1780,1,"g",1.00,1.00
"{00000000-0001-7000-8000-000000000000}","11174",1780,2,"kg",2.00,1000.00
"{00000000-0001-7000-8000-000000000000}","11175",1781,1,"g",1.00,1.00
"{00000000-0001-7000-8000-000000000000}","11175",1781,2,"kg",2.00,1000.00
"{00000000-0001-7000-8000-000000000000}","11176",1782,1,"g",1.00,1.00
"{00000000-0001-7000-8000-000000000000}","11176",1782,2,"kg",2.00,1000.00
"{00000000-0001-7000-8000-000000000000}","11177",1783,1,"g",1.00,1.00
"{00000000-0001-7000-8000-000000000000}","11177",1783,2,"kg",2.00,1000.00
"{00000000-0001-7000-8000-000000000000}","11178",1784,1,"g",1.00,1.00
"{00000000-0001-7000-8000-000000000000}","11178",1784,2,"kg",2.00,1000.00
"{00000000-0001-7000-8000-000000000000}","11179",1785,1,"g",1.00,1.00
"{00000000-0001-7000-8000-000000000000}","11179",1785,2,"kg",2.00,1000.00
"{00000000-0001-7000-8000-000000000000}","11180",1786,1,"g",1.00,1.00
"{00000000-0001-7000-8000-000000000000}","11180",1786,2,"kg",2.00,1000.00
"{00000000-0001-7000-8000-000000000000}","11181",1787,1,"g",1.00,1.00
"{00000000-0001-7000-8000-000000000000}","11181",1787,2,"kg",2.00,1000.00
"{00000000-0001-7000-8000-000000000000}","11182",1788,1,"g",1.00,1.00
"{00000000-0001-7000-8000-000000000000}","11182",1788,2,"kg",2.00,1000.00
"{00000000-0001-7000-8000-000000000000}","11183",1789,1,"g",1.00,1.00
"{00000000-0001-7000-8000-000000000000}","11183",1789,2,"kg",2.00,1000.00
"{00000000-0001-7000-8000-000000000000}","11184",1790,1,"g",1.00,1.00
"{00000000-0001-7000-8000-000000000000}","11184",1790,2,"kg",2.00,1000.00
"{00000000-0001-7000-8000-000000000000}","11185",1791,1,"g",1.00,1.00
"{00000000-0001-7000-8000-000000000000}","11185",1791,2,"kg",2.00,1000.00
"{00000000-0001-7000-8000-000000000000}","11186",1792,1,"g",1.00,1.00
"{00000000-0001-7000-8000-000000000000}","11186",1792,2,"kg",2.00,1000.00
"{00000000-0001-7000-8000-000000000000}","11187",1793,1,"g",1.00,1.00
"{00000000-0001-7000-8000-000000000000}","11187",1793,2,"kg",2.00,1000.00
"{00000000-0001-7000-8000-000000000000}","11188",1794,1,"g",1.00,1.00
"{00000000-0001-7000-8000-000000000000}","11188",1794,2,"kg",2.00,1000.00
"{00000000-0001-7000-8000-000000000000}","11189",1795,1,"g",1.00,1.00
"{00000000-0001-7000-8000-000000000000}","11189",1795,2,"kg",2.00,1000.00
"{00000000-0001-7000-8000-000000000000}","11190",1796,1,"g",1.00,1.00
"{00000000-0001-7000-8000-000000000000}","11190",1796,2,"kg",2.00,1000.00
"{00000000-0001-7000-8000-000000000000}","11191",1797,1,"g",1.00,1.00
"{00000000-0001-7000-8000-000000000000}","11191",1797,2,"kg",2.00,1000.00
"{00000000-0001-7000-8000-000000000000}","11192",1798,1,"g",1.00,1.00
"{00000000-0001-7000-8000-000000000000}","11192",1798,2,"kg",2.00,1000.00
"{00000000-0001-7000-8000-000000000000}","11193",1799,1,"g",1.00,1.00
"{00000000-0001-7000-8000-000000000000}","11193",1799,2,"kg",2.00,1000.00
"{00000000-0001-7000-8000-000000000000}","11194",1800,1,"g",1.00,1.00
"{00000000-0001-7000-8000-000000000000}","11194",1800,2,"kg",2.00,1000.00
"{00000000-0001-7000-8000-000000000000}","11195",1801,1,"g",1.00,1.00
"{00000000-0001-7000-8000-000000000000}","11195",1801,2,"kg",2.00,1000.00
"{00000000-0001-7000-8000-000000000000}","11196",1802,1,"g",1.00,1.00
"{00000000-0001-7000-8000-000000000000}","11196",1802,2,"kg",2.00,1000.00
"{00000000-0001-7000-8000-000000000000}","11197",1803,1,"g",1.00,1.00
"{00000000-0001-7000-8000-000000000000}","11197",1803,2,"kg",2.00,1000.00
"{00000000-0001-7000-8000-000000000000}","11198",1804,1,"g",1.00,1.00
"{00000000-0001-7000-8000-000000000000}","11198",1804,2,"kg",2.00,1000.00
"{00000000-0001-7000-8000-000000000000}","11199",1805,1,"g",1.00,1.00
"{00000000-0001-7000-8000-000000000000}","11199",1805,2,"kg",2.00,1000.00
"{00000000-0001-7000-8000-000000000000}","11200",1806,1,"g",1.00,1.00
"{00000000-0001-7000-8000-000000000000}","11200",1806,2,"kg",2.00,1000.00
"{00000000-0001-7000-8000-000000000000}","11201",1807,1,"g",1.00,1.00
"{00000000-0001-7000-8000-000000000000}","11201",1807,2,"kg",2.00,1000.00
"{00000000-0001-7000-8000-000000000000}","11202",1808,1,"g",1.00,1.00
"{00000000-0001-7000-8000-000000000000}","11202",1808,2,"kg",2.00,1000.00
"{00000000-0001-7000-8000-000000000000}","11203",1809,1,"g",1.00,1.00
"{00000000-0001-7000-8000-000000000000}","11203",1809,2,"kg",2.00,1000.00
"{00000000-0001-7000-8000-000000000000}","11204",1810,1,"g",1.00,1.00
"{00000000-0001-7000-8000-000000000000}","11204",1810,2,"kg",2.00,1000.00
"{00000000-0001-7000-8000-000000000000}","11205",1811,1,"g",1.00,1.00
"{00000000-0001-7000-8000-000000000000}","11205",1811,2,"kg",2.00,1000.00
"{00000000-0001-7000-8000-000000000000}","11206",1812,1,"g",1.00,1.00
"{00000000-0001-7000-8000-000000000000}","11206",1812,2,"kg",2.00,1000.00
"{00000000-0001-7000-8000-000000000000}","11207",1813,1,"g",1.00,1.00
"{00000000-0001-7000-8000-000000000000}","11207",1813,2,"kg",2.00,1000.00
"{00000000-0001-7000-8000-000000000000}","11208",1814,1,"g",1.00,1.00
"{00000000-0001-7000-8000-000000000000}","11208",1814,2,"kg",2.00,1000.00
"{00000000-0001-7000-8000-000000000000}","11209",1815,1,"g",1.00,1.00
"{00000000-0001-7000-8000-000000000000}","11209",1815,2,"kg",2.00,1000.00
"{00000000-0001-7000-8000-000000000000}","11210",1816,1,"g",1.00,1.00
"{00000000-0001-7000-8000-000000000000}","11210",1816,2,"kg",2.00,1000.00
"{00000000-0001-7000-8000-000000000000}","11211",1817,1,"g",1.00,1.00
"{00000000-0001-7000-8000-000000000000}","11211",1817,2,"kg",2.00,1000.00
"{00000000-0001-7000-8000-000000000000}","11212",1818,1,"g",1.00,1.00
"{00000000-0001-7000-8000-000000000000}","11212",1818,2,"kg",2.00,1000.00
"{00000000-0001-7000-8000-000000000000}","11213",1819,1,"g",1.00,1.00
"{00000000-0001-7000-8000-000000000000}","11213",1819,2,"kg",2.00,1000.00
"{00000000-0001-7000-8000-000000000000}","11214",1820,1,"g",1.00,1.00
"{00000000-0001-7000-8000-000000000000}","11214",1820,2,"kg",2.00,1000.00
"{00000000-0001-7000-8000-000000000000}","11215",1821,1,"g",1.00,1.00
"{00000000-0001-7000-8000-000000000000}","11215",1821,2,"kg",2.00,1000.00
"{00000000-0001-7000-8000-000000000000}","11216",1822,1,"g",1.00,1.00
"{00000000-0001-7000-8000-000000000000}","11216",1822,2,"kg",2.00,1000.00
"{00000000-0001-7000-8000-000000000000}","11217",1823,1,"g",1.00,1.00
"{00000000-0001-7000-8000-000000000000}","11217",1823,2,"kg",2.00,1000.00
"{00000000-0001-7000-8000-000000000000}","11218",1824,1,"g",1.00,1.00
"{00000000-0001-7000-8000-000000000000}","11218",1824,2,"kg",2.00,1000.00
"{00000000-0001-7000-8000-000000000000}","11219",1825,1,"g",1.00,1.00
"{00000000-0001-7000-8000-000000000000}","11219",1825,2,"kg",2.00,1000.00
"{00000000-0001-7000-8000-000000000000}","11220",1826,1,"g",1.00,1.00
"{00000000-0001-7000-8000-000000000000}","11220",1826,2,"kg",2.00,1000.00
"{00000000-0001-7000-8000-000000000000}","11221",1827,1,"g",1.00,1.00
"{00000000-0001-7000-8000-000000000000}","11221",1827,2,"kg",2.00,1000.00
"{00000000-0001-7000-8000-000000000000}","11222",1828,1,"g",1.00,1.00
"{00000000-0001-7000-8000-000000000000}","11222",1828,2,"kg",2.00,1000.00
"{00000000-0001-7000-8000-000000000000}","11223",1829,1,"g",1.00,1.00
"{00000000-0001-7000-8000-000000000000}","11223",1829,2,"kg",2.00,1000.00
"{00000000-0001-7000-8000-000000000000}","11224",1830,1,"g",1.00,1.00
"{00000000-0001-7000-8000-000000000000}","11224",1830,2,"kg",2.00,1000.00
"{00000000-0001-7000-8000-000000000000}","11225",1831,1,"g",1.00,1.00
"{00000000-0001-7000-8000-000000000000}","11225",1831,2,"kg",2.00,1000.00
"{00000000-0001-7000-8000-000000000000}","11226",1832,1,"g",1.00,1.00
"{00000000-0001-7000-8000-000000000000}","11226",1832,2,"kg",2.00,1000.00
"{00000000-0001-7000-8000-000000000000}","11227",1833,1,"g",1.00,1.00
"{00000000-0001-7000-8000-000000000000}","11227",1833,2,"kg",2.00,1000.00
"{00000000-0001-7000-8000-000000000000}","11228",1834,1,"g",1.00,1.00
"{00000000-0001-7000-8000-000000000000}","11228",1834,2,"kg",2.00,1000.00
"{00000000-0001-7000-8000-000000000000}","11229",1835,1,"g",1.00,1.00
"{00000000-0001-7000-8000-000000000000}","11229",1835,2,"kg",2.00,1000.00
"{00000000-0001-7000-8000-000000000000}","11230",1836,1,"g",1.00,1.00
"{00000000-0001-7000-8000-000000000000}","11230",1836,2,"kg",2.00,1000.00
"{00000000-0001-7000-8000-000000000000}","11231",1837,1,"g",1.00,1.00
"{00000000-0001-7000-8000-000000000000}","11231",1837,2,"kg",2.00,1000.00
"{00000000-0001-7000-8000-000000000000}","11232",1838,1,"g",1.00,1.00
"{00000000-0001-7000-8000-000000000000}","11232",1838,2,"kg",2.00,1000.00
"{00000000-0001-7000-8000-000000000000}","11233",1839,1,"g",1.00,1.00
"{00000000-0001-7000-8000-000000000000}","11233",1839,2,"kg",2.00,1000.00
"{00000000-0001-7000-8000-000000000000}","11234",1840,1,"g",1.00,1.00
"{00000000-0001-7000-8000-000000000000}","11234",1840,2,"kg",2.00,1000.00
"{00000000-0001-7000-8000-000000000000}","11235",1841,1,"g",1.00,1.00
"{00000000-0001-7000-8000-000000000000}","11235",1841,2,"kg",2.00,1000.00
"{00000000-0001-7000-8000-000000000000}","11236",1842,1,"g",1.00,1.00
"{00000000-0001-7000-8000-000000000000}","11236",1842,2,"kg",2.00,1000.00
"{00000000-0001-7000-8000-000000000000}","11237",1843,1,"g",1.00,1.00
"{00000000-0001-7000-8000-000000000000}","11237",1843,2,"kg",2.00,1000.00
"{00000000-0001-7000-8000-000000000000}","11238",1844,1,"g",1.00,1.00
"{00000000-0001-7000-8000-000000000000}","11238",1844,2,"kg",2.00,1000.00
"{00000000-0001-7000-8000-000000000000}","11239",1845,1,"g",1.00,1.00
"{00000000-0001-7000-8000-000000000000}","11239",1845,2,"kg",2.00,1000.00
"{00000000-0001-7000-8000-000000000000}","11240",1846,1,"g",1.00,1.00
"{00000000-0001-7000-8000-000000000000}","11240",1846,2,"kg",2.00,1000.00
"{00000000-0001-7000-8000-000000000000}","11241",1847,1,"g",1.00,1.00
"{00000000-0001-7000-8000-000000000000}","11241",1847,2,"kg",2.00,1000.00
"{00000000-0001-7000-8000-000000000000}","11242",1848,1,"g",1.00,1.00
"{00000000-0001-7000-8000-000000000000}","11242",1848,2,"kg",2.00,1000.00
"{00000000-0001-7000-8000-000000000000}","11243",1849,1,"g",1.00,1.00
"{00000000-0001-7000-8000-000000000000}","11243",1849,2,"kg",2.00,1000.00
"{00000000-0001-7000-8000-000000000000}","11244",1850,1,"g",1.00,1.00
"{00000000-0001-7000-8000-000000000000}","11244",1850,2,"kg",2.00,1000.00
"{00000000-0001-7000-8000-000000000000}","11245",1851,1,"g",1.00,1.00
"{00000000-0001-7000-8000-000000000000}","11245",1851,2,"kg",2.00,1000.00
"{00000000-0001-7000-8000-000000000000}","11246",1852,1,"g",1.00,1.00
"{00000000-0001-7000-8000-000000000000}","11246",1852,2,"kg",2.00,1000.00
"{00000000-0001-7000-8000-000000000000}","11247",1853,1,"g",1.00,1.00
"{00000000-0001-7000-8000-000000000000}","11247",1853,2,"kg",2.00,1000.00
"{00000000-0001-7000-8000-000000000000}","11248",1854,1,"g",1.00,1.00
"{00000000-0001-7000-8000-000000000000}","11248",1854,2,"kg",2.00,1000.00
"{00000000-0001-7000-8000-000000000000}","11249",1855,1,"g",1.00,1.00
"{00000000-0001-7000-8000-000000000000}","11249",1855,2,"kg",2.00,1000.00
"{00000000-0001-7000-8000-000000000000}","11250",1856,1,"g",1.00,1.00
"{00000000-0001-7000-8000-000000000000}","11250",1856,2,"kg",2.00,1000.00
"{00000000-0001-7000-8000-000000000000}","11251",1857,1,"g",1.00,1.00
"{00000000-0001-7000-8000-000000000000}","11251",1857,2,"kg",2.00,1000.00
"{00000000-0001-7000-8000-000000000000}","11252",1858,1,"g",1.00,1.00
"{00000000-0001-7000-8000-000000000000}","11252",1858,2,"kg",2.00,1000.00
"{00000000-0001-7000-8000-000000000000}","11253",1859,1,"g",1.00,1.00
"{00000000-0001-7000-8000-000000000000}","11253",1859,2,"kg",2.00,1000.00
"{00000000-0001-7000-8000-000000000000}","11254",1860,1,"g",1.00,1.00
"{00000000-0001-7000-8000-000000000000}","11254",1860,2,"kg",2.00,1000.00
"{00000000-0001-7000-8000-000000000000}","11255",1861,1,"g",1.00,1.00
"{00000000-0001-7000-8000-000000000000}","11255",1861,2,"kg",2.00,1000.00
"{00000000-0001-7000-8000-000000000000}","11256",1862,1,"g",1.00,1.00
"{00000000-0001-7000-8000-000000000000}","11256",1862,2,"kg",2.00,1000.00
"{00000000-0001-7000-8000-000000000000}","11257",1863,1,"g",1.00,1.00
"{00000000-0001-7000-8000-000000000000}","11257",1863,2,"kg",2.00,1000.00
"{00000000-0001-7000-8000-000000000000}","11258",1864,1,"g",1.00,1.00
"{00000000-0001-7000-8000-000000000000}","11258",1864,2,"kg",2.00,1000.00
"{00000000-0001-7000-8000-000000000000}","11259",1865,1,"g",1.00,1.00
"{00000000-0001-7000-8000-000000000000}","11259",1865,2,"kg",2.00,1000.00
"{00000000-0001-7000-8000-000000000000}","11260",1866,1,"g",1.00,1.00
"{00000000-0001-7000-8000-000000000000}","11260",1866,2,"kg",2.00,1000.00
"{00000000-0001-7000-8000-000000000000}","11261",1867,1,"g",1.00,1.00
"{00000000-0001-7000-8000-000000000000}","11261",1867,2,"kg",2.00,1000.00
"{00000000-0001-7000-8000-000000000000}","11262",1868,1,"g",1.00,1.00
"{00000000-0001-7000-8000-000000000000}","11262",1868,2,"kg",2.00,1000.00
"{00000000-0001-7000-8000-000000000000}","11263",1869,1,"g",1.00,1.00
"{00000000-0001-7000-8000-000000000000}","11263",1869,2,"kg",2.00,1000.00
"{00000000-0001-7000-8000-000000000000}","11264",1870,1,"g",1.00,1.00
"{00000000-0001-7000-8000-000000000000}","11264",1870,2,"kg",2.00,1000.00
"{00000000-0001-7000-8000-000000000000}","11265",1871,1,"g",1.00,1.00
"{00000000-0001-7000-8000-000000000000}","11265",1871,2,"kg",2.00,1000.00
"{00000000-0001-7000-8000-000000000000}","11266",1872,1,"g",1.00,1.00
"{00000000-0001-7000-8000-000000000000}","11266",1872,2,"kg",2.00,1000.00
"{00000000-0001-7000-8000-000000000000}","11267",1873,1,"g",1.00,1.00
"{00000000-0001-7000-8000-000000000000}","11267",1873,2,"kg",2.00,1000.00
"{00000000-0001-7000-8000-000000000000}","11268",1874,1,"g",1.00,1.00
"{00000000-0001-7000-8000-000000000000}","11268",1874,2,"kg",2.00,1000.00
"{00000000-0001-7000-8000-000000000000}","11269",1875,1,"g",1.00,1.00
"{00000000-0001-7000-8000-000000000000}","11269",1875,2,"kg",2.00,1000.00
"{00000000-0001-7000-8000-000000000000}","11270",1876,1,"g",1.00,1.00
"{00000000-0001-7000-8000-000000000000}","11270",1876,2,"kg",2.00,1000.00
"{00000000-0001-7000-8000-000000000000}","11271",1877,1,"g",1.00,1.00
"{00000000-0001-7000-8000-000000000000}","11271",1877,2,"kg",2.00,1000.00
"{00000000-0001-7000-8000-000000000000}","11272",1878,1,"g",1.00,1.00
"{00000000-0001-7000-8000-000000000000}","11272",1878,2,"kg",2.00,1000.00
"{00000000-0001-7000-8000-000000000000}","11273",1879,1,"g",1.00,1.00
"{00000000-0001-7000-8000-000000000000}","11273",1879,2,"kg",2.00,1000.00
"{00000000-0001-7000-8000-000000000000}","11274",1880,1,"g",1.00,1.00
"{00000000-0001-7000-8000-000000000000}","11274",1880,2,"kg",2.00,1000.00
"{00000000-0001-7000-8000-000000000000}","11275",1881,1,"g",1.00,1.00
"{00000000-0001-7000-8000-000000000000}","11275",1881,2,"kg",2.00,1000.00
"{00000000-0001-7000-8000-000000000000}","11276",1882,1,"g",1.00,1.00
"{00000000-0001-7000-8000-000000000000}","11276",1882,2,"kg",2.00,1000.00
"{00000000-0001-7000-8000-000000000000}","11277",1883,1,"g",1.00,1.00
"{00000000-0001-7000-8000-000000000000}","11277",1883,2,"kg",2.00,1000.00
"{00000000-0001-7000-8000-000000000000}","11278",1884,1,"g",1.00,1.00
"{00000000-0001-7000-8000-000000000000}","11278",1884,2,"kg",2.00,1000.00
"{00000000-0001-7000-8000-000000000000}","11279",1885,1,"g",1.00,1.00
"{00000000-0001-7000-8000-000000000000}","11279",1885,2,"kg",2.00,1000.00
"{00000000-0001-7000-8000-000000000000}","11280",1886,1,"g",1.00,1.00
"{00000000-0001-7000-8000-000000000000}","11280",1886,2,"kg",2.00,1000.00
"{00000000-0001-7000-8000-000000000000}","11281",1887,1,"g",1.00,1.00
"{00000000-0001-7000-8000-000000000000}","11281",1887,2,"kg",2.00,1000.00
"{00000000-0001-7000-8000-000000000000}","11282",1888,1,"g",1.00,1.00
"{00000000-0001-7000-8000-000000000000}","11282",1888,2,"kg",2.00,1000.00
"{00000000-0001-7000-8000-000000000000}","11283",1889,1,"g",1.00,1.00
"{00000000-0001-7000-8000-000000000000}","11283",1889,2,"kg",2.00,1000.00
"{00000000-0001-7000-8000-000000000000}","11284",1890,1,"g",1.00,1.00
"{00000000-0001-7000-8000-000000000000}","11284",1890,2,"kg",2.00,1000.00
"{00000000-0001-7000-8000-000000000000}","11285",1891,1,"g",1.00,1.00
"{00000000-0001-7000-8000-000000000000}","11285",1891,2,"kg",2.00,1000.00
"{00000000-0001-7000-8000-000000000000}","11286",1892,1,"g",1.00,1.00
"{00000000-0001-7000-8000-000000000000}","11286",1892,2,"kg",2.00,1000.00
"{00000000-0001-7000-8000-000000000000}","11287",1893,1,"g",1.00,1.00
"{00000000-0001-7000-8000-000000000000}","11287",1893,2,"kg",2.00,1000.00
"{00000000-0001-7000-8000-000000000000}","11288",1894,1,"g",1.00,1.00
"{00000000-0001-7000-8000-000000000000}","11288",1894,2,"kg",2.00,1000.00
"{00000000-0001-7000-8000-000000000000}","11289",1895,1,"g",1.00,1.00
"{00000000-0001-7000-8000-000000000000}","11289",1895,2,"kg",2.00,1000.00
"{00000000-0001-7000-8000-000000000000}","11290",1896,1,"g",1.00,1.00
"{00000000-0001-7000-8000-000000000000}","11290",1896,2,"kg",2.00,1000.00
"{00000000-0001-7000-8000-000000000000}","11291",1897,1,"g",1.00,1.00
"{00000000-0001-7000-8000-000000000000}","11291",1897,2,"kg",2.00,1000.00
"{00000000-0001-7000-8000-000000000000}","11292",1898,1,"g",1.00,1.00
"{00000000-0001-7000-8000-000000000000}","11292",1898,2,"kg",2.00,1000.00
"{00000000-0001-7000-8000-000000000000}","11293",1899,1,"g",1.00,1.00
"{00000000-0001-7000-8000-000000000000}","11293",1899,2,"kg",2.00,1000.00
"{00000000-0001-7000-8000-000000000000}","11294",1900,1,"g",1.00,1.00
"{00000000-0001-7000-8000-000000000000}","11294",1900,2,"kg",2.00,1000.00
"{00000000-0001-7000-8000-000000000000}","11295",1901,1,"g",1.00,1.00
"{00000000-0001-7000-8000-000000000000}","11295",1901,2,"kg",2.00,1000.00
"{00000000-0001-7000-8000-000000000000}","11296",1902,1,"g",1.00,1.00
"{00000000-0001-7000-8000-000000000000}","11296",1902,2,"kg",2.00,1000.00
"{00000000-0001-7000-8000-000000000000}","11297",1903,1,"g",1.00,1.00
"{00000000-0001-7000-8000-000000000000}","11297",1903,2,"kg",2.00,1000.00
"{00000000-0001-7000-8000-000000000000}","11298",1904,1,"g",1.00,1.00
"{00000000-0001-7000-8000-000000000000}","11298",1904,2,"kg",2.00,1000.00
"{00000000-0001-7000-8000-000000000000}","11299",1905,1,"g",1.00,1.00
"{00000000-0001-7000-8000-000000000000}","11299",1905,2,"kg",2.00,1000.00
"{00000000-0001-7000-8000-000000000000}","11300",1906,1,"g",1.00,1.00
"{00000000-0001-7000-8000-000000000000}","11300",1906,2,"kg",2.00,1000.00
"{00000000-0001-7000-8000-000000000000}","11301",1907,1,"g",1.00,1.00
"{00000000-0001-7000-8000-000000000000}","11301",1907,2,"kg",2.00,1000.00
"{00000000-0001-7000-8000-000000000000}","11302",1908,1,"g",1.00,1.00
"{00000000-0001-7000-8000-000000000000}","11302",1908,2,"kg",2.00,1000.00
"{00000000-0001-7000-8000-000000000000}","11303",1909,1,"g",1.00,1.00
"{00000000-0001-7000-8000-000000000000}","11303",1909,2,"kg",2.00,1000.00
"{00000000-0001-7000-8000-000000000000}","11304",1910,1,"g",1.00,1.00
"{00000000-0001-7000-8000-000000000000}","11304",1910,2,"kg",2.00,1000.00
"{00000000-0001-7000-8000-000000000000}","11305",1911,1,"g",1.00,1.00
"{00000000-0001-7000-8000-000000000000}","11305",1911,2,"kg",2.00,1000.00
"{00000000-0001-7000-8000-000000000000}","11306",1912,1,"g",1.00,1.00
"{00000000-0001-7000-8000-000000000000}","11306",1912,2,"kg",2.00,1000.00
"{00000000-0001-7000-8000-000000000000}","11307",1913,1,"g",1.00,1.00
"{00000000-0001-7000-8000-000000000000}","11307",1913,2,"kg",2.00,1000.00
"{00000000-0001-7000-8000-000000000000}","11308",1914,1,"g",1.00,1.00
"{00000000-0001-7000-8000-000000000000}","11308",1914,2,"kg",2.00,1000.00
"{00000000-0001-7000-8000-000000000000}","11309",1915,1,"g",1.00,1.00
"{00000000-0001-7000-8000-000000000000}","11309",1915,2,"kg",2.00,1000.00
"{00000000-0001-7000-8000-000000000000}","11310",1916,1,"g",1.00,1.00
"{00000000-0001-7000-8000-000000000000}","11310",1916,2,"kg",2.00,1000.00
"{00000000-0001-7000-8000-000000000000}","12001",1917,1,"g",1.00,1.00
"{00000000-0001-7000-8000-000000000000}","12001",1917,2,"kg",2.00,1000.00
"{00000000-0001-7000-8000-000000000000}","12002",1918,1,"g",1.00,1.00
"{00000000-0001-7000-8000-000000000000}","12002",1918,2,"kg",2.00,1000.00
"{00000000-0001-7000-8000-000000000000}","12003",1919,1,"g",1.00,1.00
"{00000000-0001-7000-8000-000000000000}","12003",1919,2,"kg",2.00,1000.00
"{00000000-0001-7000-8000-000000000000}","12004",1920,1,"g",1.00,1.00
"{00000000-0001-7000-8000-000000000000}","12004",1920,2,"kg",2.00,1000.00
"{00000000-0001-7000-8000-000000000000}","12005",1921,1,"g",1.00,1.00
"{00000000-0001-7000-8000-000000000000}","12005",1921,2,"kg",2.00,1000.00
"{00000000-0001-7000-8000-000000000000}","12006",1922,1,"g",1.00,1.00
"{00000000-0001-7000-8000-000000000000}","12006",1922,2,"kg",2.00,1000.00
"{00000000-0001-7000-8000-000000000000}","12007",1923,1,"g",1.00,1.00
"{00000000-0001-7000-8000-000000000000}","12007",1923,2,"kg",2.00,1000.00
"{00000000-0001-7000-8000-000000000000}","12008",1924,1,"g",1.00,1.00
"{00000000-0001-7000-8000-000000000000}","12008",1924,2,"kg",2.00,1000.00
"{00000000-0001-7000-8000-000000000000}","12009",1925,1,"g",1.00,1.00
"{00000000-0001-7000-8000-000000000000}","12009",1925,2,"kg",2.00,1000.00
"{00000000-0001-7000-8000-000000000000}","12010",1926,1,"g",1.00,1.00
"{00000000-0001-7000-8000-000000000000}","12010",1926,2,"kg",2.00,1000.00
"{00000000-0001-7000-8000-000000000000}","12011",1927,1,"g",1.00,1.00
"{00000000-0001-7000-8000-000000000000}","12011",1927,2,"kg",2.00,1000.00
"{00000000-0001-7000-8000-000000000000}","12012",1928,1,"g",1.00,1.00
"{00000000-0001-7000-8000-000000000000}","12012",1928,2,"kg",2.00,1000.00
"{00000000-0001-7000-8000-000000000000}","12013",1929,1,"g",1.00,1.00
"{00000000-0001-7000-8000-000000000000}","12013",1929,2,"kg",2.00,1000.00
"{00000000-0001-7000-8000-000000000000}","12014",1930,1,"g",1.00,1.00
"{00000000-0001-7000-8000-000000000000}","12014",1930,2,"kg",2.00,1000.00
"{00000000-0001-7000-8000-000000000000}","12015",1931,1,"g",1.00,1.00
"{00000000-0001-7000-8000-000000000000}","12015",1931,2,"kg",2.00,1000.00
"{00000000-0001-7000-8000-000000000000}","12016",1932,1,"g",1.00,1.00
"{00000000-0001-7000-8000-000000000000}","12016",1932,2,"kg",2.00,1000.00
"{00000000-0001-7000-8000-000000000000}","12017",1933,1,"g",1.00,1.00
"{00000000-0001-7000-8000-000000000000}","12017",1933,2,"kg",2.00,1000.00
"{00000000-0001-7000-8000-000000000000}","12018",1934,1,"g",1.00,1.00
"{00000000-0001-7000-8000-000000000000}","12018",1934,2,"kg",2.00,1000.00
"{00000000-0001-7000-8000-000000000000}","12019",1935,1,"g",1.00,1.00
"{00000000-0001-7000-8000-000000000000}","12019",1935,2,"kg",2.00,1000.00
"{00000000-0001-7000-8000-000000000000}","12020",1936,1,"g",1.00,1.00
"{00000000-0001-7000-8000-000000000000}","12020",1936,2,"kg",2.00,1000.00
"{00000000-0001-7000-8000-000000000000}","12021",1937,1,"g",1.00,1.00
"{00000000-0001-7000-8000-000000000000}","12021",1937,2,"kg",2.00,1000.00
"{00000000-0001-7000-8000-000000000000}","12022",1938,1,"g",1.00,1.00
"{00000000-0001-7000-8000-000000000000}","12022",1938,2,"kg",2.00,1000.00
"{00000000-0001-7000-8000-000000000000}","12023",1939,1,"g",1.00,1.00
"{00000000-0001-7000-8000-000000000000}","12023",1939,2,"kg",2.00,1000.00
"{00000000-0001-7000-8000-000000000000}","13001",1940,1,"g",1.00,1.00
"{00000000-0001-7000-8000-000000000000}","13001",1940,2,"kg",2.00,1000.00
"{00000000-0001-7000-8000-000000000000}","13002",1941,1,"g",1.00,1.00
"{00000000-0001-7000-8000-000000000000}","13002",1941,2,"kg",2.00,1000.00
"{00000000-0001-7000-8000-000000000000}","13003",1942,1,"g",1.00,1.00
"{00000000-0001-7000-8000-000000000000}","13003",1942,2,"kg",2.00,1000.00
"{00000000-0001-7000-8000-000000000000}","13004",1943,1,"g",1.00,1.00
"{00000000-0001-7000-8000-000000000000}","13004",1943,2,"kg",2.00,1000.00
"{00000000-0001-7000-8000-000000000000}","13005",1944,1,"g",1.00,1.00
"{00000000-0001-7000-8000-000000000000}","13005",1944,2,"kg",2.00,1000.00
"{00000000-0001-7000-8000-000000000000}","13006",1945,1,"g",1.00,1.00
"{00000000-0001-7000-8000-000000000000}","13006",1945,2,"kg",2.00,1000.00
"{00000000-0001-7000-8000-000000000000}","13007",1946,1,"g",1.00,1.00
"{00000000-0001-7000-8000-000000000000}","13007",1946,2,"kg",2.00,1000.00
"{00000000-0001-7000-8000-000000000000}","13008",1947,1,"g",1.00,1.00
"{00000000-0001-7000-8000-000000000000}","13008",1947,2,"kg",2.00,1000.00
"{00000000-0001-7000-8000-000000000000}","13009",1948,1,"g",1.00,1.00
"{00000000-0001-7000-8000-000000000000}","13009",1948,2,"kg",2.00,1000.00
"{00000000-0001-7000-8000-000000000000}","13010",1949,1,"g",1.00,1.00
"{00000000-0001-7000-8000-000000000000}","13010",1949,2,"kg",2.00,1000.00
"{00000000-0001-7000-8000-000000000000}","13011",1950,1,"g",1.00,1.00
"{00000000-0001-7000-8000-000000000000}","13011",1950,2,"kg",2.00,1000.00
"{00000000-0001-7000-8000-000000000000}","13012",1951,1,"g",1.00,1.00
"{00000000-0001-7000-8000-000000000000}","13012",1951,2,"kg",2.00,1000.00
"{00000000-0001-7000-8000-000000000000}","13013",1952,1,"g",1.00,1.00
"{00000000-0001-7000-8000-000000000000}","13013",1952,2,"kg",2.00,1000.00
"{00000000-0001-7000-8000-000000000000}","13014",1953,1,"g",1.00,1.00
"{00000000-0001-7000-8000-000000000000}","13014",1953,2,"kg",2.00,1000.00
"{00000000-0001-7000-8000-000000000000}","13015",1954,1,"g",1.00,1.00
"{00000000-0001-7000-8000-000000000000}","13015",1954,2,"kg",2.00,1000.00
"{00000000-0001-7000-8000-000000000000}","13016",1955,1,"g",1.00,1.00
"{00000000-0001-7000-8000-000000000000}","13016",1955,2,"kg",2.00,1000.00
"{00000000-0001-7000-8000-000000000000}","13017",1956,1,"g",1.00,1.00
"{00000000-0001-7000-8000-000000000000}","13017",1956,2,"kg",2.00,1000.00
"{00000000-0001-7000-8000-000000000000}","13018",1957,1,"g",1.00,1.00
"{00000000-0001-7000-8000-000000000000}","13018",1957,2,"kg",2.00,1000.00
"{00000000-0001-7000-8000-000000000000}","13019",1958,1,"g",1.00,1.00
"{00000000-0001-7000-8000-000000000000}","13019",1958,2,"kg",2.00,1000.00
"{00000000-0001-7000-8000-000000000000}","13020",1959,1,"g",1.00,1.00
"{00000000-0001-7000-8000-000000000000}","13020",1959,2,"kg",2.00,1000.00
"{00000000-0001-7000-8000-000000000000}","13021",1960,1,"g",1.00,1.00
"{00000000-0001-7000-8000-000000000000}","13021",1960,2,"kg",2.00,1000.00
"{00000000-0001-7000-8000-000000000000}","13022",1961,1,"g",1.00,1.00
"{00000000-0001-7000-8000-000000000000}","13022",1961,2,"kg",2.00,1000.00
"{00000000-0001-7000-8000-000000000000}","13023",1962,1,"g",1.00,1.00
"{00000000-0001-7000-8000-000000000000}","13023",1962,2,"kg",2.00,1000.00
"{00000000-0001-7000-8000-000000000000}","13024",1963,1,"g",1.00,1.00
"{00000000-0001-7000-8000-000000000000}","13024",1963,2,"kg",2.00,1000.00
"{00000000-0001-7000-8000-000000000000}","13025",1964,1,"g",1.00,1.00
"{00000000-0001-7000-8000-000000000000}","13025",1964,2,"kg",2.00,1000.00
"{00000000-0001-7000-8000-000000000000}","13026",1965,1,"g",1.00,1.00
"{00000000-0001-7000-8000-000000000000}","13026",1965,2,"kg",2.00,1000.00
"{00000000-0001-7000-8000-000000000000}","13027",1966,1,"g",1.00,1.00
"{00000000-0001-7000-8000-000000000000}","13027",1966,2,"kg",2.00,1000.00
"{00000000-0001-7000-8000-000000000000}","13028",1967,1,"g",1.00,1.00
"{00000000-0001-7000-8000-000000000000}","13028",1967,2,"kg",2.00,1000.00
"{00000000-0001-7000-8000-000000000000}","13029",1968,1,"g",1.00,1.00
"{00000000-0001-7000-8000-000000000000}","13029",1968,2,"kg",2.00,1000.00
"{00000000-0001-7000-8000-000000000000}","13030",1969,1,"g",1.00,1.00
"{00000000-0001-7000-8000-000000000000}","13030",1969,2,"kg",2.00,1000.00
"{00000000-0001-7000-8000-000000000000}","13031",1970,1,"g",1.00,1.00
"{00000000-0001-7000-8000-000000000000}","13031",1970,2,"kg",2.00,1000.00
"{00000000-0001-7000-8000-000000000000}","13032",1971,1,"g",1.00,1.00
"{00000000-0001-7000-8000-000000000000}","13032",1971,2,"kg",2.00,1000.00
"{00000000-0001-7000-8000-000000000000}","13033",1972,1,"g",1.00,1.00
"{00000000-0001-7000-8000-000000000000}","13033",1972,2,"kg",2.00,1000.00
"{00000000-0001-7000-8000-000000000000}","13034",1973,1,"g",1.00,1.00
"{00000000-0001-7000-8000-000000000000}","13034",1973,2,"kg",2.00,1000.00
"{00000000-0001-7000-8000-000000000000}","13035",1974,1,"g",1.00,1.00
"{00000000-0001-7000-8000-000000000000}","13035",1974,2,"kg",2.00,1000.00
"{00000000-0001-7000-8000-000000000000}","13036",1975,1,"g",1.00,1.00
"{00000000-0001-7000-8000-000000000000}","13036",1975,2,"kg",2.00,1000.00
"{00000000-0001-7000-8000-000000000000}","13037",1976,1,"g",1.00,1.00
"{00000000-0001-7000-8000-000000000000}","13037",1976,2,"kg",2.00,1000.00
"{00000000-0001-7000-8000-000000000000}","13038",1977,1,"g",1.00,1.00
"{00000000-0001-7000-8000-000000000000}","13038",1977,2,"kg",2.00,1000.00
"{00000000-0001-7000-8000-000000000000}","13039",1978,1,"g",1.00,1.00
"{00000000-0001-7000-8000-000000000000}","13039",1978,2,"kg",2.00,1000.00
"{00000000-0001-7000-8000-000000000000}","13040",1979,1,"g",1.00,1.00
"{00000000-0001-7000-8000-000000000000}","13040",1979,2,"kg",2.00,1000.00
"{00000000-0001-7000-8000-000000000000}","13041",1980,1,"g",1.00,1.00
"{00000000-0001-7000-8000-000000000000}","13041",1980,2,"kg",2.00,1000.00
"{00000000-0001-7000-8000-000000000000}","13042",1981,1,"g",1.00,1.00
"{00000000-0001-7000-8000-000000000000}","13042",1981,2,"kg",2.00,1000.00
"{00000000-0001-7000-8000-000000000000}","13043",1982,1,"g",1.00,1.00
"{00000000-0001-7000-8000-000000000000}","13043",1982,2,"kg",2.00,1000.00
"{00000000-0001-7000-8000-000000000000}","13044",1983,1,"g",1.00,1.00
"{00000000-0001-7000-8000-000000000000}","13044",1983,2,"kg",2.00,1000.00
"{00000000-0001-7000-8000-000000000000}","13045",1984,1,"g",1.00,1.00
"{00000000-0001-7000-8000-000000000000}","13045",1984,2,"kg",2.00,1000.00
"{00000000-0001-7000-8000-000000000000}","13046",1985,1,"g",1.00,1.00
"{00000000-0001-7000-8000-000000000000}","13046",1985,2,"kg",2.00,1000.00
"{00000000-0001-7000-8000-000000000000}","13047",1986,1,"g",1.00,1.00
"{00000000-0001-7000-8000-000000000000}","13047",1986,2,"kg",2.00,1000.00
"{00000000-0001-7000-8000-000000000000}","13048",1987,1,"g",1.00,1.00
"{00000000-0001-7000-8000-000000000000}","13048",1987,2,"kg",2.00,1000.00
"{00000000-0001-7000-8000-000000000000}","13049",1988,1,"g",1.00,1.00
"{00000000-0001-7000-8000-000000000000}","13049",1988,2,"kg",2.00,1000.00
"{00000000-0001-7000-8000-000000000000}","13050",1989,1,"g",1.00,1.00
"{00000000-0001-7000-8000-000000000000}","13050",1989,2,"kg",2.00,1000.00
"{00000000-0001-7000-8000-000000000000}","13051",1990,1,"g",1.00,1.00
"{00000000-0001-7000-8000-000000000000}","13051",1990,2,"kg",2.00,1000.00
"{00000000-0001-7000-8000-000000000000}","13052",1991,1,"g",1.00,1.00
"{00000000-0001-7000-8000-000000000000}","13052",1991,2,"kg",2.00,1000.00
"{00000000-0001-7000-8000-000000000000}","13053",1992,1,"g",1.00,1.00
"{00000000-0001-7000-8000-000000000000}","13053",1992,2,"kg",2.00,1000.00
"{00000000-0001-7000-8000-000000000000}","13054",1993,1,"g",1.00,1.00
"{00000000-0001-7000-8000-000000000000}","13054",1993,2,"kg",2.00,1000.00
"{00000000-0001-7000-8000-000000000000}","13055",1994,1,"g",1.00,1.00
"{00000000-0001-7000-8000-000000000000}","13055",1994,2,"kg",2.00,1000.00
"{00000000-0001-7000-8000-000000000000}","13056",1995,1,"g",1.00,1.00
"{00000000-0001-7000-8000-000000000000}","13056",1995,2,"kg",2.00,1000.00
"{00000000-0001-7000-8000-000000000000}","13057",1996,1,"g",1.00,1.00
"{00000000-0001-7000-8000-000000000000}","13057",1996,2,"kg",2.00,1000.00
"{00000000-0001-7000-8000-000000000000}","13058",1997,1,"g",1.00,1.00
"{00000000-0001-7000-8000-000000000000}","13058",1997,2,"kg",2.00,1000.00
"{00000000-0001-7000-8000-000000000000}","13059",1998,1,"g",1.00,1.00
"{00000000-0001-7000-8000-000000000000}","13059",1998,2,"kg",2.00,1000.00
"{00000000-0001-7000-8000-000000000000}","14001",1999,1,"g",1.00,1.00
"{00000000-0001-7000-8000-000000000000}","14001",1999,2,"kg",2.00,1000.00
"{00000000-0001-7000-8000-000000000000}","14002",2000,1,"g",1.00,1.00
"{00000000-0001-7000-8000-000000000000}","14002",2000,2,"kg",2.00,1000.00
"{00000000-0001-7000-8000-000000000000}","14003",2001,1,"g",1.00,1.00
"{00000000-0001-7000-8000-000000000000}","14003",2001,2,"kg",2.00,1000.00
"{00000000-0001-7000-8000-000000000000}","14004",2002,1,"g",1.00,1.00
"{00000000-0001-7000-8000-000000000000}","14004",2002,2,"kg",2.00,1000.00
"{00000000-0001-7000-8000-000000000000}","14005",2003,1,"g",1.00,1.00
"{00000000-0001-7000-8000-000000000000}","14005",2003,2,"kg",2.00,1000.00
"{00000000-0001-7000-8000-000000000000}","14006",2004,1,"g",1.00,1.00
"{00000000-0001-7000-8000-000000000000}","14006",2004,2,"kg",2.00,1000.00
"{00000000-0001-7000-8000-000000000000}","14007",2005,1,"g",1.00,1.00
"{00000000-0001-7000-8000-000000000000}","14007",2005,2,"kg",2.00,1000.00
"{00000000-0001-7000-8000-000000000000}","14008",2006,1,"g",1.00,1.00
"{00000000-0001-7000-8000-000000000000}","14008",2006,2,"kg",2.00,1000.00
"{00000000-0001-7000-8000-000000000000}","14009",2007,1,"g",1.00,1.00
"{00000000-0001-7000-8000-000000000000}","14009",2007,2,"kg",2.00,1000.00
"{00000000-0001-7000-8000-000000000000}","14010",2008,1,"g",1.00,1.00
"{00000000-0001-7000-8000-000000000000}","14010",2008,2,"kg",2.00,1000.00
"{00000000-0001-7000-8000-000000000000}","14011",2009,1,"g",1.00,1.00
"{00000000-0001-7000-8000-000000000000}","14011",2009,2,"kg",2.00,1000.00
"{00000000-0001-7000-8000-000000000000}","14012",2010,1,"g",1.00,1.00
"{00000000-0001-7000-8000-000000000000}","14012",2010,2,"kg",2.00,1000.00
"{00000000-0001-7000-8000-000000000000}","14013",2011,1,"g",1.00,1.00
"{00000000-0001-7000-8000-000000000000}","14013",2011,2,"kg",2.00,1000.00
"{00000000-0001-7000-8000-000000000000}","14014",2012,1,"g",1.00,1.00
"{00000000-0001-7000-8000-000000000000}","14014",2012,2,"kg",2.00,1000.00
"{00000000-0001-7000-8000-000000000000}","14015",2013,1,"g",1.00,1.00
"{00000000-0001-7000-8000-000000000000}","14015",2013,2,"kg",2.00,1000.00
"{00000000-0001-7000-8000-000000000000}","14016",2014,1,"g",1.00,1.00
"{00000000-0001-7000-8000-000000000000}","14016",2014,2,"kg",2.00,1000.00
"{00000000-0001-7000-8000-000000000000}","14017",2015,1,"g",1.00,1.00
"{00000000-0001-7000-8000-000000000000}","14017",2015,2,"kg",2.00,1000.00
"{00000000-0001-7000-8000-000000000000}","14018",2016,1,"g",1.00,1.00
"{00000000-0001-7000-8000-000000000000}","14018",2016,2,"kg",2.00,1000.00
"{00000000-0001-7000-8000-000000000000}","14019",2017,1,"g",1.00,1.00
"{00000000-0001-7000-8000-000000000000}","14019",2017,2,"kg",2.00,1000.00
"{00000000-0001-7000-8000-000000000000}","14020",2018,1,"g",1.00,1.00
"{00000000-0001-7000-8000-000000000000}","14020",2018,2,"kg",2.00,1000.00
"{00000000-0001-7000-8000-000000000000}","14021",2019,1,"g",1.00,1.00
"{00000000-0001-7000-8000-000000000000}","14021",2019,2,"kg",2.00,1000.00
"{00000000-0001-7000-8000-000000000000}","14022",2020,1,"g",1.00,1.00
"{00000000-0001-7000-8000-000000000000}","14022",2020,2,"kg",2.00,1000.00
"{00000000-0001-7000-8000-000000000000}","14023",2021,1,"g",1.00,1.00
"{00000000-0001-7000-8000-000000000000}","14023",2021,2,"kg",2.00,1000.00
"{00000000-0001-7000-8000-000000000000}","14024",2022,1,"g",1.00,1.00
"{00000000-0001-7000-8000-000000000000}","14024",2022,2,"kg",2.00,1000.00
"{00000000-0001-7000-8000-000000000000}","14025",2023,1,"g",1.00,1.00
"{00000000-0001-7000-8000-000000000000}","14025",2023,2,"kg",2.00,1000.00
"{00000000-0001-7000-8000-000000000000}","14026",2024,1,"g",1.00,1.00
"{00000000-0001-7000-8000-000000000000}","14026",2024,2,"kg",2.00,1000.00
"{00000000-0001-7000-8000-000000000000}","14027",2025,1,"g",1.00,1.00
"{00000000-0001-7000-8000-000000000000}","14027",2025,2,"kg",2.00,1000.00
"{00000000-0001-7000-8000-000000000000}","14028",2026,1,"g",1.00,1.00
"{00000000-0001-7000-8000-000000000000}","14028",2026,2,"kg",2.00,1000.00
"{00000000-0001-7000-8000-000000000000}","14029",2027,1,"g",1.00,1.00
"{00000000-0001-7000-8000-000000000000}","14029",2027,2,"kg",2.00,1000.00
"{00000000-0001-7000-8000-000000000000}","14030",2028,1,"g",1.00,1.00
"{00000000-0001-7000-8000-000000000000}","14030",2028,2,"kg",2.00,1000.00
"{00000000-0001-7000-8000-000000000000}","14031",2029,1,"g",1.00,1.00
"{00000000-0001-7000-8000-000000000000}","14031",2029,2,"kg",2.00,1000.00
"{00000000-0001-7000-8000-000000000000}","14032",2030,1,"g",1.00,1.00
"{00000000-0001-7000-8000-000000000000}","14032",2030,2,"kg",2.00,1000.00
"{00000000-0001-7000-8000-000000000000}","14033",2031,1,"g",1.00,1.00
"{00000000-0001-7000-8000-000000000000}","14033",2031,2,"kg",2.00,1000.00
"{00000000-0001-7000-8000-000000000000}","14034",2032,1,"g",1.00,1.00
"{00000000-0001-7000-8000-000000000000}","14034",2032,2,"kg",2.00,1000.00
"{00000000-0001-7000-8000-000000000000}","15001",2033,1,"g",1.00,1.00
"{00000000-0001-7000-8000-000000000000}","15001",2033,2,"kg",2.00,1000.00
"{00000000-0001-7000-8000-000000000000}","15002",2034,1,"g",1.00,1.00
"{00000000-0001-7000-8000-000000000000}","15002",2034,2,"kg",2.00,1000.00
"{00000000-0001-7000-8000-000000000000}","15003",2035,1,"g",1.00,1.00
"{00000000-0001-7000-8000-000000000000}","15003",2035,2,"kg",2.00,1000.00
"{00000000-0001-7000-8000-000000000000}","15004",2036,1,"g",1.00,1.00
"{00000000-0001-7000-8000-000000000000}","15004",2036,2,"kg",2.00,1000.00
"{00000000-0001-7000-8000-000000000000}","15005",2037,1,"g",1.00,1.00
"{00000000-0001-7000-8000-000000000000}","15005",2037,2,"kg",2.00,1000.00
"{00000000-0001-7000-8000-000000000000}","15006",2038,1,"g",1.00,1.00
"{00000000-0001-7000-8000-000000000000}","15006",2038,2,"kg",2.00,1000.00
"{00000000-0001-7000-8000-000000000000}","15007",2039,1,"g",1.00,1.00
"{00000000-0001-7000-8000-000000000000}","15007",2039,2,"kg",2.00,1000.00
"{00000000-0001-7000-8000-000000000000}","15008",2040,1,"g",1.00,1.00
"{00000000-0001-7000-8000-000000000000}","15008",2040,2,"kg",2.00,1000.00
"{00000000-0001-7000-8000-000000000000}","15009",2041,1,"g",1.00,1.00
"{00000000-0001-7000-8000-000000000000}","15009",2041,2,"kg",2.00,1000.00
"{00000000-0001-7000-8000-000000000000}","15010",2042,1,"g",1.00,1.00
"{00000000-0001-7000-8000-000000000000}","15010",2042,2,"kg",2.00,1000.00
"{00000000-0001-7000-8000-000000000000}","15011",2043,1,"g",1.00,1.00
"{00000000-0001-7000-8000-000000000000}","15011",2043,2,"kg",2.00,1000.00
"{00000000-0001-7000-8000-000000000000}","15012",2044,1,"g",1.00,1.00
"{00000000-0001-7000-8000-000000000000}","15012",2044,2,"kg",2.00,1000.00
"{00000000-0001-7000-8000-000000000000}","15013",2045,1,"g",1.00,1.00
"{00000000-0001-7000-8000-000000000000}","15013",2045,2,"kg",2.00,1000.00
"{00000000-0001-7000-8000-000000000000}","15014",2046,1,"g",1.00,1.00
"{00000000-0001-7000-8000-000000000000}","15014",2046,2,"kg",2.00,1000.00
"{00000000-0001-7000-8000-000000000000}","15015",2047,1,"g",1.00,1.00
"{00000000-0001-7000-8000-000000000000}","15015",2047,2,"kg",2.00,1000.00
"{00000000-0001-7000-8000-000000000000}","15016",2048,1,"g",1.00,1.00
"{00000000-0001-7000-8000-000000000000}","15016",2048,2,"kg",2.00,1000.00
"{00000000-0001-7000-8000-000000000000}","15017",2049,1,"g",1.00,1.00
"{00000000-0001-7000-8000-000000000000}","15017",2049,2,"kg",2.00,1000.00
"{00000000-0001-7000-8000-000000000000}","15018",2050,1,"g",1.00,1.00
"{00000000-0001-7000-8000-000000000000}","15018",2050,2,"kg",2.00,1000.00
"{00000000-0001-7000-8000-000000000000}","15019",2051,1,"g",1.00,1.00
"{00000000-0001-7000-8000-000000000000}","15019",2051,2,"kg",2.00,1000.00
"{00000000-0001-7000-8000-000000000000}","15020",2052,1,"g",1.00,1.00
"{00000000-0001-7000-8000-000000000000}","15020",2052,2,"kg",2.00,1000.00
"{00000000-0001-7000-8000-000000000000}","15021",2053,1,"g",1.00,1.00
"{00000000-0001-7000-8000-000000000000}","15021",2053,2,"kg",2.00,1000.00
"{00000000-0001-7000-8000-000000000000}","15022",2054,1,"g",1.00,1.00
"{00000000-0001-7000-8000-000000000000}","15022",2054,2,"kg",2.00,1000.00
"{00000000-0001-7000-8000-000000000000}","15023",2055,1,"g",1.00,1.00
"{00000000-0001-7000-8000-000000000000}","15023",2055,2,"kg",2.00,1000.00
"{00000000-0001-7000-8000-000000000000}","15024",2056,1,"g",1.00,1.00
"{00000000-0001-7000-8000-000000000000}","15024",2056,2,"kg",2.00,1000.00
"{00000000-0001-7000-8000-000000000000}","15025",2057,1,"g",1.00,1.00
"{00000000-0001-7000-8000-000000000000}","15025",2057,2,"kg",2.00,1000.00
"{00000000-0001-7000-8000-000000000000}","15026",2058,1,"g",1.00,1.00
"{00000000-0001-7000-8000-000000000000}","15026",2058,2,"kg",2.00,1000.00
"{00000000-0001-7000-8000-000000000000}","15027",2059,1,"g",1.00,1.00
"{00000000-0001-7000-8000-000000000000}","15027",2059,2,"kg",2.00,1000.00
"{00000000-0001-7000-8000-000000000000}","15028",2060,1,"g",1.00,1.00
"{00000000-0001-7000-8000-000000000000}","15028",2060,2,"kg",2.00,1000.00
"{00000000-0001-7000-8000-000000000000}","15029",2061,1,"g",1.00,1.00
"{00000000-0001-7000-8000-000000000000}","15029",2061,2,"kg",2.00,1000.00
"{00000000-0001-7000-8000-000000000000}","15030",2062,1,"g",1.00,1.00
"{00000000-0001-7000-8000-000000000000}","15030",2062,2,"kg",2.00,1000.00
"{00000000-0001-7000-8000-000000000000}","15031",2063,1,"g",1.00,1.00
"{00000000-0001-7000-8000-000000000000}","15031",2063,2,"kg",2.00,1000.00
"{00000000-0001-7000-8000-000000000000}","15032",2064,1,"g",1.00,1.00
"{00000000-0001-7000-8000-000000000000}","15032",2064,2,"kg",2.00,1000.00
"{00000000-0001-7000-8000-000000000000}","15033",2065,1,"g",1.00,1.00
"{00000000-0001-7000-8000-000000000000}","15033",2065,2,"kg",2.00,1000.00
"{00000000-0001-7000-8000-000000000000}","15034",2066,1,"g",1.00,1.00
"{00000000-0001-7000-8000-000000000000}","15034",2066,2,"kg",2.00,1000.00
"{00000000-0001-7000-8000-000000000000}","15035",2067,1,"g",1.00,1.00
"{00000000-0001-7000-8000-000000000000}","15035",2067,2,"kg",2.00,1000.00
"{00000000-0001-7000-8000-000000000000}","15036",2068,1,"g",1.00,1.00
"{00000000-0001-7000-8000-000000000000}","15036",2068,2,"kg",2.00,1000.00
"{00000000-0001-7000-8000-000000000000}","15037",2069,1,"g",1.00,1.00
"{00000000-0001-7000-8000-000000000000}","15037",2069,2,"kg",2.00,1000.00
"{00000000-0001-7000-8000-000000000000}","15038",2070,1,"g",1.00,1.00
"{00000000-0001-7000-8000-000000000000}","15038",2070,2,"kg",2.00,1000.00
"{00000000-0001-7000-8000-000000000000}","15039",2071,1,"g",1.00,1.00
"{00000000-0001-7000-8000-000000000000}","15039",2071,2,"kg",2.00,1000.00
"{00000000-0001-7000-8000-000000000000}","15040",2072,1,"g",1.00,1.00
"{00000000-0001-7000-8000-000000000000}","15040",2072,2,"kg",2.00,1000.00
"{00000000-0001-7000-8000-000000000000}","15041",2073,1,"g",1.00,1.00
"{00000000-0001-7000-8000-000000000000}","15041",2073,2,"kg",2.00,1000.00
"{00000000-0001-7000-8000-000000000000}","15042",2074,1,"g",1.00,1.00
"{00000000-0001-7000-8000-000000000000}","15042",2074,2,"kg",2.00,1000.00
"{00000000-0001-7000-8000-000000000000}","15043",2075,1,"g",1.00,1.00
"{00000000-0001-7000-8000-000000000000}","15043",2075,2,"kg",2.00,1000.00
"{00000000-0001-7000-8000-000000000000}","15044",2076,1,"g",1.00,1.00
"{00000000-0001-7000-8000-000000000000}","15044",2076,2,"kg",2.00,1000.00
"{00000000-0001-7000-8000-000000000000}","15045",2077,1,"g",1.00,1.00
"{00000000-0001-7000-8000-000000000000}","15045",2077,2,"kg",2.00,1000.00
"{00000000-0001-7000-8000-000000000000}","15046",2078,1,"g",1.00,1.00
"{00000000-0001-7000-8000-000000000000}","15046",2078,2,"kg",2.00,1000.00
"{00000000-0001-7000-8000-000000000000}","15047",2079,1,"g",1.00,1.00
"{00000000-0001-7000-8000-000000000000}","15047",2079,2,"kg",2.00,1000.00
"{00000000-0001-7000-8000-000000000000}","15048",2080,1,"g",1.00,1.00
"{00000000-0001-7000-8000-000000000000}","15048",2080,2,"kg",2.00,1000.00
"{00000000-0001-7000-8000-000000000000}","15049",2081,1,"g",1.00,1.00
"{00000000-0001-7000-8000-000000000000}","15049",2081,2,"kg",2.00,1000.00
"{00000000-0001-7000-8000-000000000000}","15050",2082,1,"g",1.00,1.00
"{00000000-0001-7000-8000-000000000000}","15050",2082,2,"kg",2.00,1000.00
"{00000000-0001-7000-8000-000000000000}","15051",2083,1,"g",1.00,1.00
"{00000000-0001-7000-8000-000000000000}","15051",2083,2,"kg",2.00,1000.00
"{00000000-0001-7000-8000-000000000000}","15052",2084,1,"g",1.00,1.00
"{00000000-0001-7000-8000-000000000000}","15052",2084,2,"kg",2.00,1000.00
"{00000000-0001-7000-8000-000000000000}","15053",2085,1,"g",1.00,1.00
"{00000000-0001-7000-8000-000000000000}","15053",2085,2,"kg",2.00,1000.00
"{00000000-0001-7000-8000-000000000000}","15054",2086,1,"g",1.00,1.00
"{00000000-0001-7000-8000-000000000000}","15054",2086,2,"kg",2.00,1000.00
"{00000000-0001-7000-8000-000000000000}","15055",2087,1,"g",1.00,1.00
"{00000000-0001-7000-8000-000000000000}","15055",2087,2,"kg",2.00,1000.00
"{00000000-0001-7000-8000-000000000000}","15056",2088,1,"g",1.00,1.00
"{00000000-0001-7000-8000-000000000000}","15056",2088,2,"kg",2.00,1000.00
"{00000000-0001-7000-8000-000000000000}","15057",2089,1,"g",1.00,1.00
"{00000000-0001-7000-8000-000000000000}","15057",2089,2,"kg",2.00,1000.00
"{00000000-0001-7000-8000-000000000000}","15058",2090,1,"g",1.00,1.00
"{00000000-0001-7000-8000-000000000000}","15058",2090,2,"kg",2.00,1000.00
"{00000000-0001-7000-8000-000000000000}","15059",2091,1,"g",1.00,1.00
"{00000000-0001-7000-8000-000000000000}","15059",2091,2,"kg",2.00,1000.00
"{00000000-0001-7000-8000-000000000000}","15060",2092,1,"g",1.00,1.00
"{00000000-0001-7000-8000-000000000000}","15060",2092,2,"kg",2.00,1000.00
"{00000000-0001-7000-8000-000000000000}","15061",2093,1,"g",1.00,1.00
"{00000000-0001-7000-8000-000000000000}","15061",2093,2,"kg",2.00,1000.00
"{00000000-0001-7000-8000-000000000000}","15062",2094,1,"g",1.00,1.00
"{00000000-0001-7000-8000-000000000000}","15062",2094,2,"kg",2.00,1000.00
"{00000000-0001-7000-8000-000000000000}","15063",2095,1,"g",1.00,1.00
"{00000000-0001-7000-8000-000000000000}","15063",2095,2,"kg",2.00,1000.00
"{00000000-0001-7000-8000-000000000000}","15064",2096,1,"g",1.00,1.00
"{00000000-0001-7000-8000-000000000000}","15064",2096,2,"kg",2.00,1000.00
"{00000000-0001-7000-8000-000000000000}","15065",2097,1,"g",1.00,1.00
"{00000000-0001-7000-8000-000000000000}","15065",2097,2,"kg",2.00,1000.00
"{00000000-0001-7000-8000-000000000000}","15066",2098,1,"g",1.00,1.00
"{00000000-0001-7000-8000-000000000000}","15066",2098,2,"kg",2.00,1000.00
"{00000000-0001-7000-8000-000000000000}","15067",2099,1,"g",1.00,1.00
"{00000000-0001-7000-8000-000000000000}","15067",2099,2,"kg",2.00,1000.00
"{00000000-0001-7000-8000-000000000000}","15068",2100,1,"g",1.00,1.00
"{00000000-0001-7000-8000-000000000000}","15068",2100,2,"kg",2.00,1000.00
"{00000000-0001-7000-8000-000000000000}","15069",2101,1,"g",1.00,1.00
"{00000000-0001-7000-8000-000000000000}","15069",2101,2,"kg",2.00,1000.00
"{00000000-0001-7000-8000-000000000000}","15070",2102,1,"g",1.00,1.00
"{00000000-0001-7000-8000-000000000000}","15070",2102,2,"kg",2.00,1000.00
"{00000000-0001-7000-8000-000000000000}","15071",2103,1,"g",1.00,1.00
"{00000000-0001-7000-8000-000000000000}","15071",2103,2,"kg",2.00,1000.00
"{00000000-0001-7000-8000-000000000000}","15072",2104,1,"g",1.00,1.00
"{00000000-0001-7000-8000-000000000000}","15072",2104,2,"kg",2.00,1000.00
"{00000000-0001-7000-8000-000000000000}","15073",2105,1,"g",1.00,1.00
"{00000000-0001-7000-8000-000000000000}","15073",2105,2,"kg",2.00,1000.00
"{00000000-0001-7000-8000-000000000000}","15074",2106,1,"g",1.00,1.00
"{00000000-0001-7000-8000-000000000000}","15074",2106,2,"kg",2.00,1000.00
"{00000000-0001-7000-8000-000000000000}","15075",2107,1,"g",1.00,1.00
"{00000000-0001-7000-8000-000000000000}","15075",2107,2,"kg",2.00,1000.00
"{00000000-0001-7000-8000-000000000000}","15076",2108,1,"g",1.00,1.00
"{00000000-0001-7000-8000-000000000000}","15076",2108,2,"kg",2.00,1000.00
"{00000000-0001-7000-8000-000000000000}","15077",2109,1,"g",1.00,1.00
"{00000000-0001-7000-8000-000000000000}","15077",2109,2,"kg",2.00,1000.00
"{00000000-0001-7000-8000-000000000000}","15078",2110,1,"g",1.00,1.00
"{00000000-0001-7000-8000-000000000000}","15078",2110,2,"kg",2.00,1000.00
"{00000000-0001-7000-8000-000000000000}","15079",2111,1,"g",1.00,1.00
"{00000000-0001-7000-8000-000000000000}","15079",2111,2,"kg",2.00,1000.00
"{00000000-0001-7000-8000-000000000000}","15080",2112,1,"g",1.00,1.00
"{00000000-0001-7000-8000-000000000000}","15080",2112,2,"kg",2.00,1000.00
"{00000000-0001-7000-8000-000000000000}","15081",2113,1,"g",1.00,1.00
"{00000000-0001-7000-8000-000000000000}","15081",2113,2,"kg",2.00,1000.00
"{00000000-0001-7000-8000-000000000000}","15082",2114,1,"g",1.00,1.00
"{00000000-0001-7000-8000-000000000000}","15082",2114,2,"kg",2.00,1000.00
"{00000000-0001-7000-8000-000000000000}","15083",2115,1,"g",1.00,1.00
"{00000000-0001-7000-8000-000000000000}","15083",2115,2,"kg",2.00,1000.00
"{00000000-0001-7000-8000-000000000000}","15084",2116,1,"g",1.00,1.00
"{00000000-0001-7000-8000-000000000000}","15084",2116,2,"kg",2.00,1000.00
"{00000000-0001-7000-8000-000000000000}","15085",2117,1,"g",1.00,1.00
"{00000000-0001-7000-8000-000000000000}","15085",2117,2,"kg",2.00,1000.00
"{00000000-0001-7000-8000-000000000000}","15086",2118,1,"g",1.00,1.00
"{00000000-0001-7000-8000-000000000000}","15086",2118,2,"kg",2.00,1000.00
"{00000000-0001-7000-8000-000000000000}","15087",2119,1,"g",1.00,1.00
"{00000000-0001-7000-8000-000000000000}","15087",2119,2,"kg",2.00,1000.00
"{00000000-0001-7000-8000-000000000000}","15088",2120,1,"g",1.00,1.00
"{00000000-0001-7000-8000-000000000000}","15088",2120,2,"kg",2.00,1000.00
"{00000000-0001-7000-8000-000000000000}","15089",2121,1,"g",1.00,1.00
"{00000000-0001-7000-8000-000000000000}","15089",2121,2,"kg",2.00,1000.00
"{00000000-0001-7000-8000-000000000000}","15090",2122,1,"g",1.00,1.00
"{00000000-0001-7000-8000-000000000000}","15090",2122,2,"kg",2.00,1000.00
"{00000000-0001-7000-8000-000000000000}","15091",2123,1,"g",1.00,1.00
"{00000000-0001-7000-8000-000000000000}","15091",2123,2,"kg",2.00,1000.00
"{00000000-0001-7000-8000-000000000000}","15092",2124,1,"g",1.00,1.00
"{00000000-0001-7000-8000-000000000000}","15092",2124,2,"kg",2.00,1000.00
"{00000000-0001-7000-8000-000000000000}","15093",2125,1,"g",1.00,1.00
"{00000000-0001-7000-8000-000000000000}","15093",2125,2,"kg",2.00,1000.00
"{00000000-0001-7000-8000-000000000000}","15094",2126,1,"g",1.00,1.00
"{00000000-0001-7000-8000-000000000000}","15094",2126,2,"kg",2.00,1000.00
"{00000000-0001-7000-8000-000000000000}","15095",2127,1,"g",1.00,1.00
"{00000000-0001-7000-8000-000000000000}","15095",2127,2,"kg",2.00,1000.00
"{00000000-0001-7000-8000-000000000000}","15096",2128,1,"g",1.00,1.00
"{00000000-0001-7000-8000-000000000000}","15096",2128,2,"kg",2.00,1000.00
"{00000000-0001-7000-8000-000000000000}","15097",2129,1,"g",1.00,1.00
"{00000000-0001-7000-8000-000000000000}","15097",2129,2,"kg",2.00,1000.00
"{00000000-0001-7000-8000-000000000000}","15098",2130,1,"g",1.00,1.00
"{00000000-0001-7000-8000-000000000000}","15098",2130,2,"kg",2.00,1000.00
"{00000000-0001-7000-8000-000000000000}","15099",2131,1,"g",1.00,1.00
"{00000000-0001-7000-8000-000000000000}","15099",2131,2,"kg",2.00,1000.00
"{00000000-0001-7000-8000-000000000000}","15100",2132,1,"g",1.00,1.00
"{00000000-0001-7000-8000-000000000000}","15100",2132,2,"kg",2.00,1000.00
"{00000000-0001-7000-8000-000000000000}","15101",2133,1,"g",1.00,1.00
"{00000000-0001-7000-8000-000000000000}","15101",2133,2,"kg",2.00,1000.00
"{00000000-0001-7000-8000-000000000000}","15102",2134,1,"g",1.00,1.00
"{00000000-0001-7000-8000-000000000000}","15102",2134,2,"kg",2.00,1000.00
"{00000000-0001-7000-8000-000000000000}","15103",2135,1,"g",1.00,1.00
"{00000000-0001-7000-8000-000000000000}","15103",2135,2,"kg",2.00,1000.00
"{00000000-0001-7000-8000-000000000000}","15104",2136,1,"g",1.00,1.00
"{00000000-0001-7000-8000-000000000000}","15104",2136,2,"kg",2.00,1000.00
"{00000000-0001-7000-8000-000000000000}","15105",2137,1,"g",1.00,1.00
"{00000000-0001-7000-8000-000000000000}","15105",2137,2,"kg",2.00,1000.00
"{00000000-0001-7000-8000-000000000000}","15106",2138,1,"g",1.00,1.00
"{00000000-0001-7000-8000-000000000000}","15106",2138,2,"kg",2.00,1000.00
"{00000000-0001-7000-8000-000000000000}","15107",2139,1,"g",1.00,1.00
"{00000000-0001-7000-8000-000000000000}","15107",2139,2,"kg",2.00,1000.00
"{00000000-0001-7000-8000-000000000000}","15108",2140,1,"g",1.00,1.00
"{00000000-0001-7000-8000-000000000000}","15108",2140,2,"kg",2.00,1000.00
"{00000000-0001-7000-8000-000000000000}","15109",2141,1,"g",1.00,1.00
"{00000000-0001-7000-8000-000000000000}","15109",2141,2,"kg",2.00,1000.00
"{00000000-0001-7000-8000-000000000000}","15110",2142,1,"g",1.00,1.00
"{00000000-0001-7000-8000-000000000000}","15110",2142,2,"kg",2.00,1000.00
"{00000000-0001-7000-8000-000000000000}","15111",2143,1,"g",1.00,1.00
"{00000000-0001-7000-8000-000000000000}","15111",2143,2,"kg",2.00,1000.00
"{00000000-0001-7000-8000-000000000000}","15112",2144,1,"g",1.00,1.00
"{00000000-0001-7000-8000-000000000000}","15112",2144,2,"kg",2.00,1000.00
"{00000000-0001-7000-8000-000000000000}","15113",2145,1,"g",1.00,1.00
"{00000000-0001-7000-8000-000000000000}","15113",2145,2,"kg",2.00,1000.00
"{00000000-0001-7000-8000-000000000000}","15114",2146,1,"g",1.00,1.00
"{00000000-0001-7000-8000-000000000000}","15114",2146,2,"kg",2.00,1000.00
"{00000000-0001-7000-8000-000000000000}","15115",2147,1,"g",1.00,1.00
"{00000000-0001-7000-8000-000000000000}","15115",2147,2,"kg",2.00,1000.00
"{00000000-0001-7000-8000-000000000000}","15116",2148,1,"g",1.00,1.00
"{00000000-0001-7000-8000-000000000000}","15116",2148,2,"kg",2.00,1000.00
"{00000000-0001-7000-8000-000000000000}","15117",2149,1,"g",1.00,1.00
"{00000000-0001-7000-8000-000000000000}","15117",2149,2,"kg",2.00,1000.00
"{00000000-0001-7000-8000-000000000000}","15118",2150,1,"g",1.00,1.00
"{00000000-0001-7000-8000-000000000000}","15118",2150,2,"kg",2.00,1000.00
"{00000000-0001-7000-8000-000000000000}","15119",2151,1,"g",1.00,1.00
"{00000000-0001-7000-8000-000000000000}","15119",2151,2,"kg",2.00,1000.00
"{00000000-0001-7000-8000-000000000000}","15120",2152,1,"g",1.00,1.00
"{00000000-0001-7000-8000-000000000000}","15120",2152,2,"kg",2.00,1000.00
"{00000000-0001-7000-8000-000000000000}","15121",2153,1,"g",1.00,1.00
"{00000000-0001-7000-8000-000000000000}","15121",2153,2,"kg",2.00,1000.00
"{00000000-0001-7000-8000-000000000000}","15122",2154,1,"g",1.00,1.00
"{00000000-0001-7000-8000-000000000000}","15122",2154,2,"kg",2.00,1000.00
"{00000000-0001-7000-8000-000000000000}","15123",2155,1,"g",1.00,1.00
"{00000000-0001-7000-8000-000000000000}","15123",2155,2,"kg",2.00,1000.00
"{00000000-0001-7000-8000-000000000000}","15124",2156,1,"g",1.00,1.00
"{00000000-0001-7000-8000-000000000000}","15124",2156,2,"kg",2.00,1000.00
"{00000000-0001-7000-8000-000000000000}","15125",2157,1,"g",1.00,1.00
"{00000000-0001-7000-8000-000000000000}","15125",2157,2,"kg",2.00,1000.00
"{00000000-0001-7000-8000-000000000000}","15126",2158,1,"g",1.00,1.00
"{00000000-0001-7000-8000-000000000000}","15126",2158,2,"kg",2.00,1000.00
"{00000000-0001-7000-8000-000000000000}","15127",2159,1,"g",1.00,1.00
"{00000000-0001-7000-8000-000000000000}","15127",2159,2,"kg",2.00,1000.00
"{00000000-0001-7000-8000-000000000000}","15128",2160,1,"g",1.00,1.00
"{00000000-0001-7000-8000-000000000000}","15128",2160,2,"kg",2.00,1000.00
"{00000000-0001-7000-8000-000000000000}","15129",2161,1,"g",1.00,1.00
"{00000000-0001-7000-8000-000000000000}","15129",2161,2,"kg",2.00,1000.00
"{00000000-0001-7000-8000-000000000000}","15130",2162,1,"g",1.00,1.00
"{00000000-0001-7000-8000-000000000000}","15130",2162,2,"kg",2.00,1000.00
"{00000000-0001-7000-8000-000000000000}","15131",2163,1,"g",1.00,1.00
"{00000000-0001-7000-8000-000000000000}","15131",2163,2,"kg",2.00,1000.00
"{00000000-0001-7000-8000-000000000000}","15132",2164,1,"g",1.00,1.00
"{00000000-0001-7000-8000-000000000000}","15132",2164,2,"kg",2.00,1000.00
"{00000000-0001-7000-8000-000000000000}","15133",2165,1,"g",1.00,1.00
"{00000000-0001-7000-8000-000000000000}","15133",2165,2,"kg",2.00,1000.00
"{00000000-0001-7000-8000-000000000000}","15134",2166,1,"g",1.00,1.00
"{00000000-0001-7000-8000-000000000000}","15134",2166,2,"kg",2.00,1000.00
"{00000000-0001-7000-8000-000000000000}","15135",2167,1,"g",1.00,1.00
"{00000000-0001-7000-8000-000000000000}","15135",2167,2,"kg",2.00,1000.00
"{00000000-0001-7000-8000-000000000000}","15136",2168,1,"g",1.00,1.00
"{00000000-0001-7000-8000-000000000000}","15136",2168,2,"kg",2.00,1000.00
"{00000000-0001-7000-8000-000000000000}","15137",2169,1,"g",1.00,1.00
"{00000000-0001-7000-8000-000000000000}","15137",2169,2,"kg",2.00,1000.00
"{00000000-0001-7000-8000-000000000000}","15138",2170,1,"g",1.00,1.00
"{00000000-0001-7000-8000-000000000000}","15138",2170,2,"kg",2.00,1000.00
"{00000000-0001-7000-8000-000000000000}","15139",2171,1,"g",1.00,1.00
"{00000000-0001-7000-8000-000000000000}","15139",2171,2,"kg",2.00,1000.00
"{00000000-0001-7000-8000-000000000000}","15140",2172,1,"g",1.00,1.00
"{00000000-0001-7000-8000-000000000000}","15140",2172,2,"kg",2.00,1000.00
"{00000000-0001-7000-8000-000000000000}","15141",2173,1,"g",1.00,1.00
"{00000000-0001-7000-8000-000000000000}","15141",2173,2,"kg",2.00,1000.00
"{00000000-0001-7000-8000-000000000000}","15142",2174,1,"g",1.00,1.00
"{00000000-0001-7000-8000-000000000000}","15142",2174,2,"kg",2.00,1000.00
"{00000000-0001-7000-8000-000000000000}","15143",2175,1,"g",1.00,1.00
"{00000000-0001-7000-8000-000000000000}","15143",2175,2,"kg",2.00,1000.00
"{00000000-0001-7000-8000-000000000000}","15144",2176,1,"g",1.00,1.00
"{00000000-0001-7000-8000-000000000000}","15144",2176,2,"kg",2.00,1000.00
"{00000000-0001-7000-8000-000000000000}","15145",2177,1,"g",1.00,1.00
"{00000000-0001-7000-8000-000000000000}","15145",2177,2,"kg",2.00,1000.00
"{00000000-0001-7000-8000-000000000000}","15146",2178,1,"g",1.00,1.00
"{00000000-0001-7000-8000-000000000000}","15146",2178,2,"kg",2.00,1000.00
"{00000000-0001-7000-8000-000000000000}","15147",2179,1,"g",1.00,1.00
"{00000000-0001-7000-8000-000000000000}","15147",2179,2,"kg",2.00,1000.00
"{00000000-0001-7000-8000-000000000000}","15148",2180,1,"g",1.00,1.00
"{00000000-0001-7000-8000-000000000000}","15148",2180,2,"kg",2.00,1000.00
"{00000000-0001-7000-8000-000000000000}","15149",2181,1,"g",1.00,1.00
"{00000000-0001-7000-8000-000000000000}","15149",2181,2,"kg",2.00,1000.00
"{00000000-0001-7000-8000-000000000000}","15150",2182,1,"g",1.00,1.00
"{00000000-0001-7000-8000-000000000000}","15150",2182,2,"kg",2.00,1000.00
"{00000000-0001-7000-8000-000000000000}","15151",2183,1,"g",1.00,1.00
"{00000000-0001-7000-8000-000000000000}","15151",2183,2,"kg",2.00,1000.00
"{00000000-0001-7000-8000-000000000000}","15152",2184,1,"g",1.00,1.00
"{00000000-0001-7000-8000-000000000000}","15152",2184,2,"kg",2.00,1000.00
"{00000000-0001-7000-8000-000000000000}","15153",2185,1,"g",1.00,1.00
"{00000000-0001-7000-8000-000000000000}","15153",2185,2,"kg",2.00,1000.00
"{00000000-0001-7000-8000-000000000000}","15154",2186,1,"g",1.00,1.00
"{00000000-0001-7000-8000-000000000000}","15154",2186,2,"kg",2.00,1000.00
"{00000000-0001-7000-8000-000000000000}","15155",2187,1,"g",1.00,1.00
"{00000000-0001-7000-8000-000000000000}","15155",2187,2,"kg",2.00,1000.00
"{00000000-0001-7000-8000-000000000000}","15156",2188,1,"g",1.00,1.00
"{00000000-0001-7000-8000-000000000000}","15156",2188,2,"kg",2.00,1000.00
"{00000000-0001-7000-8000-000000000000}","15157",2189,1,"g",1.00,1.00
"{00000000-0001-7000-8000-000000000000}","15157",2189,2,"kg",2.00,1000.00
"{00000000-0001-7000-8000-000000000000}","15158",2190,1,"g",1.00,1.00
"{00000000-0001-7000-8000-000000000000}","15158",2190,2,"kg",2.00,1000.00
"{00000000-0001-7000-8000-000000000000}","15159",2191,1,"g",1.00,1.00
"{00000000-0001-7000-8000-000000000000}","15159",2191,2,"kg",2.00,1000.00
"{00000000-0001-7000-8000-000000000000}","15160",2192,1,"g",1.00,1.00
"{00000000-0001-7000-8000-000000000000}","15160",2192,2,"kg",2.00,1000.00
"{00000000-0001-7000-8000-000000000000}","15161",2193,1,"g",1.00,1.00
"{00000000-0001-7000-8000-000000000000}","15161",2193,2,"kg",2.00,1000.00
"{00000000-0001-7000-8000-000000000000}","15162",2194,1,"g",1.00,1.00
"{00000000-0001-7000-8000-000000000000}","15162",2194,2,"kg",2.00,1000.00
"{00000000-0001-7000-8000-000000000000}","15163",2195,1,"g",1.00,1.00
"{00000000-0001-7000-8000-000000000000}","15163",2195,2,"kg",2.00,1000.00
"{00000000-0001-7000-8000-000000000000}","15164",2196,1,"g",1.00,1.00
"{00000000-0001-7000-8000-000000000000}","15164",2196,2,"kg",2.00,1000.00
"{00000000-0001-7000-8000-000000000000}","15165",2197,1,"g",1.00,1.00
"{00000000-0001-7000-8000-000000000000}","15165",2197,2,"kg",2.00,1000.00
"{00000000-0001-7000-8000-000000000000}","15166",2198,1,"g",1.00,1.00
"{00000000-0001-7000-8000-000000000000}","15166",2198,2,"kg",2.00,1000.00
"{00000000-0001-7000-8000-000000000000}","15167",2199,1,"g",1.00,1.00
"{00000000-0001-7000-8000-000000000000}","15167",2199,2,"kg",2.00,1000.00
"{00000000-0001-7000-8000-000000000000}","15168",2200,1,"g",1.00,1.00
"{00000000-0001-7000-8000-000000000000}","15168",2200,2,"kg",2.00,1000.00
"{00000000-0001-7000-8000-000000000000}","15169",2201,1,"g",1.00,1.00
"{00000000-0001-7000-8000-000000000000}","15169",2201,2,"kg",2.00,1000.00
"{00000000-0001-7000-8000-000000000000}","15170",2202,1,"g",1.00,1.00
"{00000000-0001-7000-8000-000000000000}","15170",2202,2,"kg",2.00,1000.00
"{00000000-0001-7000-8000-000000000000}","15171",2203,1,"g",1.00,1.00
"{00000000-0001-7000-8000-000000000000}","15171",2203,2,"kg",2.00,1000.00
"{00000000-0001-7000-8000-000000000000}","15172",2204,1,"g",1.00,1.00
"{00000000-0001-7000-8000-000000000000}","15172",2204,2,"kg",2.00,1000.00
"{00000000-0001-7000-8000-000000000000}","15173",2205,1,"g",1.00,1.00
"{00000000-0001-7000-8000-000000000000}","15173",2205,2,"kg",2.00,1000.00
"{00000000-0001-7000-8000-000000000000}","15174",2206,1,"g",1.00,1.00
"{00000000-0001-7000-8000-000000000000}","15174",2206,2,"kg",2.00,1000.00
"{00000000-0001-7000-8000-000000000000}","15175",2207,1,"g",1.00,1.00
"{00000000-0001-7000-8000-000000000000}","15175",2207,2,"kg",2.00,1000.00
"{00000000-0001-7000-8000-000000000000}","15176",2208,1,"g",1.00,1.00
"{00000000-0001-7000-8000-000000000000}","15176",2208,2,"kg",2.00,1000.00
"{00000000-0001-7000-8000-000000000000}","15177",2209,1,"g",1.00,1.00
"{00000000-0001-7000-8000-000000000000}","15177",2209,2,"kg",2.00,1000.00
"{00000000-0001-7000-8000-000000000000}","15178",2210,1,"g",1.00,1.00
"{00000000-0001-7000-8000-000000000000}","15178",2210,2,"kg",2.00,1000.00
"{00000000-0001-7000-8000-000000000000}","15179",2211,1,"g",1.00,1.00
"{00000000-0001-7000-8000-000000000000}","15179",2211,2,"kg",2.00,1000.00
"{00000000-0001-7000-8000-000000000000}","15180",2212,1,"g",1.00,1.00
"{00000000-0001-7000-8000-000000000000}","15180",2212,2,"kg",2.00,1000.00
"{00000000-0001-7000-8000-000000000000}","15181",2213,1,"g",1.00,1.00
"{00000000-0001-7000-8000-000000000000}","15181",2213,2,"kg",2.00,1000.00
"{00000000-0001-7000-8000-000000000000}","15182",2214,1,"g",1.00,1.00
"{00000000-0001-7000-8000-000000000000}","15182",2214,2,"kg",2.00,1000.00
"{00000000-0001-7000-8000-000000000000}","15183",2215,1,"g",1.00,1.00
"{00000000-0001-7000-8000-000000000000}","15183",2215,2,"kg",2.00,1000.00
"{00000000-0001-7000-8000-000000000000}","15184",2216,1,"g",1.00,1.00
"{00000000-0001-7000-8000-000000000000}","15184",2216,2,"kg",2.00,1000.00
"{00000000-0001-7000-8000-000000000000}","15185",2217,1,"g",1.00,1.00
"{00000000-0001-7000-8000-000000000000}","15185",2217,2,"kg",2.00,1000.00
"{00000000-0001-7000-8000-000000000000}","16001",2218,1,"g",1.00,1.00
"{00000000-0001-7000-8000-000000000000}","16001",2218,2,"kg",2.00,1000.00
"{00000000-0001-7000-8000-000000000000}","16002",2219,1,"g",1.00,1.00
"{00000000-0001-7000-8000-000000000000}","16002",2219,2,"kg",2.00,1000.00
"{00000000-0001-7000-8000-000000000000}","16003",2220,1,"g",1.00,1.00
"{00000000-0001-7000-8000-000000000000}","16003",2220,2,"kg",2.00,1000.00
"{00000000-0001-7000-8000-000000000000}","16004",2221,1,"g",1.00,1.00
"{00000000-0001-7000-8000-000000000000}","16004",2221,2,"kg",2.00,1000.00
"{00000000-0001-7000-8000-000000000000}","16005",2222,1,"g",1.00,1.00
"{00000000-0001-7000-8000-000000000000}","16005",2222,2,"kg",2.00,1000.00
"{00000000-0001-7000-8000-000000000000}","16006",2223,1,"g",1.00,1.00
"{00000000-0001-7000-8000-000000000000}","16006",2223,2,"kg",2.00,1000.00
"{00000000-0001-7000-8000-000000000000}","16007",2224,1,"g",1.00,1.00
"{00000000-0001-7000-8000-000000000000}","16007",2224,2,"kg",2.00,1000.00
"{00000000-0001-7000-8000-000000000000}","16008",2225,1,"g",1.00,1.00
"{00000000-0001-7000-8000-000000000000}","16008",2225,2,"kg",2.00,1000.00
"{00000000-0001-7000-8000-000000000000}","16009",2226,1,"g",1.00,1.00
"{00000000-0001-7000-8000-000000000000}","16009",2226,2,"kg",2.00,1000.00
"{00000000-0001-7000-8000-000000000000}","16010",2227,1,"g",1.00,1.00
"{00000000-0001-7000-8000-000000000000}","16010",2227,2,"kg",2.00,1000.00
"{00000000-0001-7000-8000-000000000000}","16011",2228,1,"g",1.00,1.00
"{00000000-0001-7000-8000-000000000000}","16011",2228,2,"kg",2.00,1000.00
"{00000000-0001-7000-8000-000000000000}","16012",2229,1,"g",1.00,1.00
"{00000000-0001-7000-8000-000000000000}","16012",2229,2,"kg",2.00,1000.00
"{00000000-0001-7000-8000-000000000000}","16013",2230,1,"g",1.00,1.00
"{00000000-0001-7000-8000-000000000000}","16013",2230,2,"kg",2.00,1000.00
"{00000000-0001-7000-8000-000000000000}","16014",2231,1,"g",1.00,1.00
"{00000000-0001-7000-8000-000000000000}","16014",2231,2,"kg",2.00,1000.00
"{00000000-0001-7000-8000-000000000000}","16015",2232,1,"g",1.00,1.00
"{00000000-0001-7000-8000-000000000000}","16015",2232,2,"kg",2.00,1000.00
"{00000000-0001-7000-8000-000000000000}","16016",2233,1,"g",1.00,1.00
"{00000000-0001-7000-8000-000000000000}","16016",2233,2,"kg",2.00,1000.00
"{00000000-0001-7000-8000-000000000000}","16017",2234,1,"g",1.00,1.00
"{00000000-0001-7000-8000-000000000000}","16017",2234,2,"kg",2.00,1000.00
"{00000000-0001-7000-8000-000000000000}","16018",2235,1,"g",1.00,1.00
"{00000000-0001-7000-8000-000000000000}","16018",2235,2,"kg",2.00,1000.00
"{00000000-0001-7000-8000-000000000000}","16019",2236,1,"g",1.00,1.00
"{00000000-0001-7000-8000-000000000000}","16019",2236,2,"kg",2.00,1000.00
"{00000000-0001-7000-8000-000000000000}","16020",2237,1,"g",1.00,1.00
"{00000000-0001-7000-8000-000000000000}","16020",2237,2,"kg",2.00,1000.00
"{00000000-0001-7000-8000-000000000000}","16021",2238,1,"g",1.00,1.00
"{00000000-0001-7000-8000-000000000000}","16021",2238,2,"kg",2.00,1000.00
"{00000000-0001-7000-8000-000000000000}","16022",2239,1,"g",1.00,1.00
"{00000000-0001-7000-8000-000000000000}","16022",2239,2,"kg",2.00,1000.00
"{00000000-0001-7000-8000-000000000000}","16023",2240,1,"g",1.00,1.00
"{00000000-0001-7000-8000-000000000000}","16023",2240,2,"kg",2.00,1000.00
"{00000000-0001-7000-8000-000000000000}","16024",2241,1,"g",1.00,1.00
"{00000000-0001-7000-8000-000000000000}","16024",2241,2,"kg",2.00,1000.00
"{00000000-0001-7000-8000-000000000000}","16025",2242,1,"g",1.00,1.00
"{00000000-0001-7000-8000-000000000000}","16025",2242,2,"kg",2.00,1000.00
"{00000000-0001-7000-8000-000000000000}","16026",2243,1,"g",1.00,1.00
"{00000000-0001-7000-8000-000000000000}","16026",2243,2,"kg",2.00,1000.00
"{00000000-0001-7000-8000-000000000000}","16027",2244,1,"g",1.00,1.00
"{00000000-0001-7000-8000-000000000000}","16027",2244,2,"kg",2.00,1000.00
"{00000000-0001-7000-8000-000000000000}","16028",2245,1,"g",1.00,1.00
"{00000000-0001-7000-8000-000000000000}","16028",2245,2,"kg",2.00,1000.00
"{00000000-0001-7000-8000-000000000000}","16029",2246,1,"g",1.00,1.00
"{00000000-0001-7000-8000-000000000000}","16029",2246,2,"kg",2.00,1000.00
"{00000000-0001-7000-8000-000000000000}","16030",2247,1,"g",1.00,1.00
"{00000000-0001-7000-8000-000000000000}","16030",2247,2,"kg",2.00,1000.00
"{00000000-0001-7000-8000-000000000000}","16031",2248,1,"g",1.00,1.00
"{00000000-0001-7000-8000-000000000000}","16031",2248,2,"kg",2.00,1000.00
"{00000000-0001-7000-8000-000000000000}","16032",2249,1,"g",1.00,1.00
"{00000000-0001-7000-8000-000000000000}","16032",2249,2,"kg",2.00,1000.00
"{00000000-0001-7000-8000-000000000000}","16033",2250,1,"g",1.00,1.00
"{00000000-0001-7000-8000-000000000000}","16033",2250,2,"kg",2.00,1000.00
"{00000000-0001-7000-8000-000000000000}","16034",2251,1,"g",1.00,1.00
"{00000000-0001-7000-8000-000000000000}","16034",2251,2,"kg",2.00,1000.00
"{00000000-0001-7000-8000-000000000000}","16035",2252,1,"g",1.00,1.00
"{00000000-0001-7000-8000-000000000000}","16035",2252,2,"kg",2.00,1000.00
"{00000000-0001-7000-8000-000000000000}","16036",2253,1,"g",1.00,1.00
"{00000000-0001-7000-8000-000000000000}","16036",2253,2,"kg",2.00,1000.00
"{00000000-0001-7000-8000-000000000000}","16037",2254,1,"g",1.00,1.00
"{00000000-0001-7000-8000-000000000000}","16037",2254,2,"kg",2.00,1000.00
"{00000000-0001-7000-8000-000000000000}","16038",2255,1,"g",1.00,1.00
"{00000000-0001-7000-8000-000000000000}","16038",2255,2,"kg",2.00,1000.00
"{00000000-0001-7000-8000-000000000000}","16039",2256,1,"g",1.00,1.00
"{00000000-0001-7000-8000-000000000000}","16039",2256,2,"kg",2.00,1000.00
"{00000000-0001-7000-8000-000000000000}","16040",2257,1,"g",1.00,1.00
"{00000000-0001-7000-8000-000000000000}","16040",2257,2,"kg",2.00,1000.00
"{00000000-0001-7000-8000-000000000000}","16041",2258,1,"g",1.00,1.00
"{00000000-0001-7000-8000-000000000000}","16041",2258,2,"kg",2.00,1000.00
"{00000000-0001-7000-8000-000000000000}","16042",2259,1,"g",1.00,1.00
"{00000000-0001-7000-8000-000000000000}","16042",2259,2,"kg",2.00,1000.00
"{00000000-0001-7000-8000-000000000000}","16043",2260,1,"g",1.00,1.00
"{00000000-0001-7000-8000-000000000000}","16043",2260,2,"kg",2.00,1000.00
"{00000000-0001-7000-8000-000000000000}","16044",2261,1,"g",1.00,1.00
"{00000000-0001-7000-8000-000000000000}","16044",2261,2,"kg",2.00,1000.00
"{00000000-0001-7000-8000-000000000000}","16045",2262,1,"g",1.00,1.00
"{00000000-0001-7000-8000-000000000000}","16045",2262,2,"kg",2.00,1000.00
"{00000000-0001-7000-8000-000000000000}","16046",2263,1,"g",1.00,1.00
"{00000000-0001-7000-8000-000000000000}","16046",2263,2,"kg",2.00,1000.00
"{00000000-0001-7000-8000-000000000000}","16047",2264,1,"g",1.00,1.00
"{00000000-0001-7000-8000-000000000000}","16047",2264,2,"kg",2.00,1000.00
"{00000000-0001-7000-8000-000000000000}","16048",2265,1,"g",1.00,1.00
"{00000000-0001-7000-8000-000000000000}","16048",2265,2,"kg",2.00,1000.00
"{00000000-0001-7000-8000-000000000000}","16049",2266,1,"g",1.00,1.00
"{00000000-0001-7000-8000-000000000000}","16049",2266,2,"kg",2.00,1000.00
"{00000000-0001-7000-8000-000000000000}","16050",2267,1,"g",1.00,1.00
"{00000000-0001-7000-8000-000000000000}","16050",2267,2,"kg",2.00,1000.00
"{00000000-0001-7000-8000-000000000000}","16051",2268,1,"g",1.00,1.00
"{00000000-0001-7000-8000-000000000000}","16051",2268,2,"kg",2.00,1000.00
"{00000000-0001-7000-8000-000000000000}","16052",2269,1,"g",1.00,1.00
"{00000000-0001-7000-8000-000000000000}","16052",2269,2,"kg",2.00,1000.00
"{00000000-0001-7000-8000-000000000000}","16053",2270,1,"g",1.00,1.00
"{00000000-0001-7000-8000-000000000000}","16053",2270,2,"kg",2.00,1000.00
"{00000000-0001-7000-8000-000000000000}","16054",2271,1,"g",1.00,1.00
"{00000000-0001-7000-8000-000000000000}","16054",2271,2,"kg",2.00,1000.00
"{00000000-0001-7000-8000-000000000000}","16055",2272,1,"g",1.00,1.00
"{00000000-0001-7000-8000-000000000000}","16055",2272,2,"kg",2.00,1000.00
"{00000000-0001-7000-8000-000000000000}","16056",2273,1,"g",1.00,1.00
"{00000000-0001-7000-8000-000000000000}","16056",2273,2,"kg",2.00,1000.00
"{00000000-0001-7000-8000-000000000000}","16057",2274,1,"g",1.00,1.00
"{00000000-0001-7000-8000-000000000000}","16057",2274,2,"kg",2.00,1000.00
"{00000000-0001-7000-8000-000000000000}","16058",2275,1,"g",1.00,1.00
"{00000000-0001-7000-8000-000000000000}","16058",2275,2,"kg",2.00,1000.00
"{00000000-0001-7000-8000-000000000000}","16059",2276,1,"g",1.00,1.00
"{00000000-0001-7000-8000-000000000000}","16059",2276,2,"kg",2.00,1000.00
"{00000000-0001-7000-8000-000000000000}","16060",2277,1,"g",1.00,1.00
"{00000000-0001-7000-8000-000000000000}","16060",2277,2,"kg",2.00,1000.00
"{00000000-0001-7000-8000-000000000000}","16061",2278,1,"g",1.00,1.00
"{00000000-0001-7000-8000-000000000000}","16061",2278,2,"kg",2.00,1000.00
"{00000000-0001-7000-8000-000000000000}","17001",2279,1,"g",1.00,1.00
"{00000000-0001-7000-8000-000000000000}","17001",2279,2,"kg",2.00,1000.00
"{00000000-0001-7000-8000-000000000000}","17002",2280,1,"g",1.00,1.00
"{00000000-0001-7000-8000-000000000000}","17002",2280,2,"kg",2.00,1000.00
"{00000000-0001-7000-8000-000000000000}","17003",2281,1,"g",1.00,1.00
"{00000000-0001-7000-8000-000000000000}","17003",2281,2,"kg",2.00,1000.00
"{00000000-0001-7000-8000-000000000000}","17004",2282,1,"g",1.00,1.00
"{00000000-0001-7000-8000-000000000000}","17004",2282,2,"kg",2.00,1000.00
"{00000000-0001-7000-8000-000000000000}","17005",2283,1,"g",1.00,1.00
"{00000000-0001-7000-8000-000000000000}","17005",2283,2,"kg",2.00,1000.00
"{00000000-0001-7000-8000-000000000000}","17006",2284,1,"g",1.00,1.00
"{00000000-0001-7000-8000-000000000000}","17006",2284,2,"kg",2.00,1000.00
"{00000000-0001-7000-8000-000000000000}","17007",2285,1,"g",1.00,1.00
"{00000000-0001-7000-8000-000000000000}","17007",2285,2,"kg",2.00,1000.00
"{00000000-0001-7000-8000-000000000000}","17008",2286,1,"g",1.00,1.00
"{00000000-0001-7000-8000-000000000000}","17008",2286,2,"kg",2.00,1000.00
"{00000000-0001-7000-8000-000000000000}","17009",2287,1,"g",1.00,1.00
"{00000000-0001-7000-8000-000000000000}","17009",2287,2,"kg",2.00,1000.00
"{00000000-0001-7000-8000-000000000000}","17010",2288,1,"g",1.00,1.00
"{00000000-0001-7000-8000-000000000000}","17010",2288,2,"kg",2.00,1000.00
"{00000000-0001-7000-8000-000000000000}","17011",2289,1,"g",1.00,1.00
"{00000000-0001-7000-8000-000000000000}","17011",2289,2,"kg",2.00,1000.00
"{00000000-0001-7000-8000-000000000000}","17012",2290,1,"g",1.00,1.00
"{00000000-0001-7000-8000-000000000000}","17012",2290,2,"kg",2.00,1000.00
"{00000000-0001-7000-8000-000000000000}","17013",2291,1,"g",1.00,1.00
"{00000000-0001-7000-8000-000000000000}","17013",2291,2,"kg",2.00,1000.00
"{00000000-0001-7000-8000-000000000000}","17014",2292,1,"g",1.00,1.00
"{00000000-0001-7000-8000-000000000000}","17014",2292,2,"kg",2.00,1000.00
"{00000000-0001-7000-8000-000000000000}","17015",2293,1,"g",1.00,1.00
"{00000000-0001-7000-8000-000000000000}","17015",2293,2,"kg",2.00,1000.00
"{00000000-0001-7000-8000-000000000000}","17016",2294,1,"g",1.00,1.00
"{00000000-0001-7000-8000-000000000000}","17016",2294,2,"kg",2.00,1000.00
"{00000000-0001-7000-8000-000000000000}","17017",2295,1,"g",1.00,1.00
"{00000000-0001-7000-8000-000000000000}","17017",2295,2,"kg",2.00,1000.00
"{00000000-0001-7000-8000-000000000000}","17018",2296,1,"g",1.00,1.00
"{00000000-0001-7000-8000-000000000000}","17018",2296,2,"kg",2.00,1000.00
"{00000000-0001-7000-8000-000000000000}","17019",2297,1,"g",1.00,1.00
"{00000000-0001-7000-8000-000000000000}","17019",2297,2,"kg",2.00,1000.00
"{00000000-0001-7000-8000-000000000000}","17020",2298,1,"g",1.00,1.00
"{00000000-0001-7000-8000-000000000000}","17020",2298,2,"kg",2.00,1000.00
"{00000000-0001-7000-8000-000000000000}","17021",2299,1,"g",1.00,1.00
"{00000000-0001-7000-8000-000000000000}","17021",2299,2,"kg",2.00,1000.00
"{00000000-0001-7000-8000-000000000000}","17022",2300,1,"g",1.00,1.00
"{00000000-0001-7000-8000-000000000000}","17022",2300,2,"kg",2.00,1000.00
"{00000000-0001-7000-8000-000000000000}","17023",2301,1,"g",1.00,1.00
"{00000000-0001-7000-8000-000000000000}","17023",2301,2,"kg",2.00,1000.00
"{00000000-0001-7000-8000-000000000000}","17024",2302,1,"g",1.00,1.00
"{00000000-0001-7000-8000-000000000000}","17024",2302,2,"kg",2.00,1000.00
"{00000000-0001-7000-8000-000000000000}","17025",2303,1,"g",1.00,1.00
"{00000000-0001-7000-8000-000000000000}","17025",2303,2,"kg",2.00,1000.00
"{00000000-0001-7000-8000-000000000000}","17026",2304,1,"g",1.00,1.00
"{00000000-0001-7000-8000-000000000000}","17026",2304,2,"kg",2.00,1000.00
"{00000000-0001-7000-8000-000000000000}","17027",2305,1,"g",1.00,1.00
"{00000000-0001-7000-8000-000000000000}","17027",2305,2,"kg",2.00,1000.00
"{00000000-0001-7000-8000-000000000000}","17028",2306,1,"g",1.00,1.00
"{00000000-0001-7000-8000-000000000000}","17028",2306,2,"kg",2.00,1000.00
"{00000000-0001-7000-8000-000000000000}","17029",2307,1,"g",1.00,1.00
"{00000000-0001-7000-8000-000000000000}","17029",2307,2,"kg",2.00,1000.00
"{00000000-0001-7000-8000-000000000000}","17030",2308,1,"g",1.00,1.00
"{00000000-0001-7000-8000-000000000000}","17030",2308,2,"kg",2.00,1000.00
"{00000000-0001-7000-8000-000000000000}","17031",2309,1,"g",1.00,1.00
"{00000000-0001-7000-8000-000000000000}","17031",2309,2,"kg",2.00,1000.00
"{00000000-0001-7000-8000-000000000000}","17032",2310,1,"g",1.00,1.00
"{00000000-0001-7000-8000-000000000000}","17032",2310,2,"kg",2.00,1000.00
"{00000000-0001-7000-8000-000000000000}","17033",2311,1,"g",1.00,1.00
"{00000000-0001-7000-8000-000000000000}","17033",2311,2,"kg",2.00,1000.00
"{00000000-0001-7000-8000-000000000000}","17034",2312,1,"g",1.00,1.00
"{00000000-0001-7000-8000-000000000000}","17034",2312,2,"kg",2.00,1000.00
"{00000000-0001-7000-8000-000000000000}","17035",2313,1,"g",1.00,1.00
"{00000000-0001-7000-8000-000000000000}","17035",2313,2,"kg",2.00,1000.00
"{00000000-0001-7000-8000-000000000000}","17036",2314,1,"g",1.00,1.00
"{00000000-0001-7000-8000-000000000000}","17036",2314,2,"kg",2.00,1000.00
"{00000000-0001-7000-8000-000000000000}","17037",2315,1,"g",1.00,1.00
"{00000000-0001-7000-8000-000000000000}","17037",2315,2,"kg",2.00,1000.00
"{00000000-0001-7000-8000-000000000000}","17038",2316,1,"g",1.00,1.00
"{00000000-0001-7000-8000-000000000000}","17038",2316,2,"kg",2.00,1000.00
"{00000000-0001-7000-8000-000000000000}","17039",2317,1,"g",1.00,1.00
"{00000000-0001-7000-8000-000000000000}","17039",2317,2,"kg",2.00,1000.00
"{00000000-0001-7000-8000-000000000000}","17040",2318,1,"g",1.00,1.00
"{00000000-0001-7000-8000-000000000000}","17040",2318,2,"kg",2.00,1000.00
"{00000000-0001-7000-8000-000000000000}","17041",2319,1,"g",1.00,1.00
"{00000000-0001-7000-8000-000000000000}","17041",2319,2,"kg",2.00,1000.00
"{00000000-0001-7000-8000-000000000000}","17042",2320,1,"g",1.00,1.00
"{00000000-0001-7000-8000-000000000000}","17042",2320,2,"kg",2.00,1000.00
"{00000000-0001-7000-8000-000000000000}","17043",2321,1,"g",1.00,1.00
"{00000000-0001-7000-8000-000000000000}","17043",2321,2,"kg",2.00,1000.00
"{00000000-0001-7000-8000-000000000000}","17044",2322,1,"g",1.00,1.00
"{00000000-0001-7000-8000-000000000000}","17044",2322,2,"kg",2.00,1000.00
"{00000000-0001-7000-8000-000000000000}","17045",2323,1,"g",1.00,1.00
"{00000000-0001-7000-8000-000000000000}","17045",2323,2,"kg",2.00,1000.00
"{00000000-0001-7000-8000-000000000000}","17046",2324,1,"g",1.00,1.00
"{00000000-0001-7000-8000-000000000000}","17046",2324,2,"kg",2.00,1000.00
"{00000000-0001-7000-8000-000000000000}","17047",2325,1,"g",1.00,1.00
"{00000000-0001-7000-8000-000000000000}","17047",2325,2,"kg",2.00,1000.00
"{00000000-0001-7000-8000-000000000000}","17048",2326,1,"g",1.00,1.00
"{00000000-0001-7000-8000-000000000000}","17048",2326,2,"kg",2.00,1000.00
"{00000000-0001-7000-8000-000000000000}","17049",2327,1,"g",1.00,1.00
"{00000000-0001-7000-8000-000000000000}","17049",2327,2,"kg",2.00,1000.00
"{00000000-0001-7000-8000-000000000000}","17050",2328,1,"g",1.00,1.00
"{00000000-0001-7000-8000-000000000000}","17050",2328,2,"kg",2.00,1000.00
"{00000000-0001-7000-8000-000000000000}","17051",2329,1,"g",1.00,1.00
"{00000000-0001-7000-8000-000000000000}","17051",2329,2,"kg",2.00,1000.00
"{00000000-0001-7000-8000-000000000000}","17052",2330,1,"g",1.00,1.00
"{00000000-0001-7000-8000-000000000000}","17052",2330,2,"kg",2.00,1000.00
"{00000000-0001-7000-8000-000000000000}","17053",2331,1,"g",1.00,1.00
"{00000000-0001-7000-8000-000000000000}","17053",2331,2,"kg",2.00,1000.00
"{00000000-0001-7000-8000-000000000000}","17054",2332,1,"g",1.00,1.00
"{00000000-0001-7000-8000-000000000000}","17054",2332,2,"kg",2.00,1000.00
"{00000000-0001-7000-8000-000000000000}","17055",2333,1,"g",1.00,1.00
"{00000000-0001-7000-8000-000000000000}","17055",2333,2,"kg",2.00,1000.00
"{00000000-0001-7000-8000-000000000000}","17056",2334,1,"g",1.00,1.00
"{00000000-0001-7000-8000-000000000000}","17056",2334,2,"kg",2.00,1000.00
"{00000000-0001-7000-8000-000000000000}","17057",2335,1,"g",1.00,1.00
"{00000000-0001-7000-8000-000000000000}","17057",2335,2,"kg",2.00,1000.00
"{00000000-0001-7000-8000-000000000000}","17058",2336,1,"g",1.00,1.00
"{00000000-0001-7000-8000-000000000000}","17058",2336,2,"kg",2.00,1000.00
"{00000000-0001-7000-8000-000000000000}","17059",2337,1,"g",1.00,1.00
"{00000000-0001-7000-8000-000000000000}","17059",2337,2,"kg",2.00,1000.00
"{00000000-0001-7000-8000-000000000000}","17060",2338,1,"g",1.00,1.00
"{00000000-0001-7000-8000-000000000000}","17060",2338,2,"kg",2.00,1000.00
"{00000000-0001-7000-8000-000000000000}","17061",2339,1,"g",1.00,1.00
"{00000000-0001-7000-8000-000000000000}","17061",2339,2,"kg",2.00,1000.00
"{00000000-0001-7000-8000-000000000000}","17062",2340,1,"g",1.00,1.00
"{00000000-0001-7000-8000-000000000000}","17062",2340,2,"kg",2.00,1000.00
"{00000000-0001-7000-8000-000000000000}","17063",2341,1,"g",1.00,1.00
"{00000000-0001-7000-8000-000000000000}","17063",2341,2,"kg",2.00,1000.00
"{00000000-0001-7000-8000-000000000000}","17064",2342,1,"g",1.00,1.00
"{00000000-0001-7000-8000-000000000000}","17064",2342,2,"kg",2.00,1000.00
"{00000000-0001-7000-8000-000000000000}","17065",2343,1,"g",1.00,1.00
"{00000000-0001-7000-8000-000000000000}","17065",2343,2,"kg",2.00,1000.00
"{00000000-0001-7000-8000-000000000000}","17066",2344,1,"g",1.00,1.00
"{00000000-0001-7000-8000-000000000000}","17066",2344,2,"kg",2.00,1000.00
"{00000000-0001-7000-8000-000000000000}","17067",2345,1,"g",1.00,1.00
"{00000000-0001-7000-8000-000000000000}","17067",2345,2,"kg",2.00,1000.00
"{00000000-0001-7000-8000-000000000000}","17068",2346,1,"g",1.00,1.00
"{00000000-0001-7000-8000-000000000000}","17068",2346,2,"kg",2.00,1000.00
"{00000000-0001-7000-8000-000000000000}","17069",2347,1,"g",1.00,1.00
"{00000000-0001-7000-8000-000000000000}","17069",2347,2,"kg",2.00,1000.00
"{00000000-0001-7000-8000-000000000000}","17070",2348,1,"g",1.00,1.00
"{00000000-0001-7000-8000-000000000000}","17070",2348,2,"kg",2.00,1000.00
"{00000000-0001-7000-8000-000000000000}","17071",2349,1,"g",1.00,1.00
"{00000000-0001-7000-8000-000000000000}","17071",2349,2,"kg",2.00,1000.00
"{00000000-0001-7000-8000-000000000000}","17072",2350,1,"g",1.00,1.00
"{00000000-0001-7000-8000-000000000000}","17072",2350,2,"kg",2.00,1000.00
"{00000000-0001-7000-8000-000000000000}","17073",2351,1,"g",1.00,1.00
"{00000000-0001-7000-8000-000000000000}","17073",2351,2,"kg",2.00,1000.00
"{00000000-0001-7000-8000-000000000000}","17074",2352,1,"g",1.00,1.00
"{00000000-0001-7000-8000-000000000000}","17074",2352,2,"kg",2.00,1000.00
"{00000000-0001-7000-8000-000000000000}","17075",2353,1,"g",1.00,1.00
"{00000000-0001-7000-8000-000000000000}","17075",2353,2,"kg",2.00,1000.00
"{00000000-0001-7000-8000-000000000000}","17076",2354,1,"g",1.00,1.00
"{00000000-0001-7000-8000-000000000000}","17076",2354,2,"kg",2.00,1000.00
"{00000000-0001-7000-8000-000000000000}","17077",2355,1,"g",1.00,1.00
"{00000000-0001-7000-8000-000000000000}","17077",2355,2,"kg",2.00,1000.00
"{00000000-0001-7000-8000-000000000000}","17078",2356,1,"g",1.00,1.00
"{00000000-0001-7000-8000-000000000000}","17078",2356,2,"kg",2.00,1000.00
"{00000000-0001-7000-8000-000000000000}","17079",2357,1,"g",1.00,1.00
"{00000000-0001-7000-8000-000000000000}","17079",2357,2,"kg",2.00,1000.00
"{00000000-0001-7000-8000-000000000000}","17080",2358,1,"g",1.00,1.00
"{00000000-0001-7000-8000-000000000000}","17080",2358,2,"kg",2.00,1000.00
"{00000000-0001-7000-8000-000000000000}","17081",2359,1,"g",1.00,1.00
"{00000000-0001-7000-8000-000000000000}","17081",2359,2,"kg",2.00,1000.00
"{00000000-0001-7000-8000-000000000000}","17082",2360,1,"g",1.00,1.00
"{00000000-0001-7000-8000-000000000000}","17082",2360,2,"kg",2.00,1000.00
"{00000000-0001-7000-8000-000000000000}","17083",2361,1,"g",1.00,1.00
"{00000000-0001-7000-8000-000000000000}","17083",2361,2,"kg",2.00,1000.00
"{00000000-0001-7000-8000-000000000000}","17084",2362,1,"g",1.00,1.00
"{00000000-0001-7000-8000-000000000000}","17084",2362,2,"kg",2.00,1000.00
"{00000000-0001-7000-8000-000000000000}","17085",2363,1,"g",1.00,1.00
"{00000000-0001-7000-8000-000000000000}","17085",2363,2,"kg",2.00,1000.00
"{00000000-0001-7000-8000-000000000000}","17086",2364,1,"g",1.00,1.00
"{00000000-0001-7000-8000-000000000000}","17086",2364,2,"kg",2.00,1000.00
"{00000000-0001-7000-8000-000000000000}","17087",2365,1,"g",1.00,1.00
"{00000000-0001-7000-8000-000000000000}","17087",2365,2,"kg",2.00,1000.00
"{00000000-0001-7000-8000-000000000000}","17088",2366,1,"g",1.00,1.00
"{00000000-0001-7000-8000-000000000000}","17088",2366,2,"kg",2.00,1000.00
"{00000000-0001-7000-8000-000000000000}","17089",2367,1,"g",1.00,1.00
"{00000000-0001-7000-8000-000000000000}","17089",2367,2,"kg",2.00,1000.00
"{00000000-0001-7000-8000-000000000000}","17090",2368,1,"g",1.00,1.00
"{00000000-0001-7000-8000-000000000000}","17090",2368,2,"kg",2.00,1000.00
"{00000000-0001-7000-8000-000000000000}","17091",2369,1,"g",1.00,1.00
"{00000000-0001-7000-8000-000000000000}","17091",2369,2,"kg",2.00,1000.00
"{00000000-0001-7000-8000-000000000000}","17092",2370,1,"g",1.00,1.00
"{00000000-0001-7000-8000-000000000000}","17092",2370,2,"kg",2.00,1000.00
"{00000000-0001-7000-8000-000000000000}","17093",2371,1,"g",1.00,1.00
"{00000000-0001-7000-8000-000000000000}","17093",2371,2,"kg",2.00,1000.00
"{00000000-0001-7000-8000-000000000000}","17094",2372,1,"g",1.00,1.00
"{00000000-0001-7000-8000-000000000000}","17094",2372,2,"kg",2.00,1000.00
"{00000000-0001-7000-8000-000000000000}","17095",2373,1,"g",1.00,1.00
"{00000000-0001-7000-8000-000000000000}","17095",2373,2,"kg",2.00,1000.00
"{00000000-0001-7000-8000-000000000000}","17096",2374,1,"g",1.00,1.00
"{00000000-0001-7000-8000-000000000000}","17096",2374,2,"kg",2.00,1000.00
"{00000000-0001-7000-8000-000000000000}","17097",2375,1,"g",1.00,1.00
"{00000000-0001-7000-8000-000000000000}","17097",2375,2,"kg",2.00,1000.00
"{00000000-0001-7000-8000-000000000000}","17098",2376,1,"g",1.00,1.00
"{00000000-0001-7000-8000-000000000000}","17098",2376,2,"kg",2.00,1000.00
"{00000000-0001-7000-8000-000000000000}","17099",2377,1,"g",1.00,1.00
"{00000000-0001-7000-8000-000000000000}","17099",2377,2,"kg",2.00,1000.00
"{00000000-0001-7000-8000-000000000000}","17100",2378,1,"g",1.00,1.00
"{00000000-0001-7000-8000-000000000000}","17100",2378,2,"kg",2.00,1000.00
"{00000000-0001-7000-8000-000000000000}","17101",2379,1,"g",1.00,1.00
"{00000000-0001-7000-8000-000000000000}","17101",2379,2,"kg",2.00,1000.00
"{00000000-0001-7000-8000-000000000000}","17102",2380,1,"g",1.00,1.00
"{00000000-0001-7000-8000-000000000000}","17102",2380,2,"kg",2.00,1000.00
"{00000000-0001-7000-8000-000000000000}","17103",2381,1,"g",1.00,1.00
"{00000000-0001-7000-8000-000000000000}","17103",2381,2,"kg",2.00,1000.00
"{00000000-0001-7000-8000-000000000000}","17104",2382,1,"g",1.00,1.00
"{00000000-0001-7000-8000-000000000000}","17104",2382,2,"kg",2.00,1000.00
"{00000000-0001-7000-8000-000000000000}","17105",2383,1,"g",1.00,1.00
"{00000000-0001-7000-8000-000000000000}","17105",2383,2,"kg",2.00,1000.00
"{00000000-0001-7000-8000-000000000000}","17106",2384,1,"g",1.00,1.00
"{00000000-0001-7000-8000-000000000000}","17106",2384,2,"kg",2.00,1000.00
"{00000000-0001-7000-8000-000000000000}","17107",2385,1,"g",1.00,1.00
"{00000000-0001-7000-8000-000000000000}","17107",2385,2,"kg",2.00,1000.00
"{00000000-0001-7000-8000-000000000000}","17108",2386,1,"g",1.00,1.00
"{00000000-0001-7000-8000-000000000000}","17108",2386,2,"kg",2.00,1000.00
"{00000000-0001-7000-8000-000000000000}","17109",2387,1,"g",1.00,1.00
"{00000000-0001-7000-8000-000000000000}","17109",2387,2,"kg",2.00,1000.00
"{00000000-0001-7000-8000-000000000000}","17110",2388,1,"g",1.00,1.00
"{00000000-0001-7000-8000-000000000000}","17110",2388,2,"kg",2.00,1000.00
"{00000000-0001-7000-8000-000000000000}","17111",2389,1,"g",1.00,1.00
"{00000000-0001-7000-8000-000000000000}","17111",2389,2,"kg",2.00,1000.00
"{00000000-0001-7000-8000-000000000000}","17112",2390,1,"g",1.00,1.00
"{00000000-0001-7000-8000-000000000000}","17112",2390,2,"kg",2.00,1000.00
"{00000000-0001-7000-8000-000000000000}","17113",2391,1,"g",1.00,1.00
"{00000000-0001-7000-8000-000000000000}","17113",2391,2,"kg",2.00,1000.00
"{00000000-0001-7000-8000-000000000000}","17114",2392,1,"g",1.00,1.00
"{00000000-0001-7000-8000-000000000000}","17114",2392,2,"kg",2.00,1000.00
"{00000000-0001-7000-8000-000000000000}","17115",2393,1,"g",1.00,1.00
"{00000000-0001-7000-8000-000000000000}","17115",2393,2,"kg",2.00,1000.00
"{00000000-0001-7000-8000-000000000000}","17116",2394,1,"g",1.00,1.00
"{00000000-0001-7000-8000-000000000000}","17116",2394,2,"kg",2.00,1000.00
"{00000000-0001-7000-8000-000000000000}","17117",2395,1,"g",1.00,1.00
"{00000000-0001-7000-8000-000000000000}","17117",2395,2,"kg",2.00,1000.00
"{00000000-0001-7000-8000-000000000000}","17118",2396,1,"g",1.00,1.00
"{00000000-0001-7000-8000-000000000000}","17118",2396,2,"kg",2.00,1000.00
"{00000000-0001-7000-8000-000000000000}","17119",2397,1,"g",1.00,1.00
"{00000000-0001-7000-8000-000000000000}","17119",2397,2,"kg",2.00,1000.00
"{00000000-0001-7000-8000-000000000000}","17120",2398,1,"g",1.00,1.00
"{00000000-0001-7000-8000-000000000000}","17120",2398,2,"kg",2.00,1000.00
"{00000000-0001-7000-8000-000000000000}","17121",2399,1,"g",1.00,1.00
"{00000000-0001-7000-8000-000000000000}","17121",2399,2,"kg",2.00,1000.00
"{00000000-0001-7000-8000-000000000000}","17122",2400,1,"g",1.00,1.00
"{00000000-0001-7000-8000-000000000000}","17122",2400,2,"kg",2.00,1000.00
"{00000000-0001-7000-8000-000000000000}","17123",2401,1,"g",1.00,1.00
"{00000000-0001-7000-8000-000000000000}","17123",2401,2,"kg",2.00,1000.00
"{00000000-0001-7000-8000-000000000000}","17124",2402,1,"g",1.00,1.00
"{00000000-0001-7000-8000-000000000000}","17124",2402,2,"kg",2.00,1000.00
"{00000000-0001-7000-8000-000000000000}","17125",2403,1,"g",1.00,1.00
"{00000000-0001-7000-8000-000000000000}","17125",2403,2,"kg",2.00,1000.00
"{00000000-0001-7000-8000-000000000000}","17126",2404,1,"g",1.00,1.00
"{00000000-0001-7000-8000-000000000000}","17126",2404,2,"kg",2.00,1000.00
"{00000000-0001-7000-8000-000000000000}","17127",2405,1,"g",1.00,1.00
"{00000000-0001-7000-8000-000000000000}","17127",2405,2,"kg",2.00,1000.00
"{00000000-0001-7000-8000-000000000000}","17128",2406,1,"g",1.00,1.00
"{00000000-0001-7000-8000-000000000000}","17128",2406,2,"kg",2.00,1000.00
"{00000000-0001-7000-8000-000000000000}","17130",2407,1,"g",1.00,1.00
"{00000000-0001-7000-8000-000000000000}","17130",2407,2,"kg",2.00,1000.00
"{00000000-0001-7000-8000-000000000000}","17131",2408,1,"g",1.00,1.00
"{00000000-0001-7000-8000-000000000000}","17131",2408,2,"kg",2.00,1000.00
"{00000000-0001-7000-8000-000000000000}","17132",2409,1,"g",1.00,1.00
"{00000000-0001-7000-8000-000000000000}","17132",2409,2,"kg",2.00,1000.00
"{00000000-0001-7000-8000-000000000000}","17133",2410,1,"g",1.00,1.00
"{00000000-0001-7000-8000-000000000000}","17133",2410,2,"kg",2.00,1000.00
"{00000000-0001-7000-8000-000000000000}","17134",2411,1,"g",1.00,1.00
"{00000000-0001-7000-8000-000000000000}","17134",2411,2,"kg",2.00,1000.00
"{00000000-0001-7000-8000-000000000000}","17135",2412,1,"g",1.00,1.00
"{00000000-0001-7000-8000-000000000000}","17135",2412,2,"kg",2.00,1000.00
"{00000000-0001-7000-8000-000000000000}","17136",2413,1,"g",1.00,1.00
"{00000000-0001-7000-8000-000000000000}","17136",2413,2,"kg",2.00,1000.00
"{00000000-0001-7000-8000-000000000000}","17137",2414,1,"g",1.00,1.00
"{00000000-0001-7000-8000-000000000000}","17137",2414,2,"kg",2.00,1000.00
"{00000000-0001-7000-8000-000000000000}","17138",2415,1,"g",1.00,1.00
"{00000000-0001-7000-8000-000000000000}","17138",2415,2,"kg",2.00,1000.00
"{00000000-0001-7000-8000-000000000000}","17139",2416,1,"g",1.00,1.00
"{00000000-0001-7000-8000-000000000000}","17139",2416,2,"kg",2.00,1000.00
"{00000000-0001-7000-8000-000000000000}","17140",2417,1,"g",1.00,1.00
"{00000000-0001-7000-8000-000000000000}","17140",2417,2,"kg",2.00,1000.00
"{00000000-0001-7000-8000-000000000000}","17141",2418,1,"g",1.00,1.00
"{00000000-0001-7000-8000-000000000000}","17141",2418,2,"kg",2.00,1000.00
"{00000000-0001-7000-8000-000000000000}","17142",2419,1,"g",1.00,1.00
"{00000000-0001-7000-8000-000000000000}","17142",2419,2,"kg",2.00,1000.00
"{00000000-0001-7000-8000-000000000000}","17143",2420,1,"g",1.00,1.00
"{00000000-0001-7000-8000-000000000000}","17143",2420,2,"kg",2.00,1000.00
"{00000000-0001-7000-8000-000000000000}","17144",2421,1,"g",1.00,1.00
"{00000000-0001-7000-8000-000000000000}","17144",2421,2,"kg",2.00,1000.00
"{00000000-0001-7000-8000-000000000000}","17145",2422,1,"g",1.00,1.00
"{00000000-0001-7000-8000-000000000000}","17145",2422,2,"kg",2.00,1000.00
"{00000000-0001-7000-8000-000000000000}","17146",2423,1,"g",1.00,1.00
"{00000000-0001-7000-8000-000000000000}","17146",2423,2,"kg",2.00,1000.00
"{00000000-0001-7000-8000-000000000000}","17147",2424,1,"g",1.00,1.00
"{00000000-0001-7000-8000-000000000000}","17147",2424,2,"kg",2.00,1000.00
"{00000000-0001-7000-8000-000000000000}","17148",2425,1,"g",1.00,1.00
"{00000000-0001-7000-8000-000000000000}","17148",2425,2,"kg",2.00,1000.00
"{00000000-0001-7000-8000-000000000000}","17149",2426,1,"g",1.00,1.00
"{00000000-0001-7000-8000-000000000000}","17149",2426,2,"kg",2.00,1000.00
"{00000000-0001-7000-8000-000000000000}","18001",2427,1,"g",1.00,1.00
"{00000000-0001-7000-8000-000000000000}","18001",2427,2,"kg",2.00,1000.00
"{00000000-0001-7000-8000-000000000000}","18002",2428,1,"g",1.00,1.00
"{00000000-0001-7000-8000-000000000000}","18002",2428,2,"kg",2.00,1000.00
"{00000000-0001-7000-8000-000000000000}","18003",2429,1,"g",1.00,1.00
"{00000000-0001-7000-8000-000000000000}","18003",2429,2,"kg",2.00,1000.00
"{00000000-0001-7000-8000-000000000000}","18004",2430,1,"g",1.00,1.00
"{00000000-0001-7000-8000-000000000000}","18004",2430,2,"kg",2.00,1000.00
"{00000000-0001-7000-8000-000000000000}","18005",2431,1,"g",1.00,1.00
"{00000000-0001-7000-8000-000000000000}","18005",2431,2,"kg",2.00,1000.00
"{00000000-0001-7000-8000-000000000000}","18006",2432,1,"g",1.00,1.00
"{00000000-0001-7000-8000-000000000000}","18006",2432,2,"kg",2.00,1000.00
"{00000000-0001-7000-8000-000000000000}","18007",2433,1,"g",1.00,1.00
"{00000000-0001-7000-8000-000000000000}","18007",2433,2,"kg",2.00,1000.00
"{00000000-0001-7000-8000-000000000000}","18008",2434,1,"g",1.00,1.00
"{00000000-0001-7000-8000-000000000000}","18008",2434,2,"kg",2.00,1000.00
"{00000000-0001-7000-8000-000000000000}","18009",2435,1,"g",1.00,1.00
"{00000000-0001-7000-8000-000000000000}","18009",2435,2,"kg",2.00,1000.00
"{00000000-0001-7000-8000-000000000000}","18010",2436,1,"g",1.00,1.00
"{00000000-0001-7000-8000-000000000000}","18010",2436,2,"kg",2.00,1000.00
"{00000000-0001-7000-8000-000000000000}","18011",2437,1,"g",1.00,1.00
"{00000000-0001-7000-8000-000000000000}","18011",2437,2,"kg",2.00,1000.00
"{00000000-0001-7000-8000-000000000000}","18012",2438,1,"g",1.00,1.00
"{00000000-0001-7000-8000-000000000000}","18012",2438,2,"kg",2.00,1000.00
"{00000000-0001-7000-8000-000000000000}","18014",2439,1,"g",1.00,1.00
"{00000000-0001-7000-8000-000000000000}","18014",2439,2,"kg",2.00,1000.00
"{00000000-0001-7000-8000-000000000000}","18015",2440,1,"g",1.00,1.00
"{00000000-0001-7000-8000-000000000000}","18015",2440,2,"kg",2.00,1000.00
"{00000000-0001-7000-8000-000000000000}","18016",2441,1,"g",1.00,1.00
"{00000000-0001-7000-8000-000000000000}","18016",2441,2,"kg",2.00,1000.00
"{00000000-0001-7000-8000-000000000000}","18018",2442,1,"g",1.00,1.00
"{00000000-0001-7000-8000-000000000000}","18018",2442,2,"kg",2.00,1000.00
"{00000000-0001-7000-8000-000000000000}","18019",2443,1,"g",1.00,1.00
"{00000000-0001-7000-8000-000000000000}","18019",2443,2,"kg",2.00,1000.00
"{00000000-0001-7000-8000-000000000000}","18020",2444,1,"g",1.00,1.00
"{00000000-0001-7000-8000-000000000000}","18020",2444,2,"kg",2.00,1000.00
"{00000000-0001-7000-8000-000000000000}","18021",2445,1,"g",1.00,1.00
"{00000000-0001-7000-8000-000000000000}","18021",2445,2,"kg",2.00,1000.00
"{00000000-0001-7000-8000-000000000000}","18022",2446,1,"g",1.00,1.00
"{00000000-0001-7000-8000-000000000000}","18022",2446,2,"kg",2.00,1000.00
"{00000000-0001-7000-8000-000000000000}","18023",2447,1,"g",1.00,1.00
"{00000000-0001-7000-8000-000000000000}","18023",2447,2,"kg",2.00,1000.00
"{00000000-0001-7000-8000-000000000000}","18024",2448,1,"g",1.00,1.00
"{00000000-0001-7000-8000-000000000000}","18024",2448,2,"kg",2.00,1000.00
"{00000000-0001-7000-8000-000000000000}","18025",2449,1,"g",1.00,1.00
"{00000000-0001-7000-8000-000000000000}","18025",2449,2,"kg",2.00,1000.00
"{00000000-0001-7000-8000-000000000000}","18026",2450,1,"g",1.00,1.00
"{00000000-0001-7000-8000-000000000000}","18026",2450,2,"kg",2.00,1000.00
"{00000000-0001-7000-8000-000000000000}","18027",2451,1,"g",1.00,1.00
"{00000000-0001-7000-8000-000000000000}","18027",2451,2,"kg",2.00,1000.00
"{00000000-0001-7000-8000-000000000000}","18028",2452,1,"g",1.00,1.00
"{00000000-0001-7000-8000-000000000000}","18028",2452,2,"kg",2.00,1000.00
"{00000000-0001-7000-8000-000000000000}","18029",2453,1,"g",1.00,1.00
"{00000000-0001-7000-8000-000000000000}","18029",2453,2,"kg",2.00,1000.00
"{00000000-0001-7000-8000-000000000000}","18030",2454,1,"g",1.00,1.00
"{00000000-0001-7000-8000-000000000000}","18030",2454,2,"kg",2.00,1000.00
"{00000000-0001-7000-8000-000000000000}","18031",2455,1,"g",1.00,1.00
"{00000000-0001-7000-8000-000000000000}","18031",2455,2,"kg",2.00,1000.00
"{00000000-0001-7000-8000-000000000000}","18032",2456,1,"g",1.00,1.00
"{00000000-0001-7000-8000-000000000000}","18032",2456,2,"kg",2.00,1000.00
"{00000000-0001-7000-8000-000000000000}","18033",2457,1,"g",1.00,1.00
"{00000000-0001-7000-8000-000000000000}","18033",2457,2,"kg",2.00,1000.00
"{00000000-0001-7000-8000-000000000000}","18034",2458,1,"g",1.00,1.00
"{00000000-0001-7000-8000-000000000000}","18034",2458,2,"kg",2.00,1000.00
"{00000000-0001-7000-8000-000000000000}","18035",2459,1,"g",1.00,1.00
"{00000000-0001-7000-8000-000000000000}","18035",2459,2,"kg",2.00,1000.00
"{00000000-0001-7000-8000-000000000000}","18036",2460,1,"g",1.00,1.00
"{00000000-0001-7000-8000-000000000000}","18036",2460,2,"kg",2.00,1000.00
"{00000000-0001-7000-8000-000000000000}","18037",2461,1,"g",1.00,1.00
"{00000000-0001-7000-8000-000000000000}","18037",2461,2,"kg",2.00,1000.00
"{00000000-0001-7000-8000-000000000000}","18038",2462,1,"g",1.00,1.00
"{00000000-0001-7000-8000-000000000000}","18038",2462,2,"kg",2.00,1000.00
"{00000000-0001-7000-8000-000000000000}","18039",2463,1,"g",1.00,1.00
"{00000000-0001-7000-8000-000000000000}","18039",2463,2,"kg",2.00,1000.00
"{00000000-0001-7000-8000-000000000000}","18040",2464,1,"g",1.00,1.00
"{00000000-0001-7000-8000-000000000000}","18040",2464,2,"kg",2.00,1000.00
"{00000000-0001-7000-8000-000000000000}","18041",2465,1,"g",1.00,1.00
"{00000000-0001-7000-8000-000000000000}","18041",2465,2,"kg",2.00,1000.00
"{00000000-0001-7000-8000-000000000000}","18042",2466,1,"g",1.00,1.00
"{00000000-0001-7000-8000-000000000000}","18042",2466,2,"kg",2.00,1000.00
"{00000000-0001-7000-8000-000000000000}","18043",2467,1,"g",1.00,1.00
"{00000000-0001-7000-8000-000000000000}","18043",2467,2,"kg",2.00,1000.00
"{00000000-0001-7000-8000-000000000000}","18044",2468,1,"g",1.00,1.00
"{00000000-0001-7000-8000-000000000000}","18044",2468,2,"kg",2.00,1000.00
"{00000000-0001-7000-8000-000000000000}","18045",2469,1,"g",1.00,1.00
"{00000000-0001-7000-8000-000000000000}","18045",2469,2,"kg",2.00,1000.00
"{00000000-0001-7000-8000-000000000000}","18046",2470,1,"g",1.00,1.00
"{00000000-0001-7000-8000-000000000000}","18046",2470,2,"kg",2.00,1000.00
"{00000000-0001-7000-8000-000000000000}","18047",2471,1,"g",1.00,1.00
"{00000000-0001-7000-8000-000000000000}","18047",2471,2,"kg",2.00,1000.00
"{00000000-0001-7000-8000-000000000000}","18048",2472,1,"g",1.00,1.00
"{00000000-0001-7000-8000-000000000000}","18048",2472,2,"kg",2.00,1000.00
"{00000000-0001-7000-8000-000000000000}","18049",2473,1,"g",1.00,1.00
"{00000000-0001-7000-8000-000000000000}","18049",2473,2,"kg",2.00,1000.00
"{00000000-0001-7000-8000-000000000000}","18050",2474,1,"g",1.00,1.00
"{00000000-0001-7000-8000-000000000000}","18050",2474,2,"kg",2.00,1000.00
"{00000000-0001-7000-8000-000000000000}","18051",2475,1,"g",1.00,1.00
"{00000000-0001-7000-8000-000000000000}","18051",2475,2,"kg",2.00,1000.00
"{00000000-0001-7000-8000-000000000000}","18052",2476,1,"g",1.00,1.00
"{00000000-0001-7000-8000-000000000000}","18052",2476,2,"kg",2.00,1000.00
"{00000000-0001-7000-8000-000000000000}","08001",2477,1,"g",1.00,1.00
"{00000000-0001-7000-8000-000000000000}","08001",2477,2,"kg",2.00,1000.00
"{00000000-0001-7000-8000-000000000000}","08002",2478,1,"g",1.00,1.00
"{00000000-0001-7000-8000-000000000000}","08002",2478,2,"kg",2.00,1000.00
